==33== Memcheck, a memory error detector
==33== Copyright (C) 2002-2024, and GNU GPL'd, by Julian Seward et al.
==33== Using Valgrind-3.26.0 and LibVEX; rerun with -h for copyright info
==33== Command: qore -b --enable-debug -l /fixture/module-odbc/build-debug/odbc-api-2.0.qmod /fixture/odbc-numeric-lifetimes.qr 1
==33== Parent PID: 12
==33== 
==33== 
==33== FILE DESCRIPTORS: 3 open (3 inherited) at exit.
==33== 
==33== HEAP SUMMARY:
==33==     in use at exit: 531,981 bytes in 8,275 blocks
==33==   total heap usage: 106,182 allocs, 97,907 frees, 9,573,808 bytes allocated
==33== 
==33== 1 bytes in 1 blocks are indirectly lost in loss record 2 of 3,193
==33==    at 0x488087E: malloc (vg_replace_malloc.c:447)
==33==    by 0x5D6DF0E: strdup (in /usr/lib64/libc.so.6)
==33==    by 0xF438070: ??? (in /usr/lib64/libodbc.so.2.0.0)
==33==    by 0xF440C34: ??? (in /usr/lib64/libodbc.so.2.0.0)
==33==    by 0xF4051E2: SQLDriverConnect (in /usr/lib64/libodbc.so.2.0.0)
==33==    by 0xF37DFC9: odbc::ODBCConnection::connect(ExceptionSink*) (ODBCConnection.cpp:188)
==33==    by 0xF37DA19: odbc::ODBCConnection::ODBCConnection(Datasource*, ExceptionSink*) (ODBCConnection.cpp:71)
==33==    by 0xF37B9CC: odbc_open(Datasource*, ExceptionSink*) (odbc-module.cpp:94)
==33==    by 0x4DA8C2F: Datasource::open(ExceptionSink*) (in /usr/lib64/libqore.so.20.0.0)
==33==    by 0x4F2D0A4: ??? (in /usr/lib64/libqore.so.20.0.0)
==33==    by 0x4C3DDD1: ??? (in /usr/lib64/libqore.so.20.0.0)
==33==    by 0x4C47C6B: ??? (in /usr/lib64/libqore.so.20.0.0)
==33== 
==33== 1 bytes in 1 blocks are indirectly lost in loss record 3 of 3,193
==33==    at 0x488087E: malloc (vg_replace_malloc.c:447)
==33==    by 0x5D6DF0E: strdup (in /usr/lib64/libc.so.6)
==33==    by 0xF43802A: ??? (in /usr/lib64/libodbc.so.2.0.0)
==33==    by 0xF440C34: ??? (in /usr/lib64/libodbc.so.2.0.0)
==33==    by 0xF4051E2: SQLDriverConnect (in /usr/lib64/libodbc.so.2.0.0)
==33==    by 0xF37DFC9: odbc::ODBCConnection::connect(ExceptionSink*) (ODBCConnection.cpp:188)
==33==    by 0xF37DA19: odbc::ODBCConnection::ODBCConnection(Datasource*, ExceptionSink*) (ODBCConnection.cpp:71)
==33==    by 0xF37B9CC: odbc_open(Datasource*, ExceptionSink*) (odbc-module.cpp:94)
==33==    by 0x4DA8C2F: Datasource::open(ExceptionSink*) (in /usr/lib64/libqore.so.20.0.0)
==33==    by 0x4F2D0A4: ??? (in /usr/lib64/libqore.so.20.0.0)
==33==    by 0x4C3DDD1: ??? (in /usr/lib64/libqore.so.20.0.0)
==33==    by 0x4C47C6B: ??? (in /usr/lib64/libqore.so.20.0.0)
==33== 
==33== 1 bytes in 1 blocks are indirectly lost in loss record 4 of 3,193
==33==    at 0x488087E: malloc (vg_replace_malloc.c:447)
==33==    by 0x5D6DF0E: strdup (in /usr/lib64/libc.so.6)
==33==    by 0xF438070: ??? (in /usr/lib64/libodbc.so.2.0.0)
==33==    by 0xF440C34: ??? (in /usr/lib64/libodbc.so.2.0.0)
==33==    by 0xF405FDE: SQLDriverConnect (in /usr/lib64/libodbc.so.2.0.0)
==33==    by 0xF37DFC9: odbc::ODBCConnection::connect(ExceptionSink*) (ODBCConnection.cpp:188)
==33==    by 0xF37DA19: odbc::ODBCConnection::ODBCConnection(Datasource*, ExceptionSink*) (ODBCConnection.cpp:71)
==33==    by 0xF37B9CC: odbc_open(Datasource*, ExceptionSink*) (odbc-module.cpp:94)
==33==    by 0x4DA8C2F: Datasource::open(ExceptionSink*) (in /usr/lib64/libqore.so.20.0.0)
==33==    by 0x4F2D0A4: ??? (in /usr/lib64/libqore.so.20.0.0)
==33==    by 0x4C3DDD1: ??? (in /usr/lib64/libqore.so.20.0.0)
==33==    by 0x4C47C6B: ??? (in /usr/lib64/libqore.so.20.0.0)
==33== 
==33== 1 bytes in 1 blocks are indirectly lost in loss record 5 of 3,193
==33==    at 0x488087E: malloc (vg_replace_malloc.c:447)
==33==    by 0x5D6DF0E: strdup (in /usr/lib64/libc.so.6)
==33==    by 0xF43802A: ??? (in /usr/lib64/libodbc.so.2.0.0)
==33==    by 0xF440C34: ??? (in /usr/lib64/libodbc.so.2.0.0)
==33==    by 0xF405FDE: SQLDriverConnect (in /usr/lib64/libodbc.so.2.0.0)
==33==    by 0xF37DFC9: odbc::ODBCConnection::connect(ExceptionSink*) (ODBCConnection.cpp:188)
==33==    by 0xF37DA19: odbc::ODBCConnection::ODBCConnection(Datasource*, ExceptionSink*) (ODBCConnection.cpp:71)
==33==    by 0xF37B9CC: odbc_open(Datasource*, ExceptionSink*) (odbc-module.cpp:94)
==33==    by 0x4DA8C2F: Datasource::open(ExceptionSink*) (in /usr/lib64/libqore.so.20.0.0)
==33==    by 0x4F2D0A4: ??? (in /usr/lib64/libqore.so.20.0.0)
==33==    by 0x4C3DDD1: ??? (in /usr/lib64/libqore.so.20.0.0)
==33==    by 0x4C47C6B: ??? (in /usr/lib64/libqore.so.20.0.0)
==33== 
==33== 1 bytes in 1 blocks are indirectly lost in loss record 6 of 3,193
==33==    at 0x488087E: malloc (vg_replace_malloc.c:447)
==33==    by 0x5D6DF0E: strdup (in /usr/lib64/libc.so.6)
==33==    by 0xF438070: ??? (in /usr/lib64/libodbc.so.2.0.0)
==33==    by 0xF440C34: ??? (in /usr/lib64/libodbc.so.2.0.0)
==33==    by 0xF3FC2BC: ??? (in /usr/lib64/libodbc.so.2.0.0)
==33==    by 0xF405215: SQLDriverConnect (in /usr/lib64/libodbc.so.2.0.0)
==33==    by 0xF37DFC9: odbc::ODBCConnection::connect(ExceptionSink*) (ODBCConnection.cpp:188)
==33==    by 0xF37DA19: odbc::ODBCConnection::ODBCConnection(Datasource*, ExceptionSink*) (ODBCConnection.cpp:71)
==33==    by 0xF37B9CC: odbc_open(Datasource*, ExceptionSink*) (odbc-module.cpp:94)
==33==    by 0x4DA8C2F: Datasource::open(ExceptionSink*) (in /usr/lib64/libqore.so.20.0.0)
==33==    by 0x4F2D0A4: ??? (in /usr/lib64/libqore.so.20.0.0)
==33==    by 0x4C3DDD1: ??? (in /usr/lib64/libqore.so.20.0.0)
==33== 
==33== 1 bytes in 1 blocks are indirectly lost in loss record 7 of 3,193
==33==    at 0x488087E: malloc (vg_replace_malloc.c:447)
==33==    by 0x5D6DF0E: strdup (in /usr/lib64/libc.so.6)
==33==    by 0xF43802A: ??? (in /usr/lib64/libodbc.so.2.0.0)
==33==    by 0xF440C34: ??? (in /usr/lib64/libodbc.so.2.0.0)
==33==    by 0xF3FC2BC: ??? (in /usr/lib64/libodbc.so.2.0.0)
==33==    by 0xF405215: SQLDriverConnect (in /usr/lib64/libodbc.so.2.0.0)
==33==    by 0xF37DFC9: odbc::ODBCConnection::connect(ExceptionSink*) (ODBCConnection.cpp:188)
==33==    by 0xF37DA19: odbc::ODBCConnection::ODBCConnection(Datasource*, ExceptionSink*) (ODBCConnection.cpp:71)
==33==    by 0xF37B9CC: odbc_open(Datasource*, ExceptionSink*) (odbc-module.cpp:94)
==33==    by 0x4DA8C2F: Datasource::open(ExceptionSink*) (in /usr/lib64/libqore.so.20.0.0)
==33==    by 0x4F2D0A4: ??? (in /usr/lib64/libqore.so.20.0.0)
==33==    by 0x4C3DDD1: ??? (in /usr/lib64/libqore.so.20.0.0)
==33== 
==33== 1 bytes in 1 blocks are indirectly lost in loss record 8 of 3,193
==33==    at 0x488087E: malloc (vg_replace_malloc.c:447)
==33==    by 0x5D6DF0E: strdup (in /usr/lib64/libc.so.6)
==33==    by 0xF438070: ??? (in /usr/lib64/libodbc.so.2.0.0)
==33==    by 0xF440C34: ??? (in /usr/lib64/libodbc.so.2.0.0)
==33==    by 0xF3F7BF7: ??? (in /usr/lib64/libodbc.so.2.0.0)
==33==    by 0xF40528F: SQLDriverConnect (in /usr/lib64/libodbc.so.2.0.0)
==33==    by 0xF37DFC9: odbc::ODBCConnection::connect(ExceptionSink*) (ODBCConnection.cpp:188)
==33==    by 0xF37DA19: odbc::ODBCConnection::ODBCConnection(Datasource*, ExceptionSink*) (ODBCConnection.cpp:71)
==33==    by 0xF37B9CC: odbc_open(Datasource*, ExceptionSink*) (odbc-module.cpp:94)
==33==    by 0x4DA8C2F: Datasource::open(ExceptionSink*) (in /usr/lib64/libqore.so.20.0.0)
==33==    by 0x4F2D0A4: ??? (in /usr/lib64/libqore.so.20.0.0)
==33==    by 0x4C3DDD1: ??? (in /usr/lib64/libqore.so.20.0.0)
==33== 
==33== 1 bytes in 1 blocks are indirectly lost in loss record 9 of 3,193
==33==    at 0x488087E: malloc (vg_replace_malloc.c:447)
==33==    by 0x5D6DF0E: strdup (in /usr/lib64/libc.so.6)
==33==    by 0xF43802A: ??? (in /usr/lib64/libodbc.so.2.0.0)
==33==    by 0xF440C34: ??? (in /usr/lib64/libodbc.so.2.0.0)
==33==    by 0xF3F7BF7: ??? (in /usr/lib64/libodbc.so.2.0.0)
==33==    by 0xF40528F: SQLDriverConnect (in /usr/lib64/libodbc.so.2.0.0)
==33==    by 0xF37DFC9: odbc::ODBCConnection::connect(ExceptionSink*) (ODBCConnection.cpp:188)
==33==    by 0xF37DA19: odbc::ODBCConnection::ODBCConnection(Datasource*, ExceptionSink*) (ODBCConnection.cpp:71)
==33==    by 0xF37B9CC: odbc_open(Datasource*, ExceptionSink*) (odbc-module.cpp:94)
==33==    by 0x4DA8C2F: Datasource::open(ExceptionSink*) (in /usr/lib64/libqore.so.20.0.0)
==33==    by 0x4F2D0A4: ??? (in /usr/lib64/libqore.so.20.0.0)
==33==    by 0x4C3DDD1: ??? (in /usr/lib64/libqore.so.20.0.0)
==33== 
==33== 1 bytes in 1 blocks are indirectly lost in loss record 10 of 3,193
==33==    at 0x488087E: malloc (vg_replace_malloc.c:447)
==33==    by 0x5D6DF0E: strdup (in /usr/lib64/libc.so.6)
==33==    by 0xF55582C: ??? (in /usr/lib64/libodbcinst.so.2.0.0)
==33==    by 0xF55B2A6: SQLGetPrivateProfileString (in /usr/lib64/libodbcinst.so.2.0.0)
==33==    by 0xF4B0D5D: ??? (in /usr/lib64/psqlodbcw.so)
==33==    by 0xF46AEE2: ??? (in /usr/lib64/psqlodbcw.so)
==33==    by 0x4042656: call_init (dl-init.c:74)
==33==    by 0x4042656: call_init (dl-init.c:26)
==33==    by 0x404274C: _dl_init (dl-init.c:121)
==33==    by 0x403E5C1: _dl_catch_exception (dl-catch.c:211)
==33==    by 0x40497BC: dl_open_worker (dl-open.c:827)
==33==    by 0x403E522: _dl_catch_exception (dl-catch.c:237)
==33==    by 0x4049BE1: _dl_open (dl-open.c:903)
==33== 
==33== 1 bytes in 1 blocks are indirectly lost in loss record 11 of 3,193
==33==    at 0x488087E: malloc (vg_replace_malloc.c:447)
==33==    by 0x5D6DF0E: strdup (in /usr/lib64/libc.so.6)
==33==    by 0xF5557E8: ??? (in /usr/lib64/libodbcinst.so.2.0.0)
==33==    by 0xF55B2A6: SQLGetPrivateProfileString (in /usr/lib64/libodbcinst.so.2.0.0)
==33==    by 0xF4B0D5D: ??? (in /usr/lib64/psqlodbcw.so)
==33==    by 0xF46AEE2: ??? (in /usr/lib64/psqlodbcw.so)
==33==    by 0x4042656: call_init (dl-init.c:74)
==33==    by 0x4042656: call_init (dl-init.c:26)
==33==    by 0x404274C: _dl_init (dl-init.c:121)
==33==    by 0x403E5C1: _dl_catch_exception (dl-catch.c:211)
==33==    by 0x40497BC: dl_open_worker (dl-open.c:827)
==33==    by 0x403E522: _dl_catch_exception (dl-catch.c:237)
==33==    by 0x4049BE1: _dl_open (dl-open.c:903)
==33== 
==33== 1 bytes in 1 blocks are indirectly lost in loss record 12 of 3,193
==33==    at 0x488087E: malloc (vg_replace_malloc.c:447)
==33==    by 0x5D6DF0E: strdup (in /usr/lib64/libc.so.6)
==33==    by 0xF55582C: ??? (in /usr/lib64/libodbcinst.so.2.0.0)
==33==    by 0xF55B2A6: SQLGetPrivateProfileString (in /usr/lib64/libodbcinst.so.2.0.0)
==33==    by 0xF4A8AB3: ??? (in /usr/lib64/psqlodbcw.so)
==33==    by 0xF4AD326: ??? (in /usr/lib64/psqlodbcw.so)
==33==    by 0xF4B0D8D: ??? (in /usr/lib64/psqlodbcw.so)
==33==    by 0xF46AEE2: ??? (in /usr/lib64/psqlodbcw.so)
==33==    by 0x4042656: call_init (dl-init.c:74)
==33==    by 0x4042656: call_init (dl-init.c:26)
==33==    by 0x404274C: _dl_init (dl-init.c:121)
==33==    by 0x403E5C1: _dl_catch_exception (dl-catch.c:211)
==33==    by 0x40497BC: dl_open_worker (dl-open.c:827)
==33== 
==33== 1 bytes in 1 blocks are indirectly lost in loss record 13 of 3,193
==33==    at 0x488087E: malloc (vg_replace_malloc.c:447)
==33==    by 0x5D6DF0E: strdup (in /usr/lib64/libc.so.6)
==33==    by 0xF5557E8: ??? (in /usr/lib64/libodbcinst.so.2.0.0)
==33==    by 0xF55B2A6: SQLGetPrivateProfileString (in /usr/lib64/libodbcinst.so.2.0.0)
==33==    by 0xF4A8AB3: ??? (in /usr/lib64/psqlodbcw.so)
==33==    by 0xF4AD326: ??? (in /usr/lib64/psqlodbcw.so)
==33==    by 0xF4B0D8D: ??? (in /usr/lib64/psqlodbcw.so)
==33==    by 0xF46AEE2: ??? (in /usr/lib64/psqlodbcw.so)
==33==    by 0x4042656: call_init (dl-init.c:74)
==33==    by 0x4042656: call_init (dl-init.c:26)
==33==    by 0x404274C: _dl_init (dl-init.c:121)
==33==    by 0x403E5C1: _dl_catch_exception (dl-catch.c:211)
==33==    by 0x40497BC: dl_open_worker (dl-open.c:827)
==33== 
==33== 1 bytes in 1 blocks are indirectly lost in loss record 14 of 3,193
==33==    at 0x488087E: malloc (vg_replace_malloc.c:447)
==33==    by 0x5D6DF0E: strdup (in /usr/lib64/libc.so.6)
==33==    by 0xF55582C: ??? (in /usr/lib64/libodbcinst.so.2.0.0)
==33==    by 0xF55B2A6: SQLGetPrivateProfileString (in /usr/lib64/libodbcinst.so.2.0.0)
==33==    by 0xF4A8B43: ??? (in /usr/lib64/psqlodbcw.so)
==33==    by 0xF4AD34E: ??? (in /usr/lib64/psqlodbcw.so)
==33==    by 0xF4B0D8D: ??? (in /usr/lib64/psqlodbcw.so)
==33==    by 0xF46AEE2: ??? (in /usr/lib64/psqlodbcw.so)
==33==    by 0x4042656: call_init (dl-init.c:74)
==33==    by 0x4042656: call_init (dl-init.c:26)
==33==    by 0x404274C: _dl_init (dl-init.c:121)
==33==    by 0x403E5C1: _dl_catch_exception (dl-catch.c:211)
==33==    by 0x40497BC: dl_open_worker (dl-open.c:827)
==33== 
==33== 1 bytes in 1 blocks are indirectly lost in loss record 15 of 3,193
==33==    at 0x488087E: malloc (vg_replace_malloc.c:447)
==33==    by 0x5D6DF0E: strdup (in /usr/lib64/libc.so.6)
==33==    by 0xF5557E8: ??? (in /usr/lib64/libodbcinst.so.2.0.0)
==33==    by 0xF55B2A6: SQLGetPrivateProfileString (in /usr/lib64/libodbcinst.so.2.0.0)
==33==    by 0xF4A8B43: ??? (in /usr/lib64/psqlodbcw.so)
==33==    by 0xF4AD34E: ??? (in /usr/lib64/psqlodbcw.so)
==33==    by 0xF4B0D8D: ??? (in /usr/lib64/psqlodbcw.so)
==33==    by 0xF46AEE2: ??? (in /usr/lib64/psqlodbcw.so)
==33==    by 0x4042656: call_init (dl-init.c:74)
==33==    by 0x4042656: call_init (dl-init.c:26)
==33==    by 0x404274C: _dl_init (dl-init.c:121)
==33==    by 0x403E5C1: _dl_catch_exception (dl-catch.c:211)
==33==    by 0x40497BC: dl_open_worker (dl-open.c:827)
==33== 
==33== 1 bytes in 1 blocks are indirectly lost in loss record 16 of 3,193
==33==    at 0x488087E: malloc (vg_replace_malloc.c:447)
==33==    by 0x5D6DF0E: strdup (in /usr/lib64/libc.so.6)
==33==    by 0xF55582C: ??? (in /usr/lib64/libodbcinst.so.2.0.0)
==33==    by 0xF55B2A6: SQLGetPrivateProfileString (in /usr/lib64/libodbcinst.so.2.0.0)
==33==    by 0xF4A1353: ??? (in /usr/lib64/psqlodbcw.so)
==33==    by 0xF4B7287: ??? (in /usr/lib64/psqlodbcw.so)
==33==    by 0xF4CA501: ??? (in /usr/lib64/psqlodbcw.so)
==33==    by 0xF4A427D: SQLDriverConnect (in /usr/lib64/psqlodbcw.so)
==33==    by 0xF4052FB: SQLDriverConnect (in /usr/lib64/libodbc.so.2.0.0)
==33==    by 0xF37DFC9: odbc::ODBCConnection::connect(ExceptionSink*) (ODBCConnection.cpp:188)
==33==    by 0xF37DA19: odbc::ODBCConnection::ODBCConnection(Datasource*, ExceptionSink*) (ODBCConnection.cpp:71)
==33==    by 0xF37B9CC: odbc_open(Datasource*, ExceptionSink*) (odbc-module.cpp:94)
==33== 
==33== 1 bytes in 1 blocks are indirectly lost in loss record 17 of 3,193
==33==    at 0x488087E: malloc (vg_replace_malloc.c:447)
==33==    by 0x5D6DF0E: strdup (in /usr/lib64/libc.so.6)
==33==    by 0xF5557E8: ??? (in /usr/lib64/libodbcinst.so.2.0.0)
==33==    by 0xF55B2A6: SQLGetPrivateProfileString (in /usr/lib64/libodbcinst.so.2.0.0)
==33==    by 0xF4A1353: ??? (in /usr/lib64/psqlodbcw.so)
==33==    by 0xF4B7287: ??? (in /usr/lib64/psqlodbcw.so)
==33==    by 0xF4CA501: ??? (in /usr/lib64/psqlodbcw.so)
==33==    by 0xF4A427D: SQLDriverConnect (in /usr/lib64/psqlodbcw.so)
==33==    by 0xF4052FB: SQLDriverConnect (in /usr/lib64/libodbc.so.2.0.0)
==33==    by 0xF37DFC9: odbc::ODBCConnection::connect(ExceptionSink*) (ODBCConnection.cpp:188)
==33==    by 0xF37DA19: odbc::ODBCConnection::ODBCConnection(Datasource*, ExceptionSink*) (ODBCConnection.cpp:71)
==33==    by 0xF37B9CC: odbc_open(Datasource*, ExceptionSink*) (odbc-module.cpp:94)
==33== 
==33== 1 bytes in 1 blocks are indirectly lost in loss record 18 of 3,193
==33==    at 0x488087E: malloc (vg_replace_malloc.c:447)
==33==    by 0x5D6DF0E: strdup (in /usr/lib64/libc.so.6)
==33==    by 0xF55582C: ??? (in /usr/lib64/libodbcinst.so.2.0.0)
==33==    by 0xF55B2A6: SQLGetPrivateProfileString (in /usr/lib64/libodbcinst.so.2.0.0)
==33==    by 0xF4A1379: ??? (in /usr/lib64/psqlodbcw.so)
==33==    by 0xF4B7287: ??? (in /usr/lib64/psqlodbcw.so)
==33==    by 0xF4CA501: ??? (in /usr/lib64/psqlodbcw.so)
==33==    by 0xF4A427D: SQLDriverConnect (in /usr/lib64/psqlodbcw.so)
==33==    by 0xF4052FB: SQLDriverConnect (in /usr/lib64/libodbc.so.2.0.0)
==33==    by 0xF37DFC9: odbc::ODBCConnection::connect(ExceptionSink*) (ODBCConnection.cpp:188)
==33==    by 0xF37DA19: odbc::ODBCConnection::ODBCConnection(Datasource*, ExceptionSink*) (ODBCConnection.cpp:71)
==33==    by 0xF37B9CC: odbc_open(Datasource*, ExceptionSink*) (odbc-module.cpp:94)
==33== 
==33== 1 bytes in 1 blocks are indirectly lost in loss record 19 of 3,193
==33==    at 0x488087E: malloc (vg_replace_malloc.c:447)
==33==    by 0x5D6DF0E: strdup (in /usr/lib64/libc.so.6)
==33==    by 0xF5557E8: ??? (in /usr/lib64/libodbcinst.so.2.0.0)
==33==    by 0xF55B2A6: SQLGetPrivateProfileString (in /usr/lib64/libodbcinst.so.2.0.0)
==33==    by 0xF4A1379: ??? (in /usr/lib64/psqlodbcw.so)
==33==    by 0xF4B7287: ??? (in /usr/lib64/psqlodbcw.so)
==33==    by 0xF4CA501: ??? (in /usr/lib64/psqlodbcw.so)
==33==    by 0xF4A427D: SQLDriverConnect (in /usr/lib64/psqlodbcw.so)
==33==    by 0xF4052FB: SQLDriverConnect (in /usr/lib64/libodbc.so.2.0.0)
==33==    by 0xF37DFC9: odbc::ODBCConnection::connect(ExceptionSink*) (ODBCConnection.cpp:188)
==33==    by 0xF37DA19: odbc::ODBCConnection::ODBCConnection(Datasource*, ExceptionSink*) (ODBCConnection.cpp:71)
==33==    by 0xF37B9CC: odbc_open(Datasource*, ExceptionSink*) (odbc-module.cpp:94)
==33== 
==33== 1 bytes in 1 blocks are indirectly lost in loss record 20 of 3,193
==33==    at 0x488087E: malloc (vg_replace_malloc.c:447)
==33==    by 0x5D6DF0E: strdup (in /usr/lib64/libc.so.6)
==33==    by 0xF55582C: ??? (in /usr/lib64/libodbcinst.so.2.0.0)
==33==    by 0xF55B2A6: SQLGetPrivateProfileString (in /usr/lib64/libodbcinst.so.2.0.0)
==33==    by 0xF4A13AE: ??? (in /usr/lib64/psqlodbcw.so)
==33==    by 0xF4B7287: ??? (in /usr/lib64/psqlodbcw.so)
==33==    by 0xF4CA501: ??? (in /usr/lib64/psqlodbcw.so)
==33==    by 0xF4A427D: SQLDriverConnect (in /usr/lib64/psqlodbcw.so)
==33==    by 0xF4052FB: SQLDriverConnect (in /usr/lib64/libodbc.so.2.0.0)
==33==    by 0xF37DFC9: odbc::ODBCConnection::connect(ExceptionSink*) (ODBCConnection.cpp:188)
==33==    by 0xF37DA19: odbc::ODBCConnection::ODBCConnection(Datasource*, ExceptionSink*) (ODBCConnection.cpp:71)
==33==    by 0xF37B9CC: odbc_open(Datasource*, ExceptionSink*) (odbc-module.cpp:94)
==33== 
==33== 1 bytes in 1 blocks are indirectly lost in loss record 21 of 3,193
==33==    at 0x488087E: malloc (vg_replace_malloc.c:447)
==33==    by 0x5D6DF0E: strdup (in /usr/lib64/libc.so.6)
==33==    by 0xF5557E8: ??? (in /usr/lib64/libodbcinst.so.2.0.0)
==33==    by 0xF55B2A6: SQLGetPrivateProfileString (in /usr/lib64/libodbcinst.so.2.0.0)
==33==    by 0xF4A13AE: ??? (in /usr/lib64/psqlodbcw.so)
==33==    by 0xF4B7287: ??? (in /usr/lib64/psqlodbcw.so)
==33==    by 0xF4CA501: ??? (in /usr/lib64/psqlodbcw.so)
==33==    by 0xF4A427D: SQLDriverConnect (in /usr/lib64/psqlodbcw.so)
==33==    by 0xF4052FB: SQLDriverConnect (in /usr/lib64/libodbc.so.2.0.0)
==33==    by 0xF37DFC9: odbc::ODBCConnection::connect(ExceptionSink*) (ODBCConnection.cpp:188)
==33==    by 0xF37DA19: odbc::ODBCConnection::ODBCConnection(Datasource*, ExceptionSink*) (ODBCConnection.cpp:71)
==33==    by 0xF37B9CC: odbc_open(Datasource*, ExceptionSink*) (odbc-module.cpp:94)
==33== 
==33== 1 bytes in 1 blocks are indirectly lost in loss record 22 of 3,193
==33==    at 0x488087E: malloc (vg_replace_malloc.c:447)
==33==    by 0x5D6DF0E: strdup (in /usr/lib64/libc.so.6)
==33==    by 0xF55582C: ??? (in /usr/lib64/libodbcinst.so.2.0.0)
==33==    by 0xF55B2A6: SQLGetPrivateProfileString (in /usr/lib64/libodbcinst.so.2.0.0)
==33==    by 0xF4A13E3: ??? (in /usr/lib64/psqlodbcw.so)
==33==    by 0xF4B7287: ??? (in /usr/lib64/psqlodbcw.so)
==33==    by 0xF4CA501: ??? (in /usr/lib64/psqlodbcw.so)
==33==    by 0xF4A427D: SQLDriverConnect (in /usr/lib64/psqlodbcw.so)
==33==    by 0xF4052FB: SQLDriverConnect (in /usr/lib64/libodbc.so.2.0.0)
==33==    by 0xF37DFC9: odbc::ODBCConnection::connect(ExceptionSink*) (ODBCConnection.cpp:188)
==33==    by 0xF37DA19: odbc::ODBCConnection::ODBCConnection(Datasource*, ExceptionSink*) (ODBCConnection.cpp:71)
==33==    by 0xF37B9CC: odbc_open(Datasource*, ExceptionSink*) (odbc-module.cpp:94)
==33== 
==33== 1 bytes in 1 blocks are indirectly lost in loss record 23 of 3,193
==33==    at 0x488087E: malloc (vg_replace_malloc.c:447)
==33==    by 0x5D6DF0E: strdup (in /usr/lib64/libc.so.6)
==33==    by 0xF5557E8: ??? (in /usr/lib64/libodbcinst.so.2.0.0)
==33==    by 0xF55B2A6: SQLGetPrivateProfileString (in /usr/lib64/libodbcinst.so.2.0.0)
==33==    by 0xF4A13E3: ??? (in /usr/lib64/psqlodbcw.so)
==33==    by 0xF4B7287: ??? (in /usr/lib64/psqlodbcw.so)
==33==    by 0xF4CA501: ??? (in /usr/lib64/psqlodbcw.so)
==33==    by 0xF4A427D: SQLDriverConnect (in /usr/lib64/psqlodbcw.so)
==33==    by 0xF4052FB: SQLDriverConnect (in /usr/lib64/libodbc.so.2.0.0)
==33==    by 0xF37DFC9: odbc::ODBCConnection::connect(ExceptionSink*) (ODBCConnection.cpp:188)
==33==    by 0xF37DA19: odbc::ODBCConnection::ODBCConnection(Datasource*, ExceptionSink*) (ODBCConnection.cpp:71)
==33==    by 0xF37B9CC: odbc_open(Datasource*, ExceptionSink*) (odbc-module.cpp:94)
==33== 
==33== 1 bytes in 1 blocks are indirectly lost in loss record 24 of 3,193
==33==    at 0x488087E: malloc (vg_replace_malloc.c:447)
==33==    by 0x5D6DF0E: strdup (in /usr/lib64/libc.so.6)
==33==    by 0xF55582C: ??? (in /usr/lib64/libodbcinst.so.2.0.0)
==33==    by 0xF55B2A6: SQLGetPrivateProfileString (in /usr/lib64/libodbcinst.so.2.0.0)
==33==    by 0xF4A1418: ??? (in /usr/lib64/psqlodbcw.so)
==33==    by 0xF4B7287: ??? (in /usr/lib64/psqlodbcw.so)
==33==    by 0xF4CA501: ??? (in /usr/lib64/psqlodbcw.so)
==33==    by 0xF4A427D: SQLDriverConnect (in /usr/lib64/psqlodbcw.so)
==33==    by 0xF4052FB: SQLDriverConnect (in /usr/lib64/libodbc.so.2.0.0)
==33==    by 0xF37DFC9: odbc::ODBCConnection::connect(ExceptionSink*) (ODBCConnection.cpp:188)
==33==    by 0xF37DA19: odbc::ODBCConnection::ODBCConnection(Datasource*, ExceptionSink*) (ODBCConnection.cpp:71)
==33==    by 0xF37B9CC: odbc_open(Datasource*, ExceptionSink*) (odbc-module.cpp:94)
==33== 
==33== 1 bytes in 1 blocks are indirectly lost in loss record 25 of 3,193
==33==    at 0x488087E: malloc (vg_replace_malloc.c:447)
==33==    by 0x5D6DF0E: strdup (in /usr/lib64/libc.so.6)
==33==    by 0xF5557E8: ??? (in /usr/lib64/libodbcinst.so.2.0.0)
==33==    by 0xF55B2A6: SQLGetPrivateProfileString (in /usr/lib64/libodbcinst.so.2.0.0)
==33==    by 0xF4A1418: ??? (in /usr/lib64/psqlodbcw.so)
==33==    by 0xF4B7287: ??? (in /usr/lib64/psqlodbcw.so)
==33==    by 0xF4CA501: ??? (in /usr/lib64/psqlodbcw.so)
==33==    by 0xF4A427D: SQLDriverConnect (in /usr/lib64/psqlodbcw.so)
==33==    by 0xF4052FB: SQLDriverConnect (in /usr/lib64/libodbc.so.2.0.0)
==33==    by 0xF37DFC9: odbc::ODBCConnection::connect(ExceptionSink*) (ODBCConnection.cpp:188)
==33==    by 0xF37DA19: odbc::ODBCConnection::ODBCConnection(Datasource*, ExceptionSink*) (ODBCConnection.cpp:71)
==33==    by 0xF37B9CC: odbc_open(Datasource*, ExceptionSink*) (odbc-module.cpp:94)
==33== 
==33== 1 bytes in 1 blocks are indirectly lost in loss record 26 of 3,193
==33==    at 0x488087E: malloc (vg_replace_malloc.c:447)
==33==    by 0x5D6DF0E: strdup (in /usr/lib64/libc.so.6)
==33==    by 0xF55582C: ??? (in /usr/lib64/libodbcinst.so.2.0.0)
==33==    by 0xF55B2A6: SQLGetPrivateProfileString (in /usr/lib64/libodbcinst.so.2.0.0)
==33==    by 0xF4A144D: ??? (in /usr/lib64/psqlodbcw.so)
==33==    by 0xF4B7287: ??? (in /usr/lib64/psqlodbcw.so)
==33==    by 0xF4CA501: ??? (in /usr/lib64/psqlodbcw.so)
==33==    by 0xF4A427D: SQLDriverConnect (in /usr/lib64/psqlodbcw.so)
==33==    by 0xF4052FB: SQLDriverConnect (in /usr/lib64/libodbc.so.2.0.0)
==33==    by 0xF37DFC9: odbc::ODBCConnection::connect(ExceptionSink*) (ODBCConnection.cpp:188)
==33==    by 0xF37DA19: odbc::ODBCConnection::ODBCConnection(Datasource*, ExceptionSink*) (ODBCConnection.cpp:71)
==33==    by 0xF37B9CC: odbc_open(Datasource*, ExceptionSink*) (odbc-module.cpp:94)
==33== 
==33== 1 bytes in 1 blocks are indirectly lost in loss record 27 of 3,193
==33==    at 0x488087E: malloc (vg_replace_malloc.c:447)
==33==    by 0x5D6DF0E: strdup (in /usr/lib64/libc.so.6)
==33==    by 0xF5557E8: ??? (in /usr/lib64/libodbcinst.so.2.0.0)
==33==    by 0xF55B2A6: SQLGetPrivateProfileString (in /usr/lib64/libodbcinst.so.2.0.0)
==33==    by 0xF4A144D: ??? (in /usr/lib64/psqlodbcw.so)
==33==    by 0xF4B7287: ??? (in /usr/lib64/psqlodbcw.so)
==33==    by 0xF4CA501: ??? (in /usr/lib64/psqlodbcw.so)
==33==    by 0xF4A427D: SQLDriverConnect (in /usr/lib64/psqlodbcw.so)
==33==    by 0xF4052FB: SQLDriverConnect (in /usr/lib64/libodbc.so.2.0.0)
==33==    by 0xF37DFC9: odbc::ODBCConnection::connect(ExceptionSink*) (ODBCConnection.cpp:188)
==33==    by 0xF37DA19: odbc::ODBCConnection::ODBCConnection(Datasource*, ExceptionSink*) (ODBCConnection.cpp:71)
==33==    by 0xF37B9CC: odbc_open(Datasource*, ExceptionSink*) (odbc-module.cpp:94)
==33== 
==33== 1 bytes in 1 blocks are indirectly lost in loss record 28 of 3,193
==33==    at 0x488087E: malloc (vg_replace_malloc.c:447)
==33==    by 0x5D6DF0E: strdup (in /usr/lib64/libc.so.6)
==33==    by 0xF55582C: ??? (in /usr/lib64/libodbcinst.so.2.0.0)
==33==    by 0xF55B2A6: SQLGetPrivateProfileString (in /usr/lib64/libodbcinst.so.2.0.0)
==33==    by 0xF4A1482: ??? (in /usr/lib64/psqlodbcw.so)
==33==    by 0xF4B7287: ??? (in /usr/lib64/psqlodbcw.so)
==33==    by 0xF4CA501: ??? (in /usr/lib64/psqlodbcw.so)
==33==    by 0xF4A427D: SQLDriverConnect (in /usr/lib64/psqlodbcw.so)
==33==    by 0xF4052FB: SQLDriverConnect (in /usr/lib64/libodbc.so.2.0.0)
==33==    by 0xF37DFC9: odbc::ODBCConnection::connect(ExceptionSink*) (ODBCConnection.cpp:188)
==33==    by 0xF37DA19: odbc::ODBCConnection::ODBCConnection(Datasource*, ExceptionSink*) (ODBCConnection.cpp:71)
==33==    by 0xF37B9CC: odbc_open(Datasource*, ExceptionSink*) (odbc-module.cpp:94)
==33== 
==33== 1 bytes in 1 blocks are indirectly lost in loss record 29 of 3,193
==33==    at 0x488087E: malloc (vg_replace_malloc.c:447)
==33==    by 0x5D6DF0E: strdup (in /usr/lib64/libc.so.6)
==33==    by 0xF5557E8: ??? (in /usr/lib64/libodbcinst.so.2.0.0)
==33==    by 0xF55B2A6: SQLGetPrivateProfileString (in /usr/lib64/libodbcinst.so.2.0.0)
==33==    by 0xF4A1482: ??? (in /usr/lib64/psqlodbcw.so)
==33==    by 0xF4B7287: ??? (in /usr/lib64/psqlodbcw.so)
==33==    by 0xF4CA501: ??? (in /usr/lib64/psqlodbcw.so)
==33==    by 0xF4A427D: SQLDriverConnect (in /usr/lib64/psqlodbcw.so)
==33==    by 0xF4052FB: SQLDriverConnect (in /usr/lib64/libodbc.so.2.0.0)
==33==    by 0xF37DFC9: odbc::ODBCConnection::connect(ExceptionSink*) (ODBCConnection.cpp:188)
==33==    by 0xF37DA19: odbc::ODBCConnection::ODBCConnection(Datasource*, ExceptionSink*) (ODBCConnection.cpp:71)
==33==    by 0xF37B9CC: odbc_open(Datasource*, ExceptionSink*) (odbc-module.cpp:94)
==33== 
==33== 1 bytes in 1 blocks are indirectly lost in loss record 30 of 3,193
==33==    at 0x488087E: malloc (vg_replace_malloc.c:447)
==33==    by 0x5D6DF0E: strdup (in /usr/lib64/libc.so.6)
==33==    by 0xF55582C: ??? (in /usr/lib64/libodbcinst.so.2.0.0)
==33==    by 0xF55B2A6: SQLGetPrivateProfileString (in /usr/lib64/libodbcinst.so.2.0.0)
==33==    by 0xF4A14B7: ??? (in /usr/lib64/psqlodbcw.so)
==33==    by 0xF4B7287: ??? (in /usr/lib64/psqlodbcw.so)
==33==    by 0xF4CA501: ??? (in /usr/lib64/psqlodbcw.so)
==33==    by 0xF4A427D: SQLDriverConnect (in /usr/lib64/psqlodbcw.so)
==33==    by 0xF4052FB: SQLDriverConnect (in /usr/lib64/libodbc.so.2.0.0)
==33==    by 0xF37DFC9: odbc::ODBCConnection::connect(ExceptionSink*) (ODBCConnection.cpp:188)
==33==    by 0xF37DA19: odbc::ODBCConnection::ODBCConnection(Datasource*, ExceptionSink*) (ODBCConnection.cpp:71)
==33==    by 0xF37B9CC: odbc_open(Datasource*, ExceptionSink*) (odbc-module.cpp:94)
==33== 
==33== 1 bytes in 1 blocks are indirectly lost in loss record 31 of 3,193
==33==    at 0x488087E: malloc (vg_replace_malloc.c:447)
==33==    by 0x5D6DF0E: strdup (in /usr/lib64/libc.so.6)
==33==    by 0xF5557E8: ??? (in /usr/lib64/libodbcinst.so.2.0.0)
==33==    by 0xF55B2A6: SQLGetPrivateProfileString (in /usr/lib64/libodbcinst.so.2.0.0)
==33==    by 0xF4A14B7: ??? (in /usr/lib64/psqlodbcw.so)
==33==    by 0xF4B7287: ??? (in /usr/lib64/psqlodbcw.so)
==33==    by 0xF4CA501: ??? (in /usr/lib64/psqlodbcw.so)
==33==    by 0xF4A427D: SQLDriverConnect (in /usr/lib64/psqlodbcw.so)
==33==    by 0xF4052FB: SQLDriverConnect (in /usr/lib64/libodbc.so.2.0.0)
==33==    by 0xF37DFC9: odbc::ODBCConnection::connect(ExceptionSink*) (ODBCConnection.cpp:188)
==33==    by 0xF37DA19: odbc::ODBCConnection::ODBCConnection(Datasource*, ExceptionSink*) (ODBCConnection.cpp:71)
==33==    by 0xF37B9CC: odbc_open(Datasource*, ExceptionSink*) (odbc-module.cpp:94)
==33== 
==33== 1 bytes in 1 blocks are indirectly lost in loss record 32 of 3,193
==33==    at 0x488087E: malloc (vg_replace_malloc.c:447)
==33==    by 0x5D6DF0E: strdup (in /usr/lib64/libc.so.6)
==33==    by 0xF55582C: ??? (in /usr/lib64/libodbcinst.so.2.0.0)
==33==    by 0xF55B2A6: SQLGetPrivateProfileString (in /usr/lib64/libodbcinst.so.2.0.0)
==33==    by 0xF4A14EC: ??? (in /usr/lib64/psqlodbcw.so)
==33==    by 0xF4B7287: ??? (in /usr/lib64/psqlodbcw.so)
==33==    by 0xF4CA501: ??? (in /usr/lib64/psqlodbcw.so)
==33==    by 0xF4A427D: SQLDriverConnect (in /usr/lib64/psqlodbcw.so)
==33==    by 0xF4052FB: SQLDriverConnect (in /usr/lib64/libodbc.so.2.0.0)
==33==    by 0xF37DFC9: odbc::ODBCConnection::connect(ExceptionSink*) (ODBCConnection.cpp:188)
==33==    by 0xF37DA19: odbc::ODBCConnection::ODBCConnection(Datasource*, ExceptionSink*) (ODBCConnection.cpp:71)
==33==    by 0xF37B9CC: odbc_open(Datasource*, ExceptionSink*) (odbc-module.cpp:94)
==33== 
==33== 1 bytes in 1 blocks are indirectly lost in loss record 33 of 3,193
==33==    at 0x488087E: malloc (vg_replace_malloc.c:447)
==33==    by 0x5D6DF0E: strdup (in /usr/lib64/libc.so.6)
==33==    by 0xF5557E8: ??? (in /usr/lib64/libodbcinst.so.2.0.0)
==33==    by 0xF55B2A6: SQLGetPrivateProfileString (in /usr/lib64/libodbcinst.so.2.0.0)
==33==    by 0xF4A14EC: ??? (in /usr/lib64/psqlodbcw.so)
==33==    by 0xF4B7287: ??? (in /usr/lib64/psqlodbcw.so)
==33==    by 0xF4CA501: ??? (in /usr/lib64/psqlodbcw.so)
==33==    by 0xF4A427D: SQLDriverConnect (in /usr/lib64/psqlodbcw.so)
==33==    by 0xF4052FB: SQLDriverConnect (in /usr/lib64/libodbc.so.2.0.0)
==33==    by 0xF37DFC9: odbc::ODBCConnection::connect(ExceptionSink*) (ODBCConnection.cpp:188)
==33==    by 0xF37DA19: odbc::ODBCConnection::ODBCConnection(Datasource*, ExceptionSink*) (ODBCConnection.cpp:71)
==33==    by 0xF37B9CC: odbc_open(Datasource*, ExceptionSink*) (odbc-module.cpp:94)
==33== 
==33== 1 bytes in 1 blocks are indirectly lost in loss record 34 of 3,193
==33==    at 0x488087E: malloc (vg_replace_malloc.c:447)
==33==    by 0x5D6DF0E: strdup (in /usr/lib64/libc.so.6)
==33==    by 0xF55582C: ??? (in /usr/lib64/libodbcinst.so.2.0.0)
==33==    by 0xF55B2A6: SQLGetPrivateProfileString (in /usr/lib64/libodbcinst.so.2.0.0)
==33==    by 0xF4A1521: ??? (in /usr/lib64/psqlodbcw.so)
==33==    by 0xF4B7287: ??? (in /usr/lib64/psqlodbcw.so)
==33==    by 0xF4CA501: ??? (in /usr/lib64/psqlodbcw.so)
==33==    by 0xF4A427D: SQLDriverConnect (in /usr/lib64/psqlodbcw.so)
==33==    by 0xF4052FB: SQLDriverConnect (in /usr/lib64/libodbc.so.2.0.0)
==33==    by 0xF37DFC9: odbc::ODBCConnection::connect(ExceptionSink*) (ODBCConnection.cpp:188)
==33==    by 0xF37DA19: odbc::ODBCConnection::ODBCConnection(Datasource*, ExceptionSink*) (ODBCConnection.cpp:71)
==33==    by 0xF37B9CC: odbc_open(Datasource*, ExceptionSink*) (odbc-module.cpp:94)
==33== 
==33== 1 bytes in 1 blocks are indirectly lost in loss record 35 of 3,193
==33==    at 0x488087E: malloc (vg_replace_malloc.c:447)
==33==    by 0x5D6DF0E: strdup (in /usr/lib64/libc.so.6)
==33==    by 0xF5557E8: ??? (in /usr/lib64/libodbcinst.so.2.0.0)
==33==    by 0xF55B2A6: SQLGetPrivateProfileString (in /usr/lib64/libodbcinst.so.2.0.0)
==33==    by 0xF4A1521: ??? (in /usr/lib64/psqlodbcw.so)
==33==    by 0xF4B7287: ??? (in /usr/lib64/psqlodbcw.so)
==33==    by 0xF4CA501: ??? (in /usr/lib64/psqlodbcw.so)
==33==    by 0xF4A427D: SQLDriverConnect (in /usr/lib64/psqlodbcw.so)
==33==    by 0xF4052FB: SQLDriverConnect (in /usr/lib64/libodbc.so.2.0.0)
==33==    by 0xF37DFC9: odbc::ODBCConnection::connect(ExceptionSink*) (ODBCConnection.cpp:188)
==33==    by 0xF37DA19: odbc::ODBCConnection::ODBCConnection(Datasource*, ExceptionSink*) (ODBCConnection.cpp:71)
==33==    by 0xF37B9CC: odbc_open(Datasource*, ExceptionSink*) (odbc-module.cpp:94)
==33== 
==33== 1 bytes in 1 blocks are indirectly lost in loss record 36 of 3,193
==33==    at 0x488087E: malloc (vg_replace_malloc.c:447)
==33==    by 0x5D6DF0E: strdup (in /usr/lib64/libc.so.6)
==33==    by 0xF55582C: ??? (in /usr/lib64/libodbcinst.so.2.0.0)
==33==    by 0xF55B2A6: SQLGetPrivateProfileString (in /usr/lib64/libodbcinst.so.2.0.0)
==33==    by 0xF4A1556: ??? (in /usr/lib64/psqlodbcw.so)
==33==    by 0xF4B7287: ??? (in /usr/lib64/psqlodbcw.so)
==33==    by 0xF4CA501: ??? (in /usr/lib64/psqlodbcw.so)
==33==    by 0xF4A427D: SQLDriverConnect (in /usr/lib64/psqlodbcw.so)
==33==    by 0xF4052FB: SQLDriverConnect (in /usr/lib64/libodbc.so.2.0.0)
==33==    by 0xF37DFC9: odbc::ODBCConnection::connect(ExceptionSink*) (ODBCConnection.cpp:188)
==33==    by 0xF37DA19: odbc::ODBCConnection::ODBCConnection(Datasource*, ExceptionSink*) (ODBCConnection.cpp:71)
==33==    by 0xF37B9CC: odbc_open(Datasource*, ExceptionSink*) (odbc-module.cpp:94)
==33== 
==33== 1 bytes in 1 blocks are indirectly lost in loss record 37 of 3,193
==33==    at 0x488087E: malloc (vg_replace_malloc.c:447)
==33==    by 0x5D6DF0E: strdup (in /usr/lib64/libc.so.6)
==33==    by 0xF5557E8: ??? (in /usr/lib64/libodbcinst.so.2.0.0)
==33==    by 0xF55B2A6: SQLGetPrivateProfileString (in /usr/lib64/libodbcinst.so.2.0.0)
==33==    by 0xF4A1556: ??? (in /usr/lib64/psqlodbcw.so)
==33==    by 0xF4B7287: ??? (in /usr/lib64/psqlodbcw.so)
==33==    by 0xF4CA501: ??? (in /usr/lib64/psqlodbcw.so)
==33==    by 0xF4A427D: SQLDriverConnect (in /usr/lib64/psqlodbcw.so)
==33==    by 0xF4052FB: SQLDriverConnect (in /usr/lib64/libodbc.so.2.0.0)
==33==    by 0xF37DFC9: odbc::ODBCConnection::connect(ExceptionSink*) (ODBCConnection.cpp:188)
==33==    by 0xF37DA19: odbc::ODBCConnection::ODBCConnection(Datasource*, ExceptionSink*) (ODBCConnection.cpp:71)
==33==    by 0xF37B9CC: odbc_open(Datasource*, ExceptionSink*) (odbc-module.cpp:94)
==33== 
==33== 2 bytes in 1 blocks are indirectly lost in loss record 39 of 3,193
==33==    at 0x488087E: malloc (vg_replace_malloc.c:447)
==33==    by 0x5D6DF0E: strdup (in /usr/lib64/libc.so.6)
==33==    by 0xF438070: ??? (in /usr/lib64/libodbc.so.2.0.0)
==33==    by 0xF440C34: ??? (in /usr/lib64/libodbc.so.2.0.0)
==33==    by 0xF3F1C8D: ??? (in /usr/lib64/libodbc.so.2.0.0)
==33==    by 0xF37F9D9: odbc::ODBCConnection::envInit(ExceptionSink*) (ODBCConnection.cpp:534)
==33==    by 0xF37D9D9: odbc::ODBCConnection::ODBCConnection(Datasource*, ExceptionSink*) (ODBCConnection.cpp:61)
==33==    by 0xF37B9CC: odbc_open(Datasource*, ExceptionSink*) (odbc-module.cpp:94)
==33==    by 0x4DA8C2F: Datasource::open(ExceptionSink*) (in /usr/lib64/libqore.so.20.0.0)
==33==    by 0x4F2D0A4: ??? (in /usr/lib64/libqore.so.20.0.0)
==33==    by 0x4C3DDD1: ??? (in /usr/lib64/libqore.so.20.0.0)
==33==    by 0x4C47C6B: ??? (in /usr/lib64/libqore.so.20.0.0)
==33== 
==33== 2 bytes in 1 blocks are indirectly lost in loss record 40 of 3,193
==33==    at 0x488087E: malloc (vg_replace_malloc.c:447)
==33==    by 0x5D6DF0E: strdup (in /usr/lib64/libc.so.6)
==33==    by 0xF43802A: ??? (in /usr/lib64/libodbc.so.2.0.0)
==33==    by 0xF440C34: ??? (in /usr/lib64/libodbc.so.2.0.0)
==33==    by 0xF3F1C8D: ??? (in /usr/lib64/libodbc.so.2.0.0)
==33==    by 0xF37F9D9: odbc::ODBCConnection::envInit(ExceptionSink*) (ODBCConnection.cpp:534)
==33==    by 0xF37D9D9: odbc::ODBCConnection::ODBCConnection(Datasource*, ExceptionSink*) (ODBCConnection.cpp:61)
==33==    by 0xF37B9CC: odbc_open(Datasource*, ExceptionSink*) (odbc-module.cpp:94)
==33==    by 0x4DA8C2F: Datasource::open(ExceptionSink*) (in /usr/lib64/libqore.so.20.0.0)
==33==    by 0x4F2D0A4: ??? (in /usr/lib64/libqore.so.20.0.0)
==33==    by 0x4C3DDD1: ??? (in /usr/lib64/libqore.so.20.0.0)
==33==    by 0x4C47C6B: ??? (in /usr/lib64/libqore.so.20.0.0)
==33== 
==33== 2 bytes in 1 blocks are indirectly lost in loss record 41 of 3,193
==33==    at 0x488087E: malloc (vg_replace_malloc.c:447)
==33==    by 0x5D6DF0E: strdup (in /usr/lib64/libc.so.6)
==33==    by 0xF438070: ??? (in /usr/lib64/libodbc.so.2.0.0)
==33==    by 0xF440C34: ??? (in /usr/lib64/libodbc.so.2.0.0)
==33==    by 0xF3F79C2: ??? (in /usr/lib64/libodbc.so.2.0.0)
==33==    by 0xF40528F: SQLDriverConnect (in /usr/lib64/libodbc.so.2.0.0)
==33==    by 0xF37DFC9: odbc::ODBCConnection::connect(ExceptionSink*) (ODBCConnection.cpp:188)
==33==    by 0xF37DA19: odbc::ODBCConnection::ODBCConnection(Datasource*, ExceptionSink*) (ODBCConnection.cpp:71)
==33==    by 0xF37B9CC: odbc_open(Datasource*, ExceptionSink*) (odbc-module.cpp:94)
==33==    by 0x4DA8C2F: Datasource::open(ExceptionSink*) (in /usr/lib64/libqore.so.20.0.0)
==33==    by 0x4F2D0A4: ??? (in /usr/lib64/libqore.so.20.0.0)
==33==    by 0x4C3DDD1: ??? (in /usr/lib64/libqore.so.20.0.0)
==33== 
==33== 2 bytes in 1 blocks are indirectly lost in loss record 42 of 3,193
==33==    at 0x488087E: malloc (vg_replace_malloc.c:447)
==33==    by 0x5D6DF0E: strdup (in /usr/lib64/libc.so.6)
==33==    by 0xF43802A: ??? (in /usr/lib64/libodbc.so.2.0.0)
==33==    by 0xF440C34: ??? (in /usr/lib64/libodbc.so.2.0.0)
==33==    by 0xF3F79C2: ??? (in /usr/lib64/libodbc.so.2.0.0)
==33==    by 0xF40528F: SQLDriverConnect (in /usr/lib64/libodbc.so.2.0.0)
==33==    by 0xF37DFC9: odbc::ODBCConnection::connect(ExceptionSink*) (ODBCConnection.cpp:188)
==33==    by 0xF37DA19: odbc::ODBCConnection::ODBCConnection(Datasource*, ExceptionSink*) (ODBCConnection.cpp:71)
==33==    by 0xF37B9CC: odbc_open(Datasource*, ExceptionSink*) (odbc-module.cpp:94)
==33==    by 0x4DA8C2F: Datasource::open(ExceptionSink*) (in /usr/lib64/libqore.so.20.0.0)
==33==    by 0x4F2D0A4: ??? (in /usr/lib64/libqore.so.20.0.0)
==33==    by 0x4C3DDD1: ??? (in /usr/lib64/libqore.so.20.0.0)
==33== 
==33== 2 bytes in 1 blocks are indirectly lost in loss record 43 of 3,193
==33==    at 0x488087E: malloc (vg_replace_malloc.c:447)
==33==    by 0x5D6DF0E: strdup (in /usr/lib64/libc.so.6)
==33==    by 0xF438070: ??? (in /usr/lib64/libodbc.so.2.0.0)
==33==    by 0xF440C34: ??? (in /usr/lib64/libodbc.so.2.0.0)
==33==    by 0xF3F7A45: ??? (in /usr/lib64/libodbc.so.2.0.0)
==33==    by 0xF40528F: SQLDriverConnect (in /usr/lib64/libodbc.so.2.0.0)
==33==    by 0xF37DFC9: odbc::ODBCConnection::connect(ExceptionSink*) (ODBCConnection.cpp:188)
==33==    by 0xF37DA19: odbc::ODBCConnection::ODBCConnection(Datasource*, ExceptionSink*) (ODBCConnection.cpp:71)
==33==    by 0xF37B9CC: odbc_open(Datasource*, ExceptionSink*) (odbc-module.cpp:94)
==33==    by 0x4DA8C2F: Datasource::open(ExceptionSink*) (in /usr/lib64/libqore.so.20.0.0)
==33==    by 0x4F2D0A4: ??? (in /usr/lib64/libqore.so.20.0.0)
==33==    by 0x4C3DDD1: ??? (in /usr/lib64/libqore.so.20.0.0)
==33== 
==33== 2 bytes in 1 blocks are indirectly lost in loss record 44 of 3,193
==33==    at 0x488087E: malloc (vg_replace_malloc.c:447)
==33==    by 0x5D6DF0E: strdup (in /usr/lib64/libc.so.6)
==33==    by 0xF43802A: ??? (in /usr/lib64/libodbc.so.2.0.0)
==33==    by 0xF440C34: ??? (in /usr/lib64/libodbc.so.2.0.0)
==33==    by 0xF3F7A45: ??? (in /usr/lib64/libodbc.so.2.0.0)
==33==    by 0xF40528F: SQLDriverConnect (in /usr/lib64/libodbc.so.2.0.0)
==33==    by 0xF37DFC9: odbc::ODBCConnection::connect(ExceptionSink*) (ODBCConnection.cpp:188)
==33==    by 0xF37DA19: odbc::ODBCConnection::ODBCConnection(Datasource*, ExceptionSink*) (ODBCConnection.cpp:71)
==33==    by 0xF37B9CC: odbc_open(Datasource*, ExceptionSink*) (odbc-module.cpp:94)
==33==    by 0x4DA8C2F: Datasource::open(ExceptionSink*) (in /usr/lib64/libqore.so.20.0.0)
==33==    by 0x4F2D0A4: ??? (in /usr/lib64/libqore.so.20.0.0)
==33==    by 0x4C3DDD1: ??? (in /usr/lib64/libqore.so.20.0.0)
==33== 
==33== 2 bytes in 1 blocks are indirectly lost in loss record 45 of 3,193
==33==    at 0x488087E: malloc (vg_replace_malloc.c:447)
==33==    by 0x5D6DF0E: strdup (in /usr/lib64/libc.so.6)
==33==    by 0xF438070: ??? (in /usr/lib64/libodbc.so.2.0.0)
==33==    by 0xF440C34: ??? (in /usr/lib64/libodbc.so.2.0.0)
==33==    by 0xF3F7AB9: ??? (in /usr/lib64/libodbc.so.2.0.0)
==33==    by 0xF40528F: SQLDriverConnect (in /usr/lib64/libodbc.so.2.0.0)
==33==    by 0xF37DFC9: odbc::ODBCConnection::connect(ExceptionSink*) (ODBCConnection.cpp:188)
==33==    by 0xF37DA19: odbc::ODBCConnection::ODBCConnection(Datasource*, ExceptionSink*) (ODBCConnection.cpp:71)
==33==    by 0xF37B9CC: odbc_open(Datasource*, ExceptionSink*) (odbc-module.cpp:94)
==33==    by 0x4DA8C2F: Datasource::open(ExceptionSink*) (in /usr/lib64/libqore.so.20.0.0)
==33==    by 0x4F2D0A4: ??? (in /usr/lib64/libqore.so.20.0.0)
==33==    by 0x4C3DDD1: ??? (in /usr/lib64/libqore.so.20.0.0)
==33== 
==33== 2 bytes in 1 blocks are indirectly lost in loss record 46 of 3,193
==33==    at 0x488087E: malloc (vg_replace_malloc.c:447)
==33==    by 0x5D6DF0E: strdup (in /usr/lib64/libc.so.6)
==33==    by 0xF43802A: ??? (in /usr/lib64/libodbc.so.2.0.0)
==33==    by 0xF440C34: ??? (in /usr/lib64/libodbc.so.2.0.0)
==33==    by 0xF3F7AB9: ??? (in /usr/lib64/libodbc.so.2.0.0)
==33==    by 0xF40528F: SQLDriverConnect (in /usr/lib64/libodbc.so.2.0.0)
==33==    by 0xF37DFC9: odbc::ODBCConnection::connect(ExceptionSink*) (ODBCConnection.cpp:188)
==33==    by 0xF37DA19: odbc::ODBCConnection::ODBCConnection(Datasource*, ExceptionSink*) (ODBCConnection.cpp:71)
==33==    by 0xF37B9CC: odbc_open(Datasource*, ExceptionSink*) (odbc-module.cpp:94)
==33==    by 0x4DA8C2F: Datasource::open(ExceptionSink*) (in /usr/lib64/libqore.so.20.0.0)
==33==    by 0x4F2D0A4: ??? (in /usr/lib64/libqore.so.20.0.0)
==33==    by 0x4C3DDD1: ??? (in /usr/lib64/libqore.so.20.0.0)
==33== 
==33== 2 bytes in 1 blocks are indirectly lost in loss record 47 of 3,193
==33==    at 0x488087E: malloc (vg_replace_malloc.c:447)
==33==    by 0x5D6DF0E: strdup (in /usr/lib64/libc.so.6)
==33==    by 0xF438070: ??? (in /usr/lib64/libodbc.so.2.0.0)
==33==    by 0xF440C34: ??? (in /usr/lib64/libodbc.so.2.0.0)
==33==    by 0xF3F7B01: ??? (in /usr/lib64/libodbc.so.2.0.0)
==33==    by 0xF40528F: SQLDriverConnect (in /usr/lib64/libodbc.so.2.0.0)
==33==    by 0xF37DFC9: odbc::ODBCConnection::connect(ExceptionSink*) (ODBCConnection.cpp:188)
==33==    by 0xF37DA19: odbc::ODBCConnection::ODBCConnection(Datasource*, ExceptionSink*) (ODBCConnection.cpp:71)
==33==    by 0xF37B9CC: odbc_open(Datasource*, ExceptionSink*) (odbc-module.cpp:94)
==33==    by 0x4DA8C2F: Datasource::open(ExceptionSink*) (in /usr/lib64/libqore.so.20.0.0)
==33==    by 0x4F2D0A4: ??? (in /usr/lib64/libqore.so.20.0.0)
==33==    by 0x4C3DDD1: ??? (in /usr/lib64/libqore.so.20.0.0)
==33== 
==33== 2 bytes in 1 blocks are indirectly lost in loss record 48 of 3,193
==33==    at 0x488087E: malloc (vg_replace_malloc.c:447)
==33==    by 0x5D6DF0E: strdup (in /usr/lib64/libc.so.6)
==33==    by 0xF43802A: ??? (in /usr/lib64/libodbc.so.2.0.0)
==33==    by 0xF440C34: ??? (in /usr/lib64/libodbc.so.2.0.0)
==33==    by 0xF3F7B01: ??? (in /usr/lib64/libodbc.so.2.0.0)
==33==    by 0xF40528F: SQLDriverConnect (in /usr/lib64/libodbc.so.2.0.0)
==33==    by 0xF37DFC9: odbc::ODBCConnection::connect(ExceptionSink*) (ODBCConnection.cpp:188)
==33==    by 0xF37DA19: odbc::ODBCConnection::ODBCConnection(Datasource*, ExceptionSink*) (ODBCConnection.cpp:71)
==33==    by 0xF37B9CC: odbc_open(Datasource*, ExceptionSink*) (odbc-module.cpp:94)
==33==    by 0x4DA8C2F: Datasource::open(ExceptionSink*) (in /usr/lib64/libqore.so.20.0.0)
==33==    by 0x4F2D0A4: ??? (in /usr/lib64/libqore.so.20.0.0)
==33==    by 0x4C3DDD1: ??? (in /usr/lib64/libqore.so.20.0.0)
==33== 
==33== 2 bytes in 1 blocks are indirectly lost in loss record 49 of 3,193
==33==    at 0x488087E: malloc (vg_replace_malloc.c:447)
==33==    by 0x5D6DF0E: strdup (in /usr/lib64/libc.so.6)
==33==    by 0xF438070: ??? (in /usr/lib64/libodbc.so.2.0.0)
==33==    by 0xF440C34: ??? (in /usr/lib64/libodbc.so.2.0.0)
==33==    by 0xF3F7B6C: ??? (in /usr/lib64/libodbc.so.2.0.0)
==33==    by 0xF40528F: SQLDriverConnect (in /usr/lib64/libodbc.so.2.0.0)
==33==    by 0xF37DFC9: odbc::ODBCConnection::connect(ExceptionSink*) (ODBCConnection.cpp:188)
==33==    by 0xF37DA19: odbc::ODBCConnection::ODBCConnection(Datasource*, ExceptionSink*) (ODBCConnection.cpp:71)
==33==    by 0xF37B9CC: odbc_open(Datasource*, ExceptionSink*) (odbc-module.cpp:94)
==33==    by 0x4DA8C2F: Datasource::open(ExceptionSink*) (in /usr/lib64/libqore.so.20.0.0)
==33==    by 0x4F2D0A4: ??? (in /usr/lib64/libqore.so.20.0.0)
==33==    by 0x4C3DDD1: ??? (in /usr/lib64/libqore.so.20.0.0)
==33== 
==33== 2 bytes in 1 blocks are indirectly lost in loss record 50 of 3,193
==33==    at 0x488087E: malloc (vg_replace_malloc.c:447)
==33==    by 0x5D6DF0E: strdup (in /usr/lib64/libc.so.6)
==33==    by 0xF43802A: ??? (in /usr/lib64/libodbc.so.2.0.0)
==33==    by 0xF440C34: ??? (in /usr/lib64/libodbc.so.2.0.0)
==33==    by 0xF3F7B6C: ??? (in /usr/lib64/libodbc.so.2.0.0)
==33==    by 0xF40528F: SQLDriverConnect (in /usr/lib64/libodbc.so.2.0.0)
==33==    by 0xF37DFC9: odbc::ODBCConnection::connect(ExceptionSink*) (ODBCConnection.cpp:188)
==33==    by 0xF37DA19: odbc::ODBCConnection::ODBCConnection(Datasource*, ExceptionSink*) (ODBCConnection.cpp:71)
==33==    by 0xF37B9CC: odbc_open(Datasource*, ExceptionSink*) (odbc-module.cpp:94)
==33==    by 0x4DA8C2F: Datasource::open(ExceptionSink*) (in /usr/lib64/libqore.so.20.0.0)
==33==    by 0x4F2D0A4: ??? (in /usr/lib64/libqore.so.20.0.0)
==33==    by 0x4C3DDD1: ??? (in /usr/lib64/libqore.so.20.0.0)
==33== 
==33== 2 bytes in 1 blocks are indirectly lost in loss record 51 of 3,193
==33==    at 0x488087E: malloc (vg_replace_malloc.c:447)
==33==    by 0x5D6DF0E: strdup (in /usr/lib64/libc.so.6)
==33==    by 0xF438070: ??? (in /usr/lib64/libodbc.so.2.0.0)
==33==    by 0xF440C34: ??? (in /usr/lib64/libodbc.so.2.0.0)
==33==    by 0xF3F7BAC: ??? (in /usr/lib64/libodbc.so.2.0.0)
==33==    by 0xF40528F: SQLDriverConnect (in /usr/lib64/libodbc.so.2.0.0)
==33==    by 0xF37DFC9: odbc::ODBCConnection::connect(ExceptionSink*) (ODBCConnection.cpp:188)
==33==    by 0xF37DA19: odbc::ODBCConnection::ODBCConnection(Datasource*, ExceptionSink*) (ODBCConnection.cpp:71)
==33==    by 0xF37B9CC: odbc_open(Datasource*, ExceptionSink*) (odbc-module.cpp:94)
==33==    by 0x4DA8C2F: Datasource::open(ExceptionSink*) (in /usr/lib64/libqore.so.20.0.0)
==33==    by 0x4F2D0A4: ??? (in /usr/lib64/libqore.so.20.0.0)
==33==    by 0x4C3DDD1: ??? (in /usr/lib64/libqore.so.20.0.0)
==33== 
==33== 2 bytes in 1 blocks are indirectly lost in loss record 52 of 3,193
==33==    at 0x488087E: malloc (vg_replace_malloc.c:447)
==33==    by 0x5D6DF0E: strdup (in /usr/lib64/libc.so.6)
==33==    by 0xF43802A: ??? (in /usr/lib64/libodbc.so.2.0.0)
==33==    by 0xF440C34: ??? (in /usr/lib64/libodbc.so.2.0.0)
==33==    by 0xF3F7BAC: ??? (in /usr/lib64/libodbc.so.2.0.0)
==33==    by 0xF40528F: SQLDriverConnect (in /usr/lib64/libodbc.so.2.0.0)
==33==    by 0xF37DFC9: odbc::ODBCConnection::connect(ExceptionSink*) (ODBCConnection.cpp:188)
==33==    by 0xF37DA19: odbc::ODBCConnection::ODBCConnection(Datasource*, ExceptionSink*) (ODBCConnection.cpp:71)
==33==    by 0xF37B9CC: odbc_open(Datasource*, ExceptionSink*) (odbc-module.cpp:94)
==33==    by 0x4DA8C2F: Datasource::open(ExceptionSink*) (in /usr/lib64/libqore.so.20.0.0)
==33==    by 0x4F2D0A4: ??? (in /usr/lib64/libqore.so.20.0.0)
==33==    by 0x4C3DDD1: ??? (in /usr/lib64/libqore.so.20.0.0)
==33== 
==33== 2 bytes in 1 blocks are indirectly lost in loss record 53 of 3,193
==33==    at 0x488087E: malloc (vg_replace_malloc.c:447)
==33==    by 0x5D6DF0E: strdup (in /usr/lib64/libc.so.6)
==33==    by 0xF438070: ??? (in /usr/lib64/libodbc.so.2.0.0)
==33==    by 0xF440C34: ??? (in /usr/lib64/libodbc.so.2.0.0)
==33==    by 0xF3F7C44: ??? (in /usr/lib64/libodbc.so.2.0.0)
==33==    by 0xF40528F: SQLDriverConnect (in /usr/lib64/libodbc.so.2.0.0)
==33==    by 0xF37DFC9: odbc::ODBCConnection::connect(ExceptionSink*) (ODBCConnection.cpp:188)
==33==    by 0xF37DA19: odbc::ODBCConnection::ODBCConnection(Datasource*, ExceptionSink*) (ODBCConnection.cpp:71)
==33==    by 0xF37B9CC: odbc_open(Datasource*, ExceptionSink*) (odbc-module.cpp:94)
==33==    by 0x4DA8C2F: Datasource::open(ExceptionSink*) (in /usr/lib64/libqore.so.20.0.0)
==33==    by 0x4F2D0A4: ??? (in /usr/lib64/libqore.so.20.0.0)
==33==    by 0x4C3DDD1: ??? (in /usr/lib64/libqore.so.20.0.0)
==33== 
==33== 2 bytes in 1 blocks are indirectly lost in loss record 54 of 3,193
==33==    at 0x488087E: malloc (vg_replace_malloc.c:447)
==33==    by 0x5D6DF0E: strdup (in /usr/lib64/libc.so.6)
==33==    by 0xF43802A: ??? (in /usr/lib64/libodbc.so.2.0.0)
==33==    by 0xF440C34: ??? (in /usr/lib64/libodbc.so.2.0.0)
==33==    by 0xF3F7C44: ??? (in /usr/lib64/libodbc.so.2.0.0)
==33==    by 0xF40528F: SQLDriverConnect (in /usr/lib64/libodbc.so.2.0.0)
==33==    by 0xF37DFC9: odbc::ODBCConnection::connect(ExceptionSink*) (ODBCConnection.cpp:188)
==33==    by 0xF37DA19: odbc::ODBCConnection::ODBCConnection(Datasource*, ExceptionSink*) (ODBCConnection.cpp:71)
==33==    by 0xF37B9CC: odbc_open(Datasource*, ExceptionSink*) (odbc-module.cpp:94)
==33==    by 0x4DA8C2F: Datasource::open(ExceptionSink*) (in /usr/lib64/libqore.so.20.0.0)
==33==    by 0x4F2D0A4: ??? (in /usr/lib64/libqore.so.20.0.0)
==33==    by 0x4C3DDD1: ??? (in /usr/lib64/libqore.so.20.0.0)
==33== 
==33== 3 bytes in 1 blocks are indirectly lost in loss record 55 of 3,193
==33==    at 0x488087E: malloc (vg_replace_malloc.c:447)
==33==    by 0x5D6DF0E: strdup (in /usr/lib64/libc.so.6)
==33==    by 0xF438070: ??? (in /usr/lib64/libodbc.so.2.0.0)
==33==    by 0xF440C34: ??? (in /usr/lib64/libodbc.so.2.0.0)
==33==    by 0xF3F1D44: ??? (in /usr/lib64/libodbc.so.2.0.0)
==33==    by 0xF37F9D9: odbc::ODBCConnection::envInit(ExceptionSink*) (ODBCConnection.cpp:534)
==33==    by 0xF37D9D9: odbc::ODBCConnection::ODBCConnection(Datasource*, ExceptionSink*) (ODBCConnection.cpp:61)
==33==    by 0xF37B9CC: odbc_open(Datasource*, ExceptionSink*) (odbc-module.cpp:94)
==33==    by 0x4DA8C2F: Datasource::open(ExceptionSink*) (in /usr/lib64/libqore.so.20.0.0)
==33==    by 0x4F2D0A4: ??? (in /usr/lib64/libqore.so.20.0.0)
==33==    by 0x4C3DDD1: ??? (in /usr/lib64/libqore.so.20.0.0)
==33==    by 0x4C47C6B: ??? (in /usr/lib64/libqore.so.20.0.0)
==33== 
==33== 3 bytes in 1 blocks are indirectly lost in loss record 56 of 3,193
==33==    at 0x488087E: malloc (vg_replace_malloc.c:447)
==33==    by 0x5D6DF0E: strdup (in /usr/lib64/libc.so.6)
==33==    by 0xF43802A: ??? (in /usr/lib64/libodbc.so.2.0.0)
==33==    by 0xF440C34: ??? (in /usr/lib64/libodbc.so.2.0.0)
==33==    by 0xF3F1D44: ??? (in /usr/lib64/libodbc.so.2.0.0)
==33==    by 0xF37F9D9: odbc::ODBCConnection::envInit(ExceptionSink*) (ODBCConnection.cpp:534)
==33==    by 0xF37D9D9: odbc::ODBCConnection::ODBCConnection(Datasource*, ExceptionSink*) (ODBCConnection.cpp:61)
==33==    by 0xF37B9CC: odbc_open(Datasource*, ExceptionSink*) (odbc-module.cpp:94)
==33==    by 0x4DA8C2F: Datasource::open(ExceptionSink*) (in /usr/lib64/libqore.so.20.0.0)
==33==    by 0x4F2D0A4: ??? (in /usr/lib64/libqore.so.20.0.0)
==33==    by 0x4C3DDD1: ??? (in /usr/lib64/libqore.so.20.0.0)
==33==    by 0x4C47C6B: ??? (in /usr/lib64/libqore.so.20.0.0)
==33== 
==33== 3 bytes in 1 blocks are indirectly lost in loss record 57 of 3,193
==33==    at 0x488087E: malloc (vg_replace_malloc.c:447)
==33==    by 0x5D6DF0E: strdup (in /usr/lib64/libc.so.6)
==33==    by 0xF438070: ??? (in /usr/lib64/libodbc.so.2.0.0)
==33==    by 0xF440C34: ??? (in /usr/lib64/libodbc.so.2.0.0)
==33==    by 0xF3F84F8: ??? (in /usr/lib64/libodbc.so.2.0.0)
==33==    by 0xF40528F: SQLDriverConnect (in /usr/lib64/libodbc.so.2.0.0)
==33==    by 0xF37DFC9: odbc::ODBCConnection::connect(ExceptionSink*) (ODBCConnection.cpp:188)
==33==    by 0xF37DA19: odbc::ODBCConnection::ODBCConnection(Datasource*, ExceptionSink*) (ODBCConnection.cpp:71)
==33==    by 0xF37B9CC: odbc_open(Datasource*, ExceptionSink*) (odbc-module.cpp:94)
==33==    by 0x4DA8C2F: Datasource::open(ExceptionSink*) (in /usr/lib64/libqore.so.20.0.0)
==33==    by 0x4F2D0A4: ??? (in /usr/lib64/libqore.so.20.0.0)
==33==    by 0x4C3DDD1: ??? (in /usr/lib64/libqore.so.20.0.0)
==33== 
==33== 3 bytes in 1 blocks are indirectly lost in loss record 58 of 3,193
==33==    at 0x488087E: malloc (vg_replace_malloc.c:447)
==33==    by 0x5D6DF0E: strdup (in /usr/lib64/libc.so.6)
==33==    by 0xF43802A: ??? (in /usr/lib64/libodbc.so.2.0.0)
==33==    by 0xF440C34: ??? (in /usr/lib64/libodbc.so.2.0.0)
==33==    by 0xF3F84F8: ??? (in /usr/lib64/libodbc.so.2.0.0)
==33==    by 0xF40528F: SQLDriverConnect (in /usr/lib64/libodbc.so.2.0.0)
==33==    by 0xF37DFC9: odbc::ODBCConnection::connect(ExceptionSink*) (ODBCConnection.cpp:188)
==33==    by 0xF37DA19: odbc::ODBCConnection::ODBCConnection(Datasource*, ExceptionSink*) (ODBCConnection.cpp:71)
==33==    by 0xF37B9CC: odbc_open(Datasource*, ExceptionSink*) (odbc-module.cpp:94)
==33==    by 0x4DA8C2F: Datasource::open(ExceptionSink*) (in /usr/lib64/libqore.so.20.0.0)
==33==    by 0x4F2D0A4: ??? (in /usr/lib64/libqore.so.20.0.0)
==33==    by 0x4C3DDD1: ??? (in /usr/lib64/libqore.so.20.0.0)
==33== 
==33== 4 bytes in 1 blocks are indirectly lost in loss record 62 of 3,193
==33==    at 0x488087E: malloc (vg_replace_malloc.c:447)
==33==    by 0x5D6DF0E: strdup (in /usr/lib64/libc.so.6)
==33==    by 0xF5557C3: ??? (in /usr/lib64/libodbcinst.so.2.0.0)
==33==    by 0xF55B2A6: SQLGetPrivateProfileString (in /usr/lib64/libodbcinst.so.2.0.0)
==33==    by 0xF4A13E3: ??? (in /usr/lib64/psqlodbcw.so)
==33==    by 0xF4B7287: ??? (in /usr/lib64/psqlodbcw.so)
==33==    by 0xF4CA501: ??? (in /usr/lib64/psqlodbcw.so)
==33==    by 0xF4A427D: SQLDriverConnect (in /usr/lib64/psqlodbcw.so)
==33==    by 0xF4052FB: SQLDriverConnect (in /usr/lib64/libodbc.so.2.0.0)
==33==    by 0xF37DFC9: odbc::ODBCConnection::connect(ExceptionSink*) (ODBCConnection.cpp:188)
==33==    by 0xF37DA19: odbc::ODBCConnection::ODBCConnection(Datasource*, ExceptionSink*) (ODBCConnection.cpp:71)
==33==    by 0xF37B9CC: odbc_open(Datasource*, ExceptionSink*) (odbc-module.cpp:94)
==33== 
==33== 5 bytes in 1 blocks are indirectly lost in loss record 65 of 3,193
==33==    at 0x488087E: malloc (vg_replace_malloc.c:447)
==33==    by 0x5D6DF0E: strdup (in /usr/lib64/libc.so.6)
==33==    by 0xF437FFD: ??? (in /usr/lib64/libodbc.so.2.0.0)
==33==    by 0xF440C34: ??? (in /usr/lib64/libodbc.so.2.0.0)
==33==    by 0xF3F1C8D: ??? (in /usr/lib64/libodbc.so.2.0.0)
==33==    by 0xF37F9D9: odbc::ODBCConnection::envInit(ExceptionSink*) (ODBCConnection.cpp:534)
==33==    by 0xF37D9D9: odbc::ODBCConnection::ODBCConnection(Datasource*, ExceptionSink*) (ODBCConnection.cpp:61)
==33==    by 0xF37B9CC: odbc_open(Datasource*, ExceptionSink*) (odbc-module.cpp:94)
==33==    by 0x4DA8C2F: Datasource::open(ExceptionSink*) (in /usr/lib64/libqore.so.20.0.0)
==33==    by 0x4F2D0A4: ??? (in /usr/lib64/libqore.so.20.0.0)
==33==    by 0x4C3DDD1: ??? (in /usr/lib64/libqore.so.20.0.0)
==33==    by 0x4C47C6B: ??? (in /usr/lib64/libqore.so.20.0.0)
==33== 
==33== 5 bytes in 1 blocks are indirectly lost in loss record 66 of 3,193
==33==    at 0x488087E: malloc (vg_replace_malloc.c:447)
==33==    by 0x5D6DF0E: strdup (in /usr/lib64/libc.so.6)
==33==    by 0xF437FFD: ??? (in /usr/lib64/libodbc.so.2.0.0)
==33==    by 0xF440C34: ??? (in /usr/lib64/libodbc.so.2.0.0)
==33==    by 0xF3F1D44: ??? (in /usr/lib64/libodbc.so.2.0.0)
==33==    by 0xF37F9D9: odbc::ODBCConnection::envInit(ExceptionSink*) (ODBCConnection.cpp:534)
==33==    by 0xF37D9D9: odbc::ODBCConnection::ODBCConnection(Datasource*, ExceptionSink*) (ODBCConnection.cpp:61)
==33==    by 0xF37B9CC: odbc_open(Datasource*, ExceptionSink*) (odbc-module.cpp:94)
==33==    by 0x4DA8C2F: Datasource::open(ExceptionSink*) (in /usr/lib64/libqore.so.20.0.0)
==33==    by 0x4F2D0A4: ??? (in /usr/lib64/libqore.so.20.0.0)
==33==    by 0x4C3DDD1: ??? (in /usr/lib64/libqore.so.20.0.0)
==33==    by 0x4C47C6B: ??? (in /usr/lib64/libqore.so.20.0.0)
==33== 
==33== 5 bytes in 1 blocks are indirectly lost in loss record 67 of 3,193
==33==    at 0x488087E: malloc (vg_replace_malloc.c:447)
==33==    by 0x5D6DF0E: strdup (in /usr/lib64/libc.so.6)
==33==    by 0xF437FFD: ??? (in /usr/lib64/libodbc.so.2.0.0)
==33==    by 0xF440C34: ??? (in /usr/lib64/libodbc.so.2.0.0)
==33==    by 0xF3F79C2: ??? (in /usr/lib64/libodbc.so.2.0.0)
==33==    by 0xF40528F: SQLDriverConnect (in /usr/lib64/libodbc.so.2.0.0)
==33==    by 0xF37DFC9: odbc::ODBCConnection::connect(ExceptionSink*) (ODBCConnection.cpp:188)
==33==    by 0xF37DA19: odbc::ODBCConnection::ODBCConnection(Datasource*, ExceptionSink*) (ODBCConnection.cpp:71)
==33==    by 0xF37B9CC: odbc_open(Datasource*, ExceptionSink*) (odbc-module.cpp:94)
==33==    by 0x4DA8C2F: Datasource::open(ExceptionSink*) (in /usr/lib64/libqore.so.20.0.0)
==33==    by 0x4F2D0A4: ??? (in /usr/lib64/libqore.so.20.0.0)
==33==    by 0x4C3DDD1: ??? (in /usr/lib64/libqore.so.20.0.0)
==33== 
==33== 6 bytes in 1 blocks are indirectly lost in loss record 68 of 3,193
==33==    at 0x488087E: malloc (vg_replace_malloc.c:447)
==33==    by 0x5D6DF0E: strdup (in /usr/lib64/libc.so.6)
==33==    by 0xF43800E: ??? (in /usr/lib64/libodbc.so.2.0.0)
==33==    by 0xF440C34: ??? (in /usr/lib64/libodbc.so.2.0.0)
==33==    by 0xF3F1D44: ??? (in /usr/lib64/libodbc.so.2.0.0)
==33==    by 0xF37F9D9: odbc::ODBCConnection::envInit(ExceptionSink*) (ODBCConnection.cpp:534)
==33==    by 0xF37D9D9: odbc::ODBCConnection::ODBCConnection(Datasource*, ExceptionSink*) (ODBCConnection.cpp:61)
==33==    by 0xF37B9CC: odbc_open(Datasource*, ExceptionSink*) (odbc-module.cpp:94)
==33==    by 0x4DA8C2F: Datasource::open(ExceptionSink*) (in /usr/lib64/libqore.so.20.0.0)
==33==    by 0x4F2D0A4: ??? (in /usr/lib64/libqore.so.20.0.0)
==33==    by 0x4C3DDD1: ??? (in /usr/lib64/libqore.so.20.0.0)
==33==    by 0x4C47C6B: ??? (in /usr/lib64/libqore.so.20.0.0)
==33== 
==33== 6 bytes in 1 blocks are indirectly lost in loss record 69 of 3,193
==33==    at 0x488087E: malloc (vg_replace_malloc.c:447)
==33==    by 0x5D6DF0E: strdup (in /usr/lib64/libc.so.6)
==33==    by 0xF5557C3: ??? (in /usr/lib64/libodbcinst.so.2.0.0)
==33==    by 0xF55B2A6: SQLGetPrivateProfileString (in /usr/lib64/libodbcinst.so.2.0.0)
==33==    by 0xF4A8AB3: ??? (in /usr/lib64/psqlodbcw.so)
==33==    by 0xF4AD326: ??? (in /usr/lib64/psqlodbcw.so)
==33==    by 0xF4B0D8D: ??? (in /usr/lib64/psqlodbcw.so)
==33==    by 0xF46AEE2: ??? (in /usr/lib64/psqlodbcw.so)
==33==    by 0x4042656: call_init (dl-init.c:74)
==33==    by 0x4042656: call_init (dl-init.c:26)
==33==    by 0x404274C: _dl_init (dl-init.c:121)
==33==    by 0x403E5C1: _dl_catch_exception (dl-catch.c:211)
==33==    by 0x40497BC: dl_open_worker (dl-open.c:827)
==33== 
==33== 6 bytes in 1 blocks are indirectly lost in loss record 70 of 3,193
==33==    at 0x488087E: malloc (vg_replace_malloc.c:447)
==33==    by 0x5D6DF0E: strdup (in /usr/lib64/libc.so.6)
==33==    by 0xF5557C3: ??? (in /usr/lib64/libodbcinst.so.2.0.0)
==33==    by 0xF55B2A6: SQLGetPrivateProfileString (in /usr/lib64/libodbcinst.so.2.0.0)
==33==    by 0xF4A1353: ??? (in /usr/lib64/psqlodbcw.so)
==33==    by 0xF4B7287: ??? (in /usr/lib64/psqlodbcw.so)
==33==    by 0xF4CA501: ??? (in /usr/lib64/psqlodbcw.so)
==33==    by 0xF4A427D: SQLDriverConnect (in /usr/lib64/psqlodbcw.so)
==33==    by 0xF4052FB: SQLDriverConnect (in /usr/lib64/libodbc.so.2.0.0)
==33==    by 0xF37DFC9: odbc::ODBCConnection::connect(ExceptionSink*) (ODBCConnection.cpp:188)
==33==    by 0xF37DA19: odbc::ODBCConnection::ODBCConnection(Datasource*, ExceptionSink*) (ODBCConnection.cpp:71)
==33==    by 0xF37B9CC: odbc_open(Datasource*, ExceptionSink*) (odbc-module.cpp:94)
==33== 
==33== 6 bytes in 1 blocks are indirectly lost in loss record 71 of 3,193
==33==    at 0x488087E: malloc (vg_replace_malloc.c:447)
==33==    by 0x5D6DF0E: strdup (in /usr/lib64/libc.so.6)
==33==    by 0xF5557C3: ??? (in /usr/lib64/libodbcinst.so.2.0.0)
==33==    by 0xF55B2A6: SQLGetPrivateProfileString (in /usr/lib64/libodbcinst.so.2.0.0)
==33==    by 0xF4A1418: ??? (in /usr/lib64/psqlodbcw.so)
==33==    by 0xF4B7287: ??? (in /usr/lib64/psqlodbcw.so)
==33==    by 0xF4CA501: ??? (in /usr/lib64/psqlodbcw.so)
==33==    by 0xF4A427D: SQLDriverConnect (in /usr/lib64/psqlodbcw.so)
==33==    by 0xF4052FB: SQLDriverConnect (in /usr/lib64/libodbc.so.2.0.0)
==33==    by 0xF37DFC9: odbc::ODBCConnection::connect(ExceptionSink*) (ODBCConnection.cpp:188)
==33==    by 0xF37DA19: odbc::ODBCConnection::ODBCConnection(Datasource*, ExceptionSink*) (ODBCConnection.cpp:71)
==33==    by 0xF37B9CC: odbc_open(Datasource*, ExceptionSink*) (odbc-module.cpp:94)
==33== 
==33== 6 bytes in 1 blocks are indirectly lost in loss record 72 of 3,193
==33==    at 0x488087E: malloc (vg_replace_malloc.c:447)
==33==    by 0x5D6DF0E: strdup (in /usr/lib64/libc.so.6)
==33==    by 0xF55582C: ??? (in /usr/lib64/libodbcinst.so.2.0.0)
==33==    by 0xF55B2A6: SQLGetPrivateProfileString (in /usr/lib64/libodbcinst.so.2.0.0)
==33==    by 0xF4A1592: ??? (in /usr/lib64/psqlodbcw.so)
==33==    by 0xF4B7287: ??? (in /usr/lib64/psqlodbcw.so)
==33==    by 0xF4CA501: ??? (in /usr/lib64/psqlodbcw.so)
==33==    by 0xF4A427D: SQLDriverConnect (in /usr/lib64/psqlodbcw.so)
==33==    by 0xF4052FB: SQLDriverConnect (in /usr/lib64/libodbc.so.2.0.0)
==33==    by 0xF37DFC9: odbc::ODBCConnection::connect(ExceptionSink*) (ODBCConnection.cpp:188)
==33==    by 0xF37DA19: odbc::ODBCConnection::ODBCConnection(Datasource*, ExceptionSink*) (ODBCConnection.cpp:71)
==33==    by 0xF37B9CC: odbc_open(Datasource*, ExceptionSink*) (odbc-module.cpp:94)
==33== 
==33== 6 bytes in 1 blocks are indirectly lost in loss record 73 of 3,193
==33==    at 0x488087E: malloc (vg_replace_malloc.c:447)
==33==    by 0x5D6DF0E: strdup (in /usr/lib64/libc.so.6)
==33==    by 0xF5557E8: ??? (in /usr/lib64/libodbcinst.so.2.0.0)
==33==    by 0xF55B2A6: SQLGetPrivateProfileString (in /usr/lib64/libodbcinst.so.2.0.0)
==33==    by 0xF4A1592: ??? (in /usr/lib64/psqlodbcw.so)
==33==    by 0xF4B7287: ??? (in /usr/lib64/psqlodbcw.so)
==33==    by 0xF4CA501: ??? (in /usr/lib64/psqlodbcw.so)
==33==    by 0xF4A427D: SQLDriverConnect (in /usr/lib64/psqlodbcw.so)
==33==    by 0xF4052FB: SQLDriverConnect (in /usr/lib64/libodbc.so.2.0.0)
==33==    by 0xF37DFC9: odbc::ODBCConnection::connect(ExceptionSink*) (ODBCConnection.cpp:188)
==33==    by 0xF37DA19: odbc::ODBCConnection::ODBCConnection(Datasource*, ExceptionSink*) (ODBCConnection.cpp:71)
==33==    by 0xF37B9CC: odbc_open(Datasource*, ExceptionSink*) (odbc-module.cpp:94)
==33== 
==33== 6 bytes in 1 blocks are indirectly lost in loss record 74 of 3,193
==33==    at 0x488087E: malloc (vg_replace_malloc.c:447)
==33==    by 0x5D6DF0E: strdup (in /usr/lib64/libc.so.6)
==33==    by 0xF55582C: ??? (in /usr/lib64/libodbcinst.so.2.0.0)
==33==    by 0xF55B2A6: SQLGetPrivateProfileString (in /usr/lib64/libodbcinst.so.2.0.0)
==33==    by 0xF4A1611: ??? (in /usr/lib64/psqlodbcw.so)
==33==    by 0xF4B7287: ??? (in /usr/lib64/psqlodbcw.so)
==33==    by 0xF4CA501: ??? (in /usr/lib64/psqlodbcw.so)
==33==    by 0xF4A427D: SQLDriverConnect (in /usr/lib64/psqlodbcw.so)
==33==    by 0xF4052FB: SQLDriverConnect (in /usr/lib64/libodbc.so.2.0.0)
==33==    by 0xF37DFC9: odbc::ODBCConnection::connect(ExceptionSink*) (ODBCConnection.cpp:188)
==33==    by 0xF37DA19: odbc::ODBCConnection::ODBCConnection(Datasource*, ExceptionSink*) (ODBCConnection.cpp:71)
==33==    by 0xF37B9CC: odbc_open(Datasource*, ExceptionSink*) (odbc-module.cpp:94)
==33== 
==33== 6 bytes in 1 blocks are indirectly lost in loss record 75 of 3,193
==33==    at 0x488087E: malloc (vg_replace_malloc.c:447)
==33==    by 0x5D6DF0E: strdup (in /usr/lib64/libc.so.6)
==33==    by 0xF5557E8: ??? (in /usr/lib64/libodbcinst.so.2.0.0)
==33==    by 0xF55B2A6: SQLGetPrivateProfileString (in /usr/lib64/libodbcinst.so.2.0.0)
==33==    by 0xF4A1611: ??? (in /usr/lib64/psqlodbcw.so)
==33==    by 0xF4B7287: ??? (in /usr/lib64/psqlodbcw.so)
==33==    by 0xF4CA501: ??? (in /usr/lib64/psqlodbcw.so)
==33==    by 0xF4A427D: SQLDriverConnect (in /usr/lib64/psqlodbcw.so)
==33==    by 0xF4052FB: SQLDriverConnect (in /usr/lib64/libodbc.so.2.0.0)
==33==    by 0xF37DFC9: odbc::ODBCConnection::connect(ExceptionSink*) (ODBCConnection.cpp:188)
==33==    by 0xF37DA19: odbc::ODBCConnection::ODBCConnection(Datasource*, ExceptionSink*) (ODBCConnection.cpp:71)
==33==    by 0xF37B9CC: odbc_open(Datasource*, ExceptionSink*) (odbc-module.cpp:94)
==33== 
==33== 7 bytes in 1 blocks are indirectly lost in loss record 78 of 3,193
==33==    at 0x488087E: malloc (vg_replace_malloc.c:447)
==33==    by 0x5D6DF0E: strdup (in /usr/lib64/libc.so.6)
==33==    by 0xF43800E: ??? (in /usr/lib64/libodbc.so.2.0.0)
==33==    by 0xF440C34: ??? (in /usr/lib64/libodbc.so.2.0.0)
==33==    by 0xF405FDE: SQLDriverConnect (in /usr/lib64/libodbc.so.2.0.0)
==33==    by 0xF37DFC9: odbc::ODBCConnection::connect(ExceptionSink*) (ODBCConnection.cpp:188)
==33==    by 0xF37DA19: odbc::ODBCConnection::ODBCConnection(Datasource*, ExceptionSink*) (ODBCConnection.cpp:71)
==33==    by 0xF37B9CC: odbc_open(Datasource*, ExceptionSink*) (odbc-module.cpp:94)
==33==    by 0x4DA8C2F: Datasource::open(ExceptionSink*) (in /usr/lib64/libqore.so.20.0.0)
==33==    by 0x4F2D0A4: ??? (in /usr/lib64/libqore.so.20.0.0)
==33==    by 0x4C3DDD1: ??? (in /usr/lib64/libqore.so.20.0.0)
==33==    by 0x4C47C6B: ??? (in /usr/lib64/libqore.so.20.0.0)
==33== 
==33== 7 bytes in 1 blocks are indirectly lost in loss record 79 of 3,193
==33==    at 0x488087E: malloc (vg_replace_malloc.c:447)
==33==    by 0xF45DB10: lt__malloc (in /usr/lib64/libltdl.so.7.3.2)
==33==    by 0xF46042A: ??? (in /usr/lib64/libltdl.so.7.3.2)
==33==    by 0xF4611F6: lt_dlopenadvise (in /usr/lib64/libltdl.so.7.3.2)
==33==    by 0xF46145D: lt_dlpreload_open (in /usr/lib64/libltdl.so.7.3.2)
==33==    by 0xF3F7CE2: ??? (in /usr/lib64/libodbc.so.2.0.0)
==33==    by 0xF40528F: SQLDriverConnect (in /usr/lib64/libodbc.so.2.0.0)
==33==    by 0xF37DFC9: odbc::ODBCConnection::connect(ExceptionSink*) (ODBCConnection.cpp:188)
==33==    by 0xF37DA19: odbc::ODBCConnection::ODBCConnection(Datasource*, ExceptionSink*) (ODBCConnection.cpp:71)
==33==    by 0xF37B9CC: odbc_open(Datasource*, ExceptionSink*) (odbc-module.cpp:94)
==33==    by 0x4DA8C2F: Datasource::open(ExceptionSink*) (in /usr/lib64/libqore.so.20.0.0)
==33==    by 0x4F2D0A4: ??? (in /usr/lib64/libqore.so.20.0.0)
==33== 
==33== 7 bytes in 1 blocks are indirectly lost in loss record 80 of 3,193
==33==    at 0x488087E: malloc (vg_replace_malloc.c:447)
==33==    by 0x5D6DF0E: strdup (in /usr/lib64/libc.so.6)
==33==    by 0xF5557C3: ??? (in /usr/lib64/libodbcinst.so.2.0.0)
==33==    by 0xF55B2A6: SQLGetPrivateProfileString (in /usr/lib64/libodbcinst.so.2.0.0)
==33==    by 0xF4B0D5D: ??? (in /usr/lib64/psqlodbcw.so)
==33==    by 0xF46AEE2: ??? (in /usr/lib64/psqlodbcw.so)
==33==    by 0x4042656: call_init (dl-init.c:74)
==33==    by 0x4042656: call_init (dl-init.c:26)
==33==    by 0x404274C: _dl_init (dl-init.c:121)
==33==    by 0x403E5C1: _dl_catch_exception (dl-catch.c:211)
==33==    by 0x40497BC: dl_open_worker (dl-open.c:827)
==33==    by 0x403E522: _dl_catch_exception (dl-catch.c:237)
==33==    by 0x4049BE1: _dl_open (dl-open.c:903)
==33== 
==33== 8 bytes in 1 blocks are indirectly lost in loss record 87 of 3,193
==33==    at 0x488087E: malloc (vg_replace_malloc.c:447)
==33==    by 0x5D6DF0E: strdup (in /usr/lib64/libc.so.6)
==33==    by 0xF43800E: ??? (in /usr/lib64/libodbc.so.2.0.0)
==33==    by 0xF440C34: ??? (in /usr/lib64/libodbc.so.2.0.0)
==33==    by 0xF3F1C8D: ??? (in /usr/lib64/libodbc.so.2.0.0)
==33==    by 0xF37F9D9: odbc::ODBCConnection::envInit(ExceptionSink*) (ODBCConnection.cpp:534)
==33==    by 0xF37D9D9: odbc::ODBCConnection::ODBCConnection(Datasource*, ExceptionSink*) (ODBCConnection.cpp:61)
==33==    by 0xF37B9CC: odbc_open(Datasource*, ExceptionSink*) (odbc-module.cpp:94)
==33==    by 0x4DA8C2F: Datasource::open(ExceptionSink*) (in /usr/lib64/libqore.so.20.0.0)
==33==    by 0x4F2D0A4: ??? (in /usr/lib64/libqore.so.20.0.0)
==33==    by 0x4C3DDD1: ??? (in /usr/lib64/libqore.so.20.0.0)
==33==    by 0x4C47C6B: ??? (in /usr/lib64/libqore.so.20.0.0)
==33== 
==33== 8 bytes in 1 blocks are indirectly lost in loss record 88 of 3,193
==33==    at 0x488087E: malloc (vg_replace_malloc.c:447)
==33==    by 0x5D6DF0E: strdup (in /usr/lib64/libc.so.6)
==33==    by 0xF43800E: ??? (in /usr/lib64/libodbc.so.2.0.0)
==33==    by 0xF440C34: ??? (in /usr/lib64/libodbc.so.2.0.0)
==33==    by 0xF3F7BF7: ??? (in /usr/lib64/libodbc.so.2.0.0)
==33==    by 0xF40528F: SQLDriverConnect (in /usr/lib64/libodbc.so.2.0.0)
==33==    by 0xF37DFC9: odbc::ODBCConnection::connect(ExceptionSink*) (ODBCConnection.cpp:188)
==33==    by 0xF37DA19: odbc::ODBCConnection::ODBCConnection(Datasource*, ExceptionSink*) (ODBCConnection.cpp:71)
==33==    by 0xF37B9CC: odbc_open(Datasource*, ExceptionSink*) (odbc-module.cpp:94)
==33==    by 0x4DA8C2F: Datasource::open(ExceptionSink*) (in /usr/lib64/libqore.so.20.0.0)
==33==    by 0x4F2D0A4: ??? (in /usr/lib64/libqore.so.20.0.0)
==33==    by 0x4C3DDD1: ??? (in /usr/lib64/libqore.so.20.0.0)
==33== 
==33== 8 bytes in 1 blocks are indirectly lost in loss record 89 of 3,193
==33==    at 0x488087E: malloc (vg_replace_malloc.c:447)
==33==    by 0x5D6DF0E: strdup (in /usr/lib64/libc.so.6)
==33==    by 0xF5557C3: ??? (in /usr/lib64/libodbcinst.so.2.0.0)
==33==    by 0xF55B2A6: SQLGetPrivateProfileString (in /usr/lib64/libodbcinst.so.2.0.0)
==33==    by 0xF4A8B43: ??? (in /usr/lib64/psqlodbcw.so)
==33==    by 0xF4AD34E: ??? (in /usr/lib64/psqlodbcw.so)
==33==    by 0xF4B0D8D: ??? (in /usr/lib64/psqlodbcw.so)
==33==    by 0xF46AEE2: ??? (in /usr/lib64/psqlodbcw.so)
==33==    by 0x4042656: call_init (dl-init.c:74)
==33==    by 0x4042656: call_init (dl-init.c:26)
==33==    by 0x404274C: _dl_init (dl-init.c:121)
==33==    by 0x403E5C1: _dl_catch_exception (dl-catch.c:211)
==33==    by 0x40497BC: dl_open_worker (dl-open.c:827)
==33== 
==33== 9 bytes in 1 blocks are indirectly lost in loss record 92 of 3,193
==33==    at 0x488087E: malloc (vg_replace_malloc.c:447)
==33==    by 0x5D6DF0E: strdup (in /usr/lib64/libc.so.6)
==33==    by 0xF43800E: ??? (in /usr/lib64/libodbc.so.2.0.0)
==33==    by 0xF440C34: ??? (in /usr/lib64/libodbc.so.2.0.0)
==33==    by 0xF4051E2: SQLDriverConnect (in /usr/lib64/libodbc.so.2.0.0)
==33==    by 0xF37DFC9: odbc::ODBCConnection::connect(ExceptionSink*) (ODBCConnection.cpp:188)
==33==    by 0xF37DA19: odbc::ODBCConnection::ODBCConnection(Datasource*, ExceptionSink*) (ODBCConnection.cpp:71)
==33==    by 0xF37B9CC: odbc_open(Datasource*, ExceptionSink*) (odbc-module.cpp:94)
==33==    by 0x4DA8C2F: Datasource::open(ExceptionSink*) (in /usr/lib64/libqore.so.20.0.0)
==33==    by 0x4F2D0A4: ??? (in /usr/lib64/libqore.so.20.0.0)
==33==    by 0x4C3DDD1: ??? (in /usr/lib64/libqore.so.20.0.0)
==33==    by 0x4C47C6B: ??? (in /usr/lib64/libqore.so.20.0.0)
==33== 
==33== 9 bytes in 1 blocks are indirectly lost in loss record 93 of 3,193
==33==    at 0x488087E: malloc (vg_replace_malloc.c:447)
==33==    by 0xF45DB10: lt__malloc (in /usr/lib64/libltdl.so.7.3.2)
==33==    by 0xF45DEC8: lt__memdup (in /usr/lib64/libltdl.so.7.3.2)
==33==    by 0xF45E607: ??? (in /usr/lib64/libltdl.so.7.3.2)
==33==    by 0xF460C52: ??? (in /usr/lib64/libltdl.so.7.3.2)
==33==    by 0xF4611F6: lt_dlopenadvise (in /usr/lib64/libltdl.so.7.3.2)
==33==    by 0xF46145D: lt_dlpreload_open (in /usr/lib64/libltdl.so.7.3.2)
==33==    by 0xF3F7CE2: ??? (in /usr/lib64/libodbc.so.2.0.0)
==33==    by 0xF40528F: SQLDriverConnect (in /usr/lib64/libodbc.so.2.0.0)
==33==    by 0xF37DFC9: odbc::ODBCConnection::connect(ExceptionSink*) (ODBCConnection.cpp:188)
==33==    by 0xF37DA19: odbc::ODBCConnection::ODBCConnection(Datasource*, ExceptionSink*) (ODBCConnection.cpp:71)
==33==    by 0xF37B9CC: odbc_open(Datasource*, ExceptionSink*) (odbc-module.cpp:94)
==33== 
==33== 9 bytes in 1 blocks are indirectly lost in loss record 94 of 3,193
==33==    at 0x488087E: malloc (vg_replace_malloc.c:447)
==33==    by 0x5D6DF0E: strdup (in /usr/lib64/libc.so.6)
==33==    by 0xF5557C3: ??? (in /usr/lib64/libodbcinst.so.2.0.0)
==33==    by 0xF55B2A6: SQLGetPrivateProfileString (in /usr/lib64/libodbcinst.so.2.0.0)
==33==    by 0xF4A1611: ??? (in /usr/lib64/psqlodbcw.so)
==33==    by 0xF4B7287: ??? (in /usr/lib64/psqlodbcw.so)
==33==    by 0xF4CA501: ??? (in /usr/lib64/psqlodbcw.so)
==33==    by 0xF4A427D: SQLDriverConnect (in /usr/lib64/psqlodbcw.so)
==33==    by 0xF4052FB: SQLDriverConnect (in /usr/lib64/libodbc.so.2.0.0)
==33==    by 0xF37DFC9: odbc::ODBCConnection::connect(ExceptionSink*) (ODBCConnection.cpp:188)
==33==    by 0xF37DA19: odbc::ODBCConnection::ODBCConnection(Datasource*, ExceptionSink*) (ODBCConnection.cpp:71)
==33==    by 0xF37B9CC: odbc_open(Datasource*, ExceptionSink*) (odbc-module.cpp:94)
==33== 
==33== 10 bytes in 1 blocks are indirectly lost in loss record 96 of 3,193
==33==    at 0x488087E: malloc (vg_replace_malloc.c:447)
==33==    by 0x5D6DF0E: strdup (in /usr/lib64/libc.so.6)
==33==    by 0xF43800E: ??? (in /usr/lib64/libodbc.so.2.0.0)
==33==    by 0xF440C34: ??? (in /usr/lib64/libodbc.so.2.0.0)
==33==    by 0xF3FC2BC: ??? (in /usr/lib64/libodbc.so.2.0.0)
==33==    by 0xF405215: SQLDriverConnect (in /usr/lib64/libodbc.so.2.0.0)
==33==    by 0xF37DFC9: odbc::ODBCConnection::connect(ExceptionSink*) (ODBCConnection.cpp:188)
==33==    by 0xF37DA19: odbc::ODBCConnection::ODBCConnection(Datasource*, ExceptionSink*) (ODBCConnection.cpp:71)
==33==    by 0xF37B9CC: odbc_open(Datasource*, ExceptionSink*) (odbc-module.cpp:94)
==33==    by 0x4DA8C2F: Datasource::open(ExceptionSink*) (in /usr/lib64/libqore.so.20.0.0)
==33==    by 0x4F2D0A4: ??? (in /usr/lib64/libqore.so.20.0.0)
==33==    by 0x4C3DDD1: ??? (in /usr/lib64/libqore.so.20.0.0)
==33== 
==33== 10 bytes in 1 blocks are indirectly lost in loss record 97 of 3,193
==33==    at 0x488087E: malloc (vg_replace_malloc.c:447)
==33==    by 0x5D6DF0E: strdup (in /usr/lib64/libc.so.6)
==33==    by 0xF43800E: ??? (in /usr/lib64/libodbc.so.2.0.0)
==33==    by 0xF440C34: ??? (in /usr/lib64/libodbc.so.2.0.0)
==33==    by 0xF3F84F8: ??? (in /usr/lib64/libodbc.so.2.0.0)
==33==    by 0xF40528F: SQLDriverConnect (in /usr/lib64/libodbc.so.2.0.0)
==33==    by 0xF37DFC9: odbc::ODBCConnection::connect(ExceptionSink*) (ODBCConnection.cpp:188)
==33==    by 0xF37DA19: odbc::ODBCConnection::ODBCConnection(Datasource*, ExceptionSink*) (ODBCConnection.cpp:71)
==33==    by 0xF37B9CC: odbc_open(Datasource*, ExceptionSink*) (odbc-module.cpp:94)
==33==    by 0x4DA8C2F: Datasource::open(ExceptionSink*) (in /usr/lib64/libqore.so.20.0.0)
==33==    by 0x4F2D0A4: ??? (in /usr/lib64/libqore.so.20.0.0)
==33==    by 0x4C3DDD1: ??? (in /usr/lib64/libqore.so.20.0.0)
==33== 
==33== 10 bytes in 1 blocks are indirectly lost in loss record 98 of 3,193
==33==    at 0x488087E: malloc (vg_replace_malloc.c:447)
==33==    by 0x5D6DF0E: strdup (in /usr/lib64/libc.so.6)
==33==    by 0xF43800E: ??? (in /usr/lib64/libodbc.so.2.0.0)
==33==    by 0xF440C34: ??? (in /usr/lib64/libodbc.so.2.0.0)
==33==    by 0xF3F79C2: ??? (in /usr/lib64/libodbc.so.2.0.0)
==33==    by 0xF40528F: SQLDriverConnect (in /usr/lib64/libodbc.so.2.0.0)
==33==    by 0xF37DFC9: odbc::ODBCConnection::connect(ExceptionSink*) (ODBCConnection.cpp:188)
==33==    by 0xF37DA19: odbc::ODBCConnection::ODBCConnection(Datasource*, ExceptionSink*) (ODBCConnection.cpp:71)
==33==    by 0xF37B9CC: odbc_open(Datasource*, ExceptionSink*) (odbc-module.cpp:94)
==33==    by 0x4DA8C2F: Datasource::open(ExceptionSink*) (in /usr/lib64/libqore.so.20.0.0)
==33==    by 0x4F2D0A4: ??? (in /usr/lib64/libqore.so.20.0.0)
==33==    by 0x4C3DDD1: ??? (in /usr/lib64/libqore.so.20.0.0)
==33== 
==33== 10 bytes in 1 blocks are indirectly lost in loss record 99 of 3,193
==33==    at 0x488087E: malloc (vg_replace_malloc.c:447)
==33==    by 0x5D6DF0E: strdup (in /usr/lib64/libc.so.6)
==33==    by 0xF43800E: ??? (in /usr/lib64/libodbc.so.2.0.0)
==33==    by 0xF440C34: ??? (in /usr/lib64/libodbc.so.2.0.0)
==33==    by 0xF3F7B6C: ??? (in /usr/lib64/libodbc.so.2.0.0)
==33==    by 0xF40528F: SQLDriverConnect (in /usr/lib64/libodbc.so.2.0.0)
==33==    by 0xF37DFC9: odbc::ODBCConnection::connect(ExceptionSink*) (ODBCConnection.cpp:188)
==33==    by 0xF37DA19: odbc::ODBCConnection::ODBCConnection(Datasource*, ExceptionSink*) (ODBCConnection.cpp:71)
==33==    by 0xF37B9CC: odbc_open(Datasource*, ExceptionSink*) (odbc-module.cpp:94)
==33==    by 0x4DA8C2F: Datasource::open(ExceptionSink*) (in /usr/lib64/libqore.so.20.0.0)
==33==    by 0x4F2D0A4: ??? (in /usr/lib64/libqore.so.20.0.0)
==33==    by 0x4C3DDD1: ??? (in /usr/lib64/libqore.so.20.0.0)
==33== 
==33== 10 bytes in 1 blocks are indirectly lost in loss record 100 of 3,193
==33==    at 0x488087E: malloc (vg_replace_malloc.c:447)
==33==    by 0xF45DB10: lt__malloc (in /usr/lib64/libltdl.so.7.3.2)
==33==    by 0xF46042A: ??? (in /usr/lib64/libltdl.so.7.3.2)
==33==    by 0xF4611F6: lt_dlopenadvise (in /usr/lib64/libltdl.so.7.3.2)
==33==    by 0xF3F63AF: ??? (in /usr/lib64/libodbc.so.2.0.0)
==33==    by 0xF3F7D24: ??? (in /usr/lib64/libodbc.so.2.0.0)
==33==    by 0xF40528F: SQLDriverConnect (in /usr/lib64/libodbc.so.2.0.0)
==33==    by 0xF37DFC9: odbc::ODBCConnection::connect(ExceptionSink*) (ODBCConnection.cpp:188)
==33==    by 0xF37DA19: odbc::ODBCConnection::ODBCConnection(Datasource*, ExceptionSink*) (ODBCConnection.cpp:71)
==33==    by 0xF37B9CC: odbc_open(Datasource*, ExceptionSink*) (odbc-module.cpp:94)
==33==    by 0x4DA8C2F: Datasource::open(ExceptionSink*) (in /usr/lib64/libqore.so.20.0.0)
==33==    by 0x4F2D0A4: ??? (in /usr/lib64/libqore.so.20.0.0)
==33== 
==33== 12 bytes in 1 blocks are indirectly lost in loss record 102 of 3,193
==33==    at 0x488087E: malloc (vg_replace_malloc.c:447)
==33==    by 0x5D6DF0E: strdup (in /usr/lib64/libc.so.6)
==33==    by 0xF43800E: ??? (in /usr/lib64/libodbc.so.2.0.0)
==33==    by 0xF440C34: ??? (in /usr/lib64/libodbc.so.2.0.0)
==33==    by 0xF3F7B01: ??? (in /usr/lib64/libodbc.so.2.0.0)
==33==    by 0xF40528F: SQLDriverConnect (in /usr/lib64/libodbc.so.2.0.0)
==33==    by 0xF37DFC9: odbc::ODBCConnection::connect(ExceptionSink*) (ODBCConnection.cpp:188)
==33==    by 0xF37DA19: odbc::ODBCConnection::ODBCConnection(Datasource*, ExceptionSink*) (ODBCConnection.cpp:71)
==33==    by 0xF37B9CC: odbc_open(Datasource*, ExceptionSink*) (odbc-module.cpp:94)
==33==    by 0x4DA8C2F: Datasource::open(ExceptionSink*) (in /usr/lib64/libqore.so.20.0.0)
==33==    by 0x4F2D0A4: ??? (in /usr/lib64/libqore.so.20.0.0)
==33==    by 0x4C3DDD1: ??? (in /usr/lib64/libqore.so.20.0.0)
==33== 
==33== 12 bytes in 1 blocks are indirectly lost in loss record 103 of 3,193
==33==    at 0x488087E: malloc (vg_replace_malloc.c:447)
==33==    by 0x5D6DF0E: strdup (in /usr/lib64/libc.so.6)
==33==    by 0xF43800E: ??? (in /usr/lib64/libodbc.so.2.0.0)
==33==    by 0xF440C34: ??? (in /usr/lib64/libodbc.so.2.0.0)
==33==    by 0xF3F7C44: ??? (in /usr/lib64/libodbc.so.2.0.0)
==33==    by 0xF40528F: SQLDriverConnect (in /usr/lib64/libodbc.so.2.0.0)
==33==    by 0xF37DFC9: odbc::ODBCConnection::connect(ExceptionSink*) (ODBCConnection.cpp:188)
==33==    by 0xF37DA19: odbc::ODBCConnection::ODBCConnection(Datasource*, ExceptionSink*) (ODBCConnection.cpp:71)
==33==    by 0xF37B9CC: odbc_open(Datasource*, ExceptionSink*) (odbc-module.cpp:94)
==33==    by 0x4DA8C2F: Datasource::open(ExceptionSink*) (in /usr/lib64/libqore.so.20.0.0)
==33==    by 0x4F2D0A4: ??? (in /usr/lib64/libqore.so.20.0.0)
==33==    by 0x4C3DDD1: ??? (in /usr/lib64/libqore.so.20.0.0)
==33== 
==33== 12 bytes in 1 blocks are indirectly lost in loss record 104 of 3,193
==33==    at 0x488087E: malloc (vg_replace_malloc.c:447)
==33==    by 0x5D6DF0E: strdup (in /usr/lib64/libc.so.6)
==33==    by 0xF5557C3: ??? (in /usr/lib64/libodbcinst.so.2.0.0)
==33==    by 0xF55B2A6: SQLGetPrivateProfileString (in /usr/lib64/libodbcinst.so.2.0.0)
==33==    by 0xF4A1379: ??? (in /usr/lib64/psqlodbcw.so)
==33==    by 0xF4B7287: ??? (in /usr/lib64/psqlodbcw.so)
==33==    by 0xF4CA501: ??? (in /usr/lib64/psqlodbcw.so)
==33==    by 0xF4A427D: SQLDriverConnect (in /usr/lib64/psqlodbcw.so)
==33==    by 0xF4052FB: SQLDriverConnect (in /usr/lib64/libodbc.so.2.0.0)
==33==    by 0xF37DFC9: odbc::ODBCConnection::connect(ExceptionSink*) (ODBCConnection.cpp:188)
==33==    by 0xF37DA19: odbc::ODBCConnection::ODBCConnection(Datasource*, ExceptionSink*) (ODBCConnection.cpp:71)
==33==    by 0xF37B9CC: odbc_open(Datasource*, ExceptionSink*) (odbc-module.cpp:94)
==33== 
==33== 12 bytes in 1 blocks are indirectly lost in loss record 105 of 3,193
==33==    at 0x488087E: malloc (vg_replace_malloc.c:447)
==33==    by 0x5D6DF0E: strdup (in /usr/lib64/libc.so.6)
==33==    by 0xF5557C3: ??? (in /usr/lib64/libodbcinst.so.2.0.0)
==33==    by 0xF55B2A6: SQLGetPrivateProfileString (in /usr/lib64/libodbcinst.so.2.0.0)
==33==    by 0xF4A1556: ??? (in /usr/lib64/psqlodbcw.so)
==33==    by 0xF4B7287: ??? (in /usr/lib64/psqlodbcw.so)
==33==    by 0xF4CA501: ??? (in /usr/lib64/psqlodbcw.so)
==33==    by 0xF4A427D: SQLDriverConnect (in /usr/lib64/psqlodbcw.so)
==33==    by 0xF4052FB: SQLDriverConnect (in /usr/lib64/libodbc.so.2.0.0)
==33==    by 0xF37DFC9: odbc::ODBCConnection::connect(ExceptionSink*) (ODBCConnection.cpp:188)
==33==    by 0xF37DA19: odbc::ODBCConnection::ODBCConnection(Datasource*, ExceptionSink*) (ODBCConnection.cpp:71)
==33==    by 0xF37B9CC: odbc_open(Datasource*, ExceptionSink*) (odbc-module.cpp:94)
==33== 
==33== 13 bytes in 1 blocks are indirectly lost in loss record 106 of 3,193
==33==    at 0x488087E: malloc (vg_replace_malloc.c:447)
==33==    by 0x5D6DF0E: strdup (in /usr/lib64/libc.so.6)
==33==    by 0xF437FED: ??? (in /usr/lib64/libodbc.so.2.0.0)
==33==    by 0xF440C34: ??? (in /usr/lib64/libodbc.so.2.0.0)
==33==    by 0xF3F1C8D: ??? (in /usr/lib64/libodbc.so.2.0.0)
==33==    by 0xF37F9D9: odbc::ODBCConnection::envInit(ExceptionSink*) (ODBCConnection.cpp:534)
==33==    by 0xF37D9D9: odbc::ODBCConnection::ODBCConnection(Datasource*, ExceptionSink*) (ODBCConnection.cpp:61)
==33==    by 0xF37B9CC: odbc_open(Datasource*, ExceptionSink*) (odbc-module.cpp:94)
==33==    by 0x4DA8C2F: Datasource::open(ExceptionSink*) (in /usr/lib64/libqore.so.20.0.0)
==33==    by 0x4F2D0A4: ??? (in /usr/lib64/libqore.so.20.0.0)
==33==    by 0x4C3DDD1: ??? (in /usr/lib64/libqore.so.20.0.0)
==33==    by 0x4C47C6B: ??? (in /usr/lib64/libqore.so.20.0.0)
==33== 
==33== 13 bytes in 1 blocks are indirectly lost in loss record 107 of 3,193
==33==    at 0x488087E: malloc (vg_replace_malloc.c:447)
==33==    by 0x5D6DF0E: strdup (in /usr/lib64/libc.so.6)
==33==    by 0xF437FED: ??? (in /usr/lib64/libodbc.so.2.0.0)
==33==    by 0xF440C34: ??? (in /usr/lib64/libodbc.so.2.0.0)
==33==    by 0xF3F1D44: ??? (in /usr/lib64/libodbc.so.2.0.0)
==33==    by 0xF37F9D9: odbc::ODBCConnection::envInit(ExceptionSink*) (ODBCConnection.cpp:534)
==33==    by 0xF37D9D9: odbc::ODBCConnection::ODBCConnection(Datasource*, ExceptionSink*) (ODBCConnection.cpp:61)
==33==    by 0xF37B9CC: odbc_open(Datasource*, ExceptionSink*) (odbc-module.cpp:94)
==33==    by 0x4DA8C2F: Datasource::open(ExceptionSink*) (in /usr/lib64/libqore.so.20.0.0)
==33==    by 0x4F2D0A4: ??? (in /usr/lib64/libqore.so.20.0.0)
==33==    by 0x4C3DDD1: ??? (in /usr/lib64/libqore.so.20.0.0)
==33==    by 0x4C47C6B: ??? (in /usr/lib64/libqore.so.20.0.0)
==33== 
==33== 13 bytes in 1 blocks are indirectly lost in loss record 108 of 3,193
==33==    at 0x488087E: malloc (vg_replace_malloc.c:447)
==33==    by 0x5D6DF0E: strdup (in /usr/lib64/libc.so.6)
==33==    by 0xF437FED: ??? (in /usr/lib64/libodbc.so.2.0.0)
==33==    by 0xF440C34: ??? (in /usr/lib64/libodbc.so.2.0.0)
==33==    by 0xF4051E2: SQLDriverConnect (in /usr/lib64/libodbc.so.2.0.0)
==33==    by 0xF37DFC9: odbc::ODBCConnection::connect(ExceptionSink*) (ODBCConnection.cpp:188)
==33==    by 0xF37DA19: odbc::ODBCConnection::ODBCConnection(Datasource*, ExceptionSink*) (ODBCConnection.cpp:71)
==33==    by 0xF37B9CC: odbc_open(Datasource*, ExceptionSink*) (odbc-module.cpp:94)
==33==    by 0x4DA8C2F: Datasource::open(ExceptionSink*) (in /usr/lib64/libqore.so.20.0.0)
==33==    by 0x4F2D0A4: ??? (in /usr/lib64/libqore.so.20.0.0)
==33==    by 0x4C3DDD1: ??? (in /usr/lib64/libqore.so.20.0.0)
==33==    by 0x4C47C6B: ??? (in /usr/lib64/libqore.so.20.0.0)
==33== 
==33== 13 bytes in 1 blocks are indirectly lost in loss record 109 of 3,193
==33==    at 0x488087E: malloc (vg_replace_malloc.c:447)
==33==    by 0x5D6DF0E: strdup (in /usr/lib64/libc.so.6)
==33==    by 0xF437FED: ??? (in /usr/lib64/libodbc.so.2.0.0)
==33==    by 0xF440C34: ??? (in /usr/lib64/libodbc.so.2.0.0)
==33==    by 0xF405FDE: SQLDriverConnect (in /usr/lib64/libodbc.so.2.0.0)
==33==    by 0xF37DFC9: odbc::ODBCConnection::connect(ExceptionSink*) (ODBCConnection.cpp:188)
==33==    by 0xF37DA19: odbc::ODBCConnection::ODBCConnection(Datasource*, ExceptionSink*) (ODBCConnection.cpp:71)
==33==    by 0xF37B9CC: odbc_open(Datasource*, ExceptionSink*) (odbc-module.cpp:94)
==33==    by 0x4DA8C2F: Datasource::open(ExceptionSink*) (in /usr/lib64/libqore.so.20.0.0)
==33==    by 0x4F2D0A4: ??? (in /usr/lib64/libqore.so.20.0.0)
==33==    by 0x4C3DDD1: ??? (in /usr/lib64/libqore.so.20.0.0)
==33==    by 0x4C47C6B: ??? (in /usr/lib64/libqore.so.20.0.0)
==33== 
==33== 13 bytes in 1 blocks are indirectly lost in loss record 110 of 3,193
==33==    at 0x488087E: malloc (vg_replace_malloc.c:447)
==33==    by 0x5D6DF0E: strdup (in /usr/lib64/libc.so.6)
==33==    by 0xF437FED: ??? (in /usr/lib64/libodbc.so.2.0.0)
==33==    by 0xF440C34: ??? (in /usr/lib64/libodbc.so.2.0.0)
==33==    by 0xF3FC2BC: ??? (in /usr/lib64/libodbc.so.2.0.0)
==33==    by 0xF405215: SQLDriverConnect (in /usr/lib64/libodbc.so.2.0.0)
==33==    by 0xF37DFC9: odbc::ODBCConnection::connect(ExceptionSink*) (ODBCConnection.cpp:188)
==33==    by 0xF37DA19: odbc::ODBCConnection::ODBCConnection(Datasource*, ExceptionSink*) (ODBCConnection.cpp:71)
==33==    by 0xF37B9CC: odbc_open(Datasource*, ExceptionSink*) (odbc-module.cpp:94)
==33==    by 0x4DA8C2F: Datasource::open(ExceptionSink*) (in /usr/lib64/libqore.so.20.0.0)
==33==    by 0x4F2D0A4: ??? (in /usr/lib64/libqore.so.20.0.0)
==33==    by 0x4C3DDD1: ??? (in /usr/lib64/libqore.so.20.0.0)
==33== 
==33== 13 bytes in 1 blocks are indirectly lost in loss record 111 of 3,193
==33==    at 0x488087E: malloc (vg_replace_malloc.c:447)
==33==    by 0x5D6DF0E: strdup (in /usr/lib64/libc.so.6)
==33==    by 0xF437FED: ??? (in /usr/lib64/libodbc.so.2.0.0)
==33==    by 0xF440C34: ??? (in /usr/lib64/libodbc.so.2.0.0)
==33==    by 0xF3F84F8: ??? (in /usr/lib64/libodbc.so.2.0.0)
==33==    by 0xF40528F: SQLDriverConnect (in /usr/lib64/libodbc.so.2.0.0)
==33==    by 0xF37DFC9: odbc::ODBCConnection::connect(ExceptionSink*) (ODBCConnection.cpp:188)
==33==    by 0xF37DA19: odbc::ODBCConnection::ODBCConnection(Datasource*, ExceptionSink*) (ODBCConnection.cpp:71)
==33==    by 0xF37B9CC: odbc_open(Datasource*, ExceptionSink*) (odbc-module.cpp:94)
==33==    by 0x4DA8C2F: Datasource::open(ExceptionSink*) (in /usr/lib64/libqore.so.20.0.0)
==33==    by 0x4F2D0A4: ??? (in /usr/lib64/libqore.so.20.0.0)
==33==    by 0x4C3DDD1: ??? (in /usr/lib64/libqore.so.20.0.0)
==33== 
==33== 13 bytes in 1 blocks are indirectly lost in loss record 112 of 3,193
==33==    at 0x488087E: malloc (vg_replace_malloc.c:447)
==33==    by 0x5D6DF0E: strdup (in /usr/lib64/libc.so.6)
==33==    by 0xF437FED: ??? (in /usr/lib64/libodbc.so.2.0.0)
==33==    by 0xF440C34: ??? (in /usr/lib64/libodbc.so.2.0.0)
==33==    by 0xF3F79C2: ??? (in /usr/lib64/libodbc.so.2.0.0)
==33==    by 0xF40528F: SQLDriverConnect (in /usr/lib64/libodbc.so.2.0.0)
==33==    by 0xF37DFC9: odbc::ODBCConnection::connect(ExceptionSink*) (ODBCConnection.cpp:188)
==33==    by 0xF37DA19: odbc::ODBCConnection::ODBCConnection(Datasource*, ExceptionSink*) (ODBCConnection.cpp:71)
==33==    by 0xF37B9CC: odbc_open(Datasource*, ExceptionSink*) (odbc-module.cpp:94)
==33==    by 0x4DA8C2F: Datasource::open(ExceptionSink*) (in /usr/lib64/libqore.so.20.0.0)
==33==    by 0x4F2D0A4: ??? (in /usr/lib64/libqore.so.20.0.0)
==33==    by 0x4C3DDD1: ??? (in /usr/lib64/libqore.so.20.0.0)
==33== 
==33== 13 bytes in 1 blocks are indirectly lost in loss record 113 of 3,193
==33==    at 0x488087E: malloc (vg_replace_malloc.c:447)
==33==    by 0x5D6DF0E: strdup (in /usr/lib64/libc.so.6)
==33==    by 0xF437FED: ??? (in /usr/lib64/libodbc.so.2.0.0)
==33==    by 0xF440C34: ??? (in /usr/lib64/libodbc.so.2.0.0)
==33==    by 0xF3F7A45: ??? (in /usr/lib64/libodbc.so.2.0.0)
==33==    by 0xF40528F: SQLDriverConnect (in /usr/lib64/libodbc.so.2.0.0)
==33==    by 0xF37DFC9: odbc::ODBCConnection::connect(ExceptionSink*) (ODBCConnection.cpp:188)
==33==    by 0xF37DA19: odbc::ODBCConnection::ODBCConnection(Datasource*, ExceptionSink*) (ODBCConnection.cpp:71)
==33==    by 0xF37B9CC: odbc_open(Datasource*, ExceptionSink*) (odbc-module.cpp:94)
==33==    by 0x4DA8C2F: Datasource::open(ExceptionSink*) (in /usr/lib64/libqore.so.20.0.0)
==33==    by 0x4F2D0A4: ??? (in /usr/lib64/libqore.so.20.0.0)
==33==    by 0x4C3DDD1: ??? (in /usr/lib64/libqore.so.20.0.0)
==33== 
==33== 13 bytes in 1 blocks are indirectly lost in loss record 114 of 3,193
==33==    at 0x488087E: malloc (vg_replace_malloc.c:447)
==33==    by 0x5D6DF0E: strdup (in /usr/lib64/libc.so.6)
==33==    by 0xF437FED: ??? (in /usr/lib64/libodbc.so.2.0.0)
==33==    by 0xF440C34: ??? (in /usr/lib64/libodbc.so.2.0.0)
==33==    by 0xF3F7AB9: ??? (in /usr/lib64/libodbc.so.2.0.0)
==33==    by 0xF40528F: SQLDriverConnect (in /usr/lib64/libodbc.so.2.0.0)
==33==    by 0xF37DFC9: odbc::ODBCConnection::connect(ExceptionSink*) (ODBCConnection.cpp:188)
==33==    by 0xF37DA19: odbc::ODBCConnection::ODBCConnection(Datasource*, ExceptionSink*) (ODBCConnection.cpp:71)
==33==    by 0xF37B9CC: odbc_open(Datasource*, ExceptionSink*) (odbc-module.cpp:94)
==33==    by 0x4DA8C2F: Datasource::open(ExceptionSink*) (in /usr/lib64/libqore.so.20.0.0)
==33==    by 0x4F2D0A4: ??? (in /usr/lib64/libqore.so.20.0.0)
==33==    by 0x4C3DDD1: ??? (in /usr/lib64/libqore.so.20.0.0)
==33== 
==33== 13 bytes in 1 blocks are indirectly lost in loss record 115 of 3,193
==33==    at 0x488087E: malloc (vg_replace_malloc.c:447)
==33==    by 0x5D6DF0E: strdup (in /usr/lib64/libc.so.6)
==33==    by 0xF437FED: ??? (in /usr/lib64/libodbc.so.2.0.0)
==33==    by 0xF440C34: ??? (in /usr/lib64/libodbc.so.2.0.0)
==33==    by 0xF3F7B01: ??? (in /usr/lib64/libodbc.so.2.0.0)
==33==    by 0xF40528F: SQLDriverConnect (in /usr/lib64/libodbc.so.2.0.0)
==33==    by 0xF37DFC9: odbc::ODBCConnection::connect(ExceptionSink*) (ODBCConnection.cpp:188)
==33==    by 0xF37DA19: odbc::ODBCConnection::ODBCConnection(Datasource*, ExceptionSink*) (ODBCConnection.cpp:71)
==33==    by 0xF37B9CC: odbc_open(Datasource*, ExceptionSink*) (odbc-module.cpp:94)
==33==    by 0x4DA8C2F: Datasource::open(ExceptionSink*) (in /usr/lib64/libqore.so.20.0.0)
==33==    by 0x4F2D0A4: ??? (in /usr/lib64/libqore.so.20.0.0)
==33==    by 0x4C3DDD1: ??? (in /usr/lib64/libqore.so.20.0.0)
==33== 
==33== 13 bytes in 1 blocks are indirectly lost in loss record 116 of 3,193
==33==    at 0x488087E: malloc (vg_replace_malloc.c:447)
==33==    by 0x5D6DF0E: strdup (in /usr/lib64/libc.so.6)
==33==    by 0xF437FED: ??? (in /usr/lib64/libodbc.so.2.0.0)
==33==    by 0xF440C34: ??? (in /usr/lib64/libodbc.so.2.0.0)
==33==    by 0xF3F7B6C: ??? (in /usr/lib64/libodbc.so.2.0.0)
==33==    by 0xF40528F: SQLDriverConnect (in /usr/lib64/libodbc.so.2.0.0)
==33==    by 0xF37DFC9: odbc::ODBCConnection::connect(ExceptionSink*) (ODBCConnection.cpp:188)
==33==    by 0xF37DA19: odbc::ODBCConnection::ODBCConnection(Datasource*, ExceptionSink*) (ODBCConnection.cpp:71)
==33==    by 0xF37B9CC: odbc_open(Datasource*, ExceptionSink*) (odbc-module.cpp:94)
==33==    by 0x4DA8C2F: Datasource::open(ExceptionSink*) (in /usr/lib64/libqore.so.20.0.0)
==33==    by 0x4F2D0A4: ??? (in /usr/lib64/libqore.so.20.0.0)
==33==    by 0x4C3DDD1: ??? (in /usr/lib64/libqore.so.20.0.0)
==33== 
==33== 13 bytes in 1 blocks are indirectly lost in loss record 117 of 3,193
==33==    at 0x488087E: malloc (vg_replace_malloc.c:447)
==33==    by 0x5D6DF0E: strdup (in /usr/lib64/libc.so.6)
==33==    by 0xF437FED: ??? (in /usr/lib64/libodbc.so.2.0.0)
==33==    by 0xF440C34: ??? (in /usr/lib64/libodbc.so.2.0.0)
==33==    by 0xF3F7BAC: ??? (in /usr/lib64/libodbc.so.2.0.0)
==33==    by 0xF40528F: SQLDriverConnect (in /usr/lib64/libodbc.so.2.0.0)
==33==    by 0xF37DFC9: odbc::ODBCConnection::connect(ExceptionSink*) (ODBCConnection.cpp:188)
==33==    by 0xF37DA19: odbc::ODBCConnection::ODBCConnection(Datasource*, ExceptionSink*) (ODBCConnection.cpp:71)
==33==    by 0xF37B9CC: odbc_open(Datasource*, ExceptionSink*) (odbc-module.cpp:94)
==33==    by 0x4DA8C2F: Datasource::open(ExceptionSink*) (in /usr/lib64/libqore.so.20.0.0)
==33==    by 0x4F2D0A4: ??? (in /usr/lib64/libqore.so.20.0.0)
==33==    by 0x4C3DDD1: ??? (in /usr/lib64/libqore.so.20.0.0)
==33== 
==33== 13 bytes in 1 blocks are indirectly lost in loss record 118 of 3,193
==33==    at 0x488087E: malloc (vg_replace_malloc.c:447)
==33==    by 0x5D6DF0E: strdup (in /usr/lib64/libc.so.6)
==33==    by 0xF43800E: ??? (in /usr/lib64/libodbc.so.2.0.0)
==33==    by 0xF440C34: ??? (in /usr/lib64/libodbc.so.2.0.0)
==33==    by 0xF3F7BAC: ??? (in /usr/lib64/libodbc.so.2.0.0)
==33==    by 0xF40528F: SQLDriverConnect (in /usr/lib64/libodbc.so.2.0.0)
==33==    by 0xF37DFC9: odbc::ODBCConnection::connect(ExceptionSink*) (ODBCConnection.cpp:188)
==33==    by 0xF37DA19: odbc::ODBCConnection::ODBCConnection(Datasource*, ExceptionSink*) (ODBCConnection.cpp:71)
==33==    by 0xF37B9CC: odbc_open(Datasource*, ExceptionSink*) (odbc-module.cpp:94)
==33==    by 0x4DA8C2F: Datasource::open(ExceptionSink*) (in /usr/lib64/libqore.so.20.0.0)
==33==    by 0x4F2D0A4: ??? (in /usr/lib64/libqore.so.20.0.0)
==33==    by 0x4C3DDD1: ??? (in /usr/lib64/libqore.so.20.0.0)
==33== 
==33== 13 bytes in 1 blocks are indirectly lost in loss record 119 of 3,193
==33==    at 0x488087E: malloc (vg_replace_malloc.c:447)
==33==    by 0x5D6DF0E: strdup (in /usr/lib64/libc.so.6)
==33==    by 0xF437FED: ??? (in /usr/lib64/libodbc.so.2.0.0)
==33==    by 0xF440C34: ??? (in /usr/lib64/libodbc.so.2.0.0)
==33==    by 0xF3F7BF7: ??? (in /usr/lib64/libodbc.so.2.0.0)
==33==    by 0xF40528F: SQLDriverConnect (in /usr/lib64/libodbc.so.2.0.0)
==33==    by 0xF37DFC9: odbc::ODBCConnection::connect(ExceptionSink*) (ODBCConnection.cpp:188)
==33==    by 0xF37DA19: odbc::ODBCConnection::ODBCConnection(Datasource*, ExceptionSink*) (ODBCConnection.cpp:71)
==33==    by 0xF37B9CC: odbc_open(Datasource*, ExceptionSink*) (odbc-module.cpp:94)
==33==    by 0x4DA8C2F: Datasource::open(ExceptionSink*) (in /usr/lib64/libqore.so.20.0.0)
==33==    by 0x4F2D0A4: ??? (in /usr/lib64/libqore.so.20.0.0)
==33==    by 0x4C3DDD1: ??? (in /usr/lib64/libqore.so.20.0.0)
==33== 
==33== 13 bytes in 1 blocks are indirectly lost in loss record 120 of 3,193
==33==    at 0x488087E: malloc (vg_replace_malloc.c:447)
==33==    by 0x5D6DF0E: strdup (in /usr/lib64/libc.so.6)
==33==    by 0xF437FED: ??? (in /usr/lib64/libodbc.so.2.0.0)
==33==    by 0xF440C34: ??? (in /usr/lib64/libodbc.so.2.0.0)
==33==    by 0xF3F7C44: ??? (in /usr/lib64/libodbc.so.2.0.0)
==33==    by 0xF40528F: SQLDriverConnect (in /usr/lib64/libodbc.so.2.0.0)
==33==    by 0xF37DFC9: odbc::ODBCConnection::connect(ExceptionSink*) (ODBCConnection.cpp:188)
==33==    by 0xF37DA19: odbc::ODBCConnection::ODBCConnection(Datasource*, ExceptionSink*) (ODBCConnection.cpp:71)
==33==    by 0xF37B9CC: odbc_open(Datasource*, ExceptionSink*) (odbc-module.cpp:94)
==33==    by 0x4DA8C2F: Datasource::open(ExceptionSink*) (in /usr/lib64/libqore.so.20.0.0)
==33==    by 0x4F2D0A4: ??? (in /usr/lib64/libqore.so.20.0.0)
==33==    by 0x4C3DDD1: ??? (in /usr/lib64/libqore.so.20.0.0)
==33== 
==33== 13 bytes in 1 blocks are indirectly lost in loss record 121 of 3,193
==33==    at 0x488087E: malloc (vg_replace_malloc.c:447)
==33==    by 0x5D6DF0E: strdup (in /usr/lib64/libc.so.6)
==33==    by 0xF5557A2: ??? (in /usr/lib64/libodbcinst.so.2.0.0)
==33==    by 0xF55B2A6: SQLGetPrivateProfileString (in /usr/lib64/libodbcinst.so.2.0.0)
==33==    by 0xF4B0D5D: ??? (in /usr/lib64/psqlodbcw.so)
==33==    by 0xF46AEE2: ??? (in /usr/lib64/psqlodbcw.so)
==33==    by 0x4042656: call_init (dl-init.c:74)
==33==    by 0x4042656: call_init (dl-init.c:26)
==33==    by 0x404274C: _dl_init (dl-init.c:121)
==33==    by 0x403E5C1: _dl_catch_exception (dl-catch.c:211)
==33==    by 0x40497BC: dl_open_worker (dl-open.c:827)
==33==    by 0x403E522: _dl_catch_exception (dl-catch.c:237)
==33==    by 0x4049BE1: _dl_open (dl-open.c:903)
==33== 
==33== 13 bytes in 1 blocks are indirectly lost in loss record 122 of 3,193
==33==    at 0x488087E: malloc (vg_replace_malloc.c:447)
==33==    by 0x5D6DF0E: strdup (in /usr/lib64/libc.so.6)
==33==    by 0xF5557A2: ??? (in /usr/lib64/libodbcinst.so.2.0.0)
==33==    by 0xF55B2A6: SQLGetPrivateProfileString (in /usr/lib64/libodbcinst.so.2.0.0)
==33==    by 0xF4A8AB3: ??? (in /usr/lib64/psqlodbcw.so)
==33==    by 0xF4AD326: ??? (in /usr/lib64/psqlodbcw.so)
==33==    by 0xF4B0D8D: ??? (in /usr/lib64/psqlodbcw.so)
==33==    by 0xF46AEE2: ??? (in /usr/lib64/psqlodbcw.so)
==33==    by 0x4042656: call_init (dl-init.c:74)
==33==    by 0x4042656: call_init (dl-init.c:26)
==33==    by 0x404274C: _dl_init (dl-init.c:121)
==33==    by 0x403E5C1: _dl_catch_exception (dl-catch.c:211)
==33==    by 0x40497BC: dl_open_worker (dl-open.c:827)
==33== 
==33== 13 bytes in 1 blocks are indirectly lost in loss record 123 of 3,193
==33==    at 0x488087E: malloc (vg_replace_malloc.c:447)
==33==    by 0x5D6DF0E: strdup (in /usr/lib64/libc.so.6)
==33==    by 0xF5557A2: ??? (in /usr/lib64/libodbcinst.so.2.0.0)
==33==    by 0xF55B2A6: SQLGetPrivateProfileString (in /usr/lib64/libodbcinst.so.2.0.0)
==33==    by 0xF4A8B43: ??? (in /usr/lib64/psqlodbcw.so)
==33==    by 0xF4AD34E: ??? (in /usr/lib64/psqlodbcw.so)
==33==    by 0xF4B0D8D: ??? (in /usr/lib64/psqlodbcw.so)
==33==    by 0xF46AEE2: ??? (in /usr/lib64/psqlodbcw.so)
==33==    by 0x4042656: call_init (dl-init.c:74)
==33==    by 0x4042656: call_init (dl-init.c:26)
==33==    by 0x404274C: _dl_init (dl-init.c:121)
==33==    by 0x403E5C1: _dl_catch_exception (dl-catch.c:211)
==33==    by 0x40497BC: dl_open_worker (dl-open.c:827)
==33== 
==33== 13 bytes in 1 blocks are indirectly lost in loss record 124 of 3,193
==33==    at 0x488087E: malloc (vg_replace_malloc.c:447)
==33==    by 0x5D6DF0E: strdup (in /usr/lib64/libc.so.6)
==33==    by 0xF5557A2: ??? (in /usr/lib64/libodbcinst.so.2.0.0)
==33==    by 0xF55B2A6: SQLGetPrivateProfileString (in /usr/lib64/libodbcinst.so.2.0.0)
==33==    by 0xF4A1353: ??? (in /usr/lib64/psqlodbcw.so)
==33==    by 0xF4B7287: ??? (in /usr/lib64/psqlodbcw.so)
==33==    by 0xF4CA501: ??? (in /usr/lib64/psqlodbcw.so)
==33==    by 0xF4A427D: SQLDriverConnect (in /usr/lib64/psqlodbcw.so)
==33==    by 0xF4052FB: SQLDriverConnect (in /usr/lib64/libodbc.so.2.0.0)
==33==    by 0xF37DFC9: odbc::ODBCConnection::connect(ExceptionSink*) (ODBCConnection.cpp:188)
==33==    by 0xF37DA19: odbc::ODBCConnection::ODBCConnection(Datasource*, ExceptionSink*) (ODBCConnection.cpp:71)
==33==    by 0xF37B9CC: odbc_open(Datasource*, ExceptionSink*) (odbc-module.cpp:94)
==33== 
==33== 13 bytes in 1 blocks are indirectly lost in loss record 125 of 3,193
==33==    at 0x488087E: malloc (vg_replace_malloc.c:447)
==33==    by 0x5D6DF0E: strdup (in /usr/lib64/libc.so.6)
==33==    by 0xF5557A2: ??? (in /usr/lib64/libodbcinst.so.2.0.0)
==33==    by 0xF55B2A6: SQLGetPrivateProfileString (in /usr/lib64/libodbcinst.so.2.0.0)
==33==    by 0xF4A1379: ??? (in /usr/lib64/psqlodbcw.so)
==33==    by 0xF4B7287: ??? (in /usr/lib64/psqlodbcw.so)
==33==    by 0xF4CA501: ??? (in /usr/lib64/psqlodbcw.so)
==33==    by 0xF4A427D: SQLDriverConnect (in /usr/lib64/psqlodbcw.so)
==33==    by 0xF4052FB: SQLDriverConnect (in /usr/lib64/libodbc.so.2.0.0)
==33==    by 0xF37DFC9: odbc::ODBCConnection::connect(ExceptionSink*) (ODBCConnection.cpp:188)
==33==    by 0xF37DA19: odbc::ODBCConnection::ODBCConnection(Datasource*, ExceptionSink*) (ODBCConnection.cpp:71)
==33==    by 0xF37B9CC: odbc_open(Datasource*, ExceptionSink*) (odbc-module.cpp:94)
==33== 
==33== 13 bytes in 1 blocks are indirectly lost in loss record 126 of 3,193
==33==    at 0x488087E: malloc (vg_replace_malloc.c:447)
==33==    by 0x5D6DF0E: strdup (in /usr/lib64/libc.so.6)
==33==    by 0xF5557A2: ??? (in /usr/lib64/libodbcinst.so.2.0.0)
==33==    by 0xF55B2A6: SQLGetPrivateProfileString (in /usr/lib64/libodbcinst.so.2.0.0)
==33==    by 0xF4A13AE: ??? (in /usr/lib64/psqlodbcw.so)
==33==    by 0xF4B7287: ??? (in /usr/lib64/psqlodbcw.so)
==33==    by 0xF4CA501: ??? (in /usr/lib64/psqlodbcw.so)
==33==    by 0xF4A427D: SQLDriverConnect (in /usr/lib64/psqlodbcw.so)
==33==    by 0xF4052FB: SQLDriverConnect (in /usr/lib64/libodbc.so.2.0.0)
==33==    by 0xF37DFC9: odbc::ODBCConnection::connect(ExceptionSink*) (ODBCConnection.cpp:188)
==33==    by 0xF37DA19: odbc::ODBCConnection::ODBCConnection(Datasource*, ExceptionSink*) (ODBCConnection.cpp:71)
==33==    by 0xF37B9CC: odbc_open(Datasource*, ExceptionSink*) (odbc-module.cpp:94)
==33== 
==33== 13 bytes in 1 blocks are indirectly lost in loss record 127 of 3,193
==33==    at 0x488087E: malloc (vg_replace_malloc.c:447)
==33==    by 0x5D6DF0E: strdup (in /usr/lib64/libc.so.6)
==33==    by 0xF5557C3: ??? (in /usr/lib64/libodbcinst.so.2.0.0)
==33==    by 0xF55B2A6: SQLGetPrivateProfileString (in /usr/lib64/libodbcinst.so.2.0.0)
==33==    by 0xF4A13AE: ??? (in /usr/lib64/psqlodbcw.so)
==33==    by 0xF4B7287: ??? (in /usr/lib64/psqlodbcw.so)
==33==    by 0xF4CA501: ??? (in /usr/lib64/psqlodbcw.so)
==33==    by 0xF4A427D: SQLDriverConnect (in /usr/lib64/psqlodbcw.so)
==33==    by 0xF4052FB: SQLDriverConnect (in /usr/lib64/libodbc.so.2.0.0)
==33==    by 0xF37DFC9: odbc::ODBCConnection::connect(ExceptionSink*) (ODBCConnection.cpp:188)
==33==    by 0xF37DA19: odbc::ODBCConnection::ODBCConnection(Datasource*, ExceptionSink*) (ODBCConnection.cpp:71)
==33==    by 0xF37B9CC: odbc_open(Datasource*, ExceptionSink*) (odbc-module.cpp:94)
==33== 
==33== 13 bytes in 1 blocks are indirectly lost in loss record 128 of 3,193
==33==    at 0x488087E: malloc (vg_replace_malloc.c:447)
==33==    by 0x5D6DF0E: strdup (in /usr/lib64/libc.so.6)
==33==    by 0xF5557A2: ??? (in /usr/lib64/libodbcinst.so.2.0.0)
==33==    by 0xF55B2A6: SQLGetPrivateProfileString (in /usr/lib64/libodbcinst.so.2.0.0)
==33==    by 0xF4A13E3: ??? (in /usr/lib64/psqlodbcw.so)
==33==    by 0xF4B7287: ??? (in /usr/lib64/psqlodbcw.so)
==33==    by 0xF4CA501: ??? (in /usr/lib64/psqlodbcw.so)
==33==    by 0xF4A427D: SQLDriverConnect (in /usr/lib64/psqlodbcw.so)
==33==    by 0xF4052FB: SQLDriverConnect (in /usr/lib64/libodbc.so.2.0.0)
==33==    by 0xF37DFC9: odbc::ODBCConnection::connect(ExceptionSink*) (ODBCConnection.cpp:188)
==33==    by 0xF37DA19: odbc::ODBCConnection::ODBCConnection(Datasource*, ExceptionSink*) (ODBCConnection.cpp:71)
==33==    by 0xF37B9CC: odbc_open(Datasource*, ExceptionSink*) (odbc-module.cpp:94)
==33== 
==33== 13 bytes in 1 blocks are indirectly lost in loss record 129 of 3,193
==33==    at 0x488087E: malloc (vg_replace_malloc.c:447)
==33==    by 0x5D6DF0E: strdup (in /usr/lib64/libc.so.6)
==33==    by 0xF5557A2: ??? (in /usr/lib64/libodbcinst.so.2.0.0)
==33==    by 0xF55B2A6: SQLGetPrivateProfileString (in /usr/lib64/libodbcinst.so.2.0.0)
==33==    by 0xF4A1418: ??? (in /usr/lib64/psqlodbcw.so)
==33==    by 0xF4B7287: ??? (in /usr/lib64/psqlodbcw.so)
==33==    by 0xF4CA501: ??? (in /usr/lib64/psqlodbcw.so)
==33==    by 0xF4A427D: SQLDriverConnect (in /usr/lib64/psqlodbcw.so)
==33==    by 0xF4052FB: SQLDriverConnect (in /usr/lib64/libodbc.so.2.0.0)
==33==    by 0xF37DFC9: odbc::ODBCConnection::connect(ExceptionSink*) (ODBCConnection.cpp:188)
==33==    by 0xF37DA19: odbc::ODBCConnection::ODBCConnection(Datasource*, ExceptionSink*) (ODBCConnection.cpp:71)
==33==    by 0xF37B9CC: odbc_open(Datasource*, ExceptionSink*) (odbc-module.cpp:94)
==33== 
==33== 13 bytes in 1 blocks are indirectly lost in loss record 130 of 3,193
==33==    at 0x488087E: malloc (vg_replace_malloc.c:447)
==33==    by 0x5D6DF0E: strdup (in /usr/lib64/libc.so.6)
==33==    by 0xF5557A2: ??? (in /usr/lib64/libodbcinst.so.2.0.0)
==33==    by 0xF55B2A6: SQLGetPrivateProfileString (in /usr/lib64/libodbcinst.so.2.0.0)
==33==    by 0xF4A144D: ??? (in /usr/lib64/psqlodbcw.so)
==33==    by 0xF4B7287: ??? (in /usr/lib64/psqlodbcw.so)
==33==    by 0xF4CA501: ??? (in /usr/lib64/psqlodbcw.so)
==33==    by 0xF4A427D: SQLDriverConnect (in /usr/lib64/psqlodbcw.so)
==33==    by 0xF4052FB: SQLDriverConnect (in /usr/lib64/libodbc.so.2.0.0)
==33==    by 0xF37DFC9: odbc::ODBCConnection::connect(ExceptionSink*) (ODBCConnection.cpp:188)
==33==    by 0xF37DA19: odbc::ODBCConnection::ODBCConnection(Datasource*, ExceptionSink*) (ODBCConnection.cpp:71)
==33==    by 0xF37B9CC: odbc_open(Datasource*, ExceptionSink*) (odbc-module.cpp:94)
==33== 
==33== 13 bytes in 1 blocks are indirectly lost in loss record 131 of 3,193
==33==    at 0x488087E: malloc (vg_replace_malloc.c:447)
==33==    by 0x5D6DF0E: strdup (in /usr/lib64/libc.so.6)
==33==    by 0xF5557A2: ??? (in /usr/lib64/libodbcinst.so.2.0.0)
==33==    by 0xF55B2A6: SQLGetPrivateProfileString (in /usr/lib64/libodbcinst.so.2.0.0)
==33==    by 0xF4A1482: ??? (in /usr/lib64/psqlodbcw.so)
==33==    by 0xF4B7287: ??? (in /usr/lib64/psqlodbcw.so)
==33==    by 0xF4CA501: ??? (in /usr/lib64/psqlodbcw.so)
==33==    by 0xF4A427D: SQLDriverConnect (in /usr/lib64/psqlodbcw.so)
==33==    by 0xF4052FB: SQLDriverConnect (in /usr/lib64/libodbc.so.2.0.0)
==33==    by 0xF37DFC9: odbc::ODBCConnection::connect(ExceptionSink*) (ODBCConnection.cpp:188)
==33==    by 0xF37DA19: odbc::ODBCConnection::ODBCConnection(Datasource*, ExceptionSink*) (ODBCConnection.cpp:71)
==33==    by 0xF37B9CC: odbc_open(Datasource*, ExceptionSink*) (odbc-module.cpp:94)
==33== 
==33== 13 bytes in 1 blocks are indirectly lost in loss record 132 of 3,193
==33==    at 0x488087E: malloc (vg_replace_malloc.c:447)
==33==    by 0x5D6DF0E: strdup (in /usr/lib64/libc.so.6)
==33==    by 0xF5557A2: ??? (in /usr/lib64/libodbcinst.so.2.0.0)
==33==    by 0xF55B2A6: SQLGetPrivateProfileString (in /usr/lib64/libodbcinst.so.2.0.0)
==33==    by 0xF4A14B7: ??? (in /usr/lib64/psqlodbcw.so)
==33==    by 0xF4B7287: ??? (in /usr/lib64/psqlodbcw.so)
==33==    by 0xF4CA501: ??? (in /usr/lib64/psqlodbcw.so)
==33==    by 0xF4A427D: SQLDriverConnect (in /usr/lib64/psqlodbcw.so)
==33==    by 0xF4052FB: SQLDriverConnect (in /usr/lib64/libodbc.so.2.0.0)
==33==    by 0xF37DFC9: odbc::ODBCConnection::connect(ExceptionSink*) (ODBCConnection.cpp:188)
==33==    by 0xF37DA19: odbc::ODBCConnection::ODBCConnection(Datasource*, ExceptionSink*) (ODBCConnection.cpp:71)
==33==    by 0xF37B9CC: odbc_open(Datasource*, ExceptionSink*) (odbc-module.cpp:94)
==33== 
==33== 13 bytes in 1 blocks are indirectly lost in loss record 133 of 3,193
==33==    at 0x488087E: malloc (vg_replace_malloc.c:447)
==33==    by 0x5D6DF0E: strdup (in /usr/lib64/libc.so.6)
==33==    by 0xF5557A2: ??? (in /usr/lib64/libodbcinst.so.2.0.0)
==33==    by 0xF55B2A6: SQLGetPrivateProfileString (in /usr/lib64/libodbcinst.so.2.0.0)
==33==    by 0xF4A14EC: ??? (in /usr/lib64/psqlodbcw.so)
==33==    by 0xF4B7287: ??? (in /usr/lib64/psqlodbcw.so)
==33==    by 0xF4CA501: ??? (in /usr/lib64/psqlodbcw.so)
==33==    by 0xF4A427D: SQLDriverConnect (in /usr/lib64/psqlodbcw.so)
==33==    by 0xF4052FB: SQLDriverConnect (in /usr/lib64/libodbc.so.2.0.0)
==33==    by 0xF37DFC9: odbc::ODBCConnection::connect(ExceptionSink*) (ODBCConnection.cpp:188)
==33==    by 0xF37DA19: odbc::ODBCConnection::ODBCConnection(Datasource*, ExceptionSink*) (ODBCConnection.cpp:71)
==33==    by 0xF37B9CC: odbc_open(Datasource*, ExceptionSink*) (odbc-module.cpp:94)
==33== 
==33== 13 bytes in 1 blocks are indirectly lost in loss record 134 of 3,193
==33==    at 0x488087E: malloc (vg_replace_malloc.c:447)
==33==    by 0x5D6DF0E: strdup (in /usr/lib64/libc.so.6)
==33==    by 0xF5557A2: ??? (in /usr/lib64/libodbcinst.so.2.0.0)
==33==    by 0xF55B2A6: SQLGetPrivateProfileString (in /usr/lib64/libodbcinst.so.2.0.0)
==33==    by 0xF4A1521: ??? (in /usr/lib64/psqlodbcw.so)
==33==    by 0xF4B7287: ??? (in /usr/lib64/psqlodbcw.so)
==33==    by 0xF4CA501: ??? (in /usr/lib64/psqlodbcw.so)
==33==    by 0xF4A427D: SQLDriverConnect (in /usr/lib64/psqlodbcw.so)
==33==    by 0xF4052FB: SQLDriverConnect (in /usr/lib64/libodbc.so.2.0.0)
==33==    by 0xF37DFC9: odbc::ODBCConnection::connect(ExceptionSink*) (ODBCConnection.cpp:188)
==33==    by 0xF37DA19: odbc::ODBCConnection::ODBCConnection(Datasource*, ExceptionSink*) (ODBCConnection.cpp:71)
==33==    by 0xF37B9CC: odbc_open(Datasource*, ExceptionSink*) (odbc-module.cpp:94)
==33== 
==33== 13 bytes in 1 blocks are indirectly lost in loss record 135 of 3,193
==33==    at 0x488087E: malloc (vg_replace_malloc.c:447)
==33==    by 0x5D6DF0E: strdup (in /usr/lib64/libc.so.6)
==33==    by 0xF5557A2: ??? (in /usr/lib64/libodbcinst.so.2.0.0)
==33==    by 0xF55B2A6: SQLGetPrivateProfileString (in /usr/lib64/libodbcinst.so.2.0.0)
==33==    by 0xF4A1556: ??? (in /usr/lib64/psqlodbcw.so)
==33==    by 0xF4B7287: ??? (in /usr/lib64/psqlodbcw.so)
==33==    by 0xF4CA501: ??? (in /usr/lib64/psqlodbcw.so)
==33==    by 0xF4A427D: SQLDriverConnect (in /usr/lib64/psqlodbcw.so)
==33==    by 0xF4052FB: SQLDriverConnect (in /usr/lib64/libodbc.so.2.0.0)
==33==    by 0xF37DFC9: odbc::ODBCConnection::connect(ExceptionSink*) (ODBCConnection.cpp:188)
==33==    by 0xF37DA19: odbc::ODBCConnection::ODBCConnection(Datasource*, ExceptionSink*) (ODBCConnection.cpp:71)
==33==    by 0xF37B9CC: odbc_open(Datasource*, ExceptionSink*) (odbc-module.cpp:94)
==33== 
==33== 13 bytes in 1 blocks are indirectly lost in loss record 136 of 3,193
==33==    at 0x488087E: malloc (vg_replace_malloc.c:447)
==33==    by 0x5D6DF0E: strdup (in /usr/lib64/libc.so.6)
==33==    by 0xF5557A2: ??? (in /usr/lib64/libodbcinst.so.2.0.0)
==33==    by 0xF55B2A6: SQLGetPrivateProfileString (in /usr/lib64/libodbcinst.so.2.0.0)
==33==    by 0xF4A1592: ??? (in /usr/lib64/psqlodbcw.so)
==33==    by 0xF4B7287: ??? (in /usr/lib64/psqlodbcw.so)
==33==    by 0xF4CA501: ??? (in /usr/lib64/psqlodbcw.so)
==33==    by 0xF4A427D: SQLDriverConnect (in /usr/lib64/psqlodbcw.so)
==33==    by 0xF4052FB: SQLDriverConnect (in /usr/lib64/libodbc.so.2.0.0)
==33==    by 0xF37DFC9: odbc::ODBCConnection::connect(ExceptionSink*) (ODBCConnection.cpp:188)
==33==    by 0xF37DA19: odbc::ODBCConnection::ODBCConnection(Datasource*, ExceptionSink*) (ODBCConnection.cpp:71)
==33==    by 0xF37B9CC: odbc_open(Datasource*, ExceptionSink*) (odbc-module.cpp:94)
==33== 
==33== 13 bytes in 1 blocks are indirectly lost in loss record 137 of 3,193
==33==    at 0x488087E: malloc (vg_replace_malloc.c:447)
==33==    by 0x5D6DF0E: strdup (in /usr/lib64/libc.so.6)
==33==    by 0xF5557A2: ??? (in /usr/lib64/libodbcinst.so.2.0.0)
==33==    by 0xF55B2A6: SQLGetPrivateProfileString (in /usr/lib64/libodbcinst.so.2.0.0)
==33==    by 0xF4A1611: ??? (in /usr/lib64/psqlodbcw.so)
==33==    by 0xF4B7287: ??? (in /usr/lib64/psqlodbcw.so)
==33==    by 0xF4CA501: ??? (in /usr/lib64/psqlodbcw.so)
==33==    by 0xF4A427D: SQLDriverConnect (in /usr/lib64/psqlodbcw.so)
==33==    by 0xF4052FB: SQLDriverConnect (in /usr/lib64/libodbc.so.2.0.0)
==33==    by 0xF37DFC9: odbc::ODBCConnection::connect(ExceptionSink*) (ODBCConnection.cpp:188)
==33==    by 0xF37DA19: odbc::ODBCConnection::ODBCConnection(Datasource*, ExceptionSink*) (ODBCConnection.cpp:71)
==33==    by 0xF37B9CC: odbc_open(Datasource*, ExceptionSink*) (odbc-module.cpp:94)
==33== 
==33== 15 bytes in 1 blocks are indirectly lost in loss record 139 of 3,193
==33==    at 0x488087E: malloc (vg_replace_malloc.c:447)
==33==    by 0x5D6DF0E: strdup (in /usr/lib64/libc.so.6)
==33==    by 0xF43800E: ??? (in /usr/lib64/libodbc.so.2.0.0)
==33==    by 0xF440C34: ??? (in /usr/lib64/libodbc.so.2.0.0)
==33==    by 0xF3F7A45: ??? (in /usr/lib64/libodbc.so.2.0.0)
==33==    by 0xF40528F: SQLDriverConnect (in /usr/lib64/libodbc.so.2.0.0)
==33==    by 0xF37DFC9: odbc::ODBCConnection::connect(ExceptionSink*) (ODBCConnection.cpp:188)
==33==    by 0xF37DA19: odbc::ODBCConnection::ODBCConnection(Datasource*, ExceptionSink*) (ODBCConnection.cpp:71)
==33==    by 0xF37B9CC: odbc_open(Datasource*, ExceptionSink*) (odbc-module.cpp:94)
==33==    by 0x4DA8C2F: Datasource::open(ExceptionSink*) (in /usr/lib64/libqore.so.20.0.0)
==33==    by 0x4F2D0A4: ??? (in /usr/lib64/libqore.so.20.0.0)
==33==    by 0x4C3DDD1: ??? (in /usr/lib64/libqore.so.20.0.0)
==33== 
==33== 15 bytes in 1 blocks are indirectly lost in loss record 140 of 3,193
==33==    at 0x488087E: malloc (vg_replace_malloc.c:447)
==33==    by 0x5D6DF0E: strdup (in /usr/lib64/libc.so.6)
==33==    by 0xF5557C3: ??? (in /usr/lib64/libodbcinst.so.2.0.0)
==33==    by 0xF55B2A6: SQLGetPrivateProfileString (in /usr/lib64/libodbcinst.so.2.0.0)
==33==    by 0xF4A1482: ??? (in /usr/lib64/psqlodbcw.so)
==33==    by 0xF4B7287: ??? (in /usr/lib64/psqlodbcw.so)
==33==    by 0xF4CA501: ??? (in /usr/lib64/psqlodbcw.so)
==33==    by 0xF4A427D: SQLDriverConnect (in /usr/lib64/psqlodbcw.so)
==33==    by 0xF4052FB: SQLDriverConnect (in /usr/lib64/libodbc.so.2.0.0)
==33==    by 0xF37DFC9: odbc::ODBCConnection::connect(ExceptionSink*) (ODBCConnection.cpp:188)
==33==    by 0xF37DA19: odbc::ODBCConnection::ODBCConnection(Datasource*, ExceptionSink*) (ODBCConnection.cpp:71)
==33==    by 0xF37B9CC: odbc_open(Datasource*, ExceptionSink*) (odbc-module.cpp:94)
==33== 
==33== 16 bytes in 1 blocks are indirectly lost in loss record 156 of 3,193
==33==    at 0x488087E: malloc (vg_replace_malloc.c:447)
==33==    by 0xF461889: lt__slist_box (in /usr/lib64/libltdl.so.7.3.2)
==33==    by 0xF4618F4: lt_dlloader_add (in /usr/lib64/libltdl.so.7.3.2)
==33==    by 0xF46199A: ??? (in /usr/lib64/libltdl.so.7.3.2)
==33==    by 0xF461AA6: lt_dlinit (in /usr/lib64/libltdl.so.7.3.2)
==33==    by 0xF3F7CE2: ??? (in /usr/lib64/libodbc.so.2.0.0)
==33==    by 0xF40528F: SQLDriverConnect (in /usr/lib64/libodbc.so.2.0.0)
==33==    by 0xF37DFC9: odbc::ODBCConnection::connect(ExceptionSink*) (ODBCConnection.cpp:188)
==33==    by 0xF37DA19: odbc::ODBCConnection::ODBCConnection(Datasource*, ExceptionSink*) (ODBCConnection.cpp:71)
==33==    by 0xF37B9CC: odbc_open(Datasource*, ExceptionSink*) (odbc-module.cpp:94)
==33==    by 0x4DA8C2F: Datasource::open(ExceptionSink*) (in /usr/lib64/libqore.so.20.0.0)
==33==    by 0x4F2D0A4: ??? (in /usr/lib64/libqore.so.20.0.0)
==33== 
==33== 16 bytes in 1 blocks are indirectly lost in loss record 157 of 3,193
==33==    at 0x488087E: malloc (vg_replace_malloc.c:447)
==33==    by 0x5D6DF0E: strdup (in /usr/lib64/libc.so.6)
==33==    by 0xF5557C3: ??? (in /usr/lib64/libodbcinst.so.2.0.0)
==33==    by 0xF55B2A6: SQLGetPrivateProfileString (in /usr/lib64/libodbcinst.so.2.0.0)
==33==    by 0xF4A144D: ??? (in /usr/lib64/psqlodbcw.so)
==33==    by 0xF4B7287: ??? (in /usr/lib64/psqlodbcw.so)
==33==    by 0xF4CA501: ??? (in /usr/lib64/psqlodbcw.so)
==33==    by 0xF4A427D: SQLDriverConnect (in /usr/lib64/psqlodbcw.so)
==33==    by 0xF4052FB: SQLDriverConnect (in /usr/lib64/libodbc.so.2.0.0)
==33==    by 0xF37DFC9: odbc::ODBCConnection::connect(ExceptionSink*) (ODBCConnection.cpp:188)
==33==    by 0xF37DA19: odbc::ODBCConnection::ODBCConnection(Datasource*, ExceptionSink*) (ODBCConnection.cpp:71)
==33==    by 0xF37B9CC: odbc_open(Datasource*, ExceptionSink*) (odbc-module.cpp:94)
==33== 
==33== 16 bytes in 1 blocks are definitely lost in loss record 158 of 3,193
==33==    at 0x488087E: malloc (vg_replace_malloc.c:447)
==33==    by 0xF45DB10: lt__malloc (in /usr/lib64/libltdl.so.7.3.2)
==33==    by 0xF45DD54: lt__zalloc (in /usr/lib64/libltdl.so.7.3.2)
==33==    by 0xF45DDD0: lt_dlpreload (in /usr/lib64/libltdl.so.7.3.2)
==33==    by 0xF461ABB: lt_dlinit (in /usr/lib64/libltdl.so.7.3.2)
==33==    by 0xF3F7CE2: ??? (in /usr/lib64/libodbc.so.2.0.0)
==33==    by 0xF40528F: SQLDriverConnect (in /usr/lib64/libodbc.so.2.0.0)
==33==    by 0xF37DFC9: odbc::ODBCConnection::connect(ExceptionSink*) (ODBCConnection.cpp:188)
==33==    by 0xF37DA19: odbc::ODBCConnection::ODBCConnection(Datasource*, ExceptionSink*) (ODBCConnection.cpp:71)
==33==    by 0xF37B9CC: odbc_open(Datasource*, ExceptionSink*) (odbc-module.cpp:94)
==33==    by 0x4DA8C2F: Datasource::open(ExceptionSink*) (in /usr/lib64/libqore.so.20.0.0)
==33==    by 0x4F2D0A4: ??? (in /usr/lib64/libqore.so.20.0.0)
==33== 
==33== 18 bytes in 1 blocks are indirectly lost in loss record 164 of 3,193
==33==    at 0x488087E: malloc (vg_replace_malloc.c:447)
==33==    by 0x5D6DF0E: strdup (in /usr/lib64/libc.so.6)
==33==    by 0xF5557C3: ??? (in /usr/lib64/libodbcinst.so.2.0.0)
==33==    by 0xF55B2A6: SQLGetPrivateProfileString (in /usr/lib64/libodbcinst.so.2.0.0)
==33==    by 0xF4A14EC: ??? (in /usr/lib64/psqlodbcw.so)
==33==    by 0xF4B7287: ??? (in /usr/lib64/psqlodbcw.so)
==33==    by 0xF4CA501: ??? (in /usr/lib64/psqlodbcw.so)
==33==    by 0xF4A427D: SQLDriverConnect (in /usr/lib64/psqlodbcw.so)
==33==    by 0xF4052FB: SQLDriverConnect (in /usr/lib64/libodbc.so.2.0.0)
==33==    by 0xF37DFC9: odbc::ODBCConnection::connect(ExceptionSink*) (ODBCConnection.cpp:188)
==33==    by 0xF37DA19: odbc::ODBCConnection::ODBCConnection(Datasource*, ExceptionSink*) (ODBCConnection.cpp:71)
==33==    by 0xF37B9CC: odbc_open(Datasource*, ExceptionSink*) (odbc-module.cpp:94)
==33== 
==33== 19 bytes in 1 blocks are indirectly lost in loss record 168 of 3,193
==33==    at 0x488087E: malloc (vg_replace_malloc.c:447)
==33==    by 0x5D6DF0E: strdup (in /usr/lib64/libc.so.6)
==33==    by 0xF5557B2: ??? (in /usr/lib64/libodbcinst.so.2.0.0)
==33==    by 0xF55B2A6: SQLGetPrivateProfileString (in /usr/lib64/libodbcinst.so.2.0.0)
==33==    by 0xF4B0D5D: ??? (in /usr/lib64/psqlodbcw.so)
==33==    by 0xF46AEE2: ??? (in /usr/lib64/psqlodbcw.so)
==33==    by 0x4042656: call_init (dl-init.c:74)
==33==    by 0x4042656: call_init (dl-init.c:26)
==33==    by 0x404274C: _dl_init (dl-init.c:121)
==33==    by 0x403E5C1: _dl_catch_exception (dl-catch.c:211)
==33==    by 0x40497BC: dl_open_worker (dl-open.c:827)
==33==    by 0x403E522: _dl_catch_exception (dl-catch.c:237)
==33==    by 0x4049BE1: _dl_open (dl-open.c:903)
==33== 
==33== 19 bytes in 1 blocks are indirectly lost in loss record 169 of 3,193
==33==    at 0x488087E: malloc (vg_replace_malloc.c:447)
==33==    by 0x5D6DF0E: strdup (in /usr/lib64/libc.so.6)
==33==    by 0xF5557B2: ??? (in /usr/lib64/libodbcinst.so.2.0.0)
==33==    by 0xF55B2A6: SQLGetPrivateProfileString (in /usr/lib64/libodbcinst.so.2.0.0)
==33==    by 0xF4A8AB3: ??? (in /usr/lib64/psqlodbcw.so)
==33==    by 0xF4AD326: ??? (in /usr/lib64/psqlodbcw.so)
==33==    by 0xF4B0D8D: ??? (in /usr/lib64/psqlodbcw.so)
==33==    by 0xF46AEE2: ??? (in /usr/lib64/psqlodbcw.so)
==33==    by 0x4042656: call_init (dl-init.c:74)
==33==    by 0x4042656: call_init (dl-init.c:26)
==33==    by 0x404274C: _dl_init (dl-init.c:121)
==33==    by 0x403E5C1: _dl_catch_exception (dl-catch.c:211)
==33==    by 0x40497BC: dl_open_worker (dl-open.c:827)
==33== 
==33== 19 bytes in 1 blocks are indirectly lost in loss record 170 of 3,193
==33==    at 0x488087E: malloc (vg_replace_malloc.c:447)
==33==    by 0x5D6DF0E: strdup (in /usr/lib64/libc.so.6)
==33==    by 0xF5557B2: ??? (in /usr/lib64/libodbcinst.so.2.0.0)
==33==    by 0xF55B2A6: SQLGetPrivateProfileString (in /usr/lib64/libodbcinst.so.2.0.0)
==33==    by 0xF4A8B43: ??? (in /usr/lib64/psqlodbcw.so)
==33==    by 0xF4AD34E: ??? (in /usr/lib64/psqlodbcw.so)
==33==    by 0xF4B0D8D: ??? (in /usr/lib64/psqlodbcw.so)
==33==    by 0xF46AEE2: ??? (in /usr/lib64/psqlodbcw.so)
==33==    by 0x4042656: call_init (dl-init.c:74)
==33==    by 0x4042656: call_init (dl-init.c:26)
==33==    by 0x404274C: _dl_init (dl-init.c:121)
==33==    by 0x403E5C1: _dl_catch_exception (dl-catch.c:211)
==33==    by 0x40497BC: dl_open_worker (dl-open.c:827)
==33== 
==33== 19 bytes in 1 blocks are indirectly lost in loss record 171 of 3,193
==33==    at 0x488087E: malloc (vg_replace_malloc.c:447)
==33==    by 0x5D6DF0E: strdup (in /usr/lib64/libc.so.6)
==33==    by 0xF5557C3: ??? (in /usr/lib64/libodbcinst.so.2.0.0)
==33==    by 0xF55B2A6: SQLGetPrivateProfileString (in /usr/lib64/libodbcinst.so.2.0.0)
==33==    by 0xF4A14B7: ??? (in /usr/lib64/psqlodbcw.so)
==33==    by 0xF4B7287: ??? (in /usr/lib64/psqlodbcw.so)
==33==    by 0xF4CA501: ??? (in /usr/lib64/psqlodbcw.so)
==33==    by 0xF4A427D: SQLDriverConnect (in /usr/lib64/psqlodbcw.so)
==33==    by 0xF4052FB: SQLDriverConnect (in /usr/lib64/libodbc.so.2.0.0)
==33==    by 0xF37DFC9: odbc::ODBCConnection::connect(ExceptionSink*) (ODBCConnection.cpp:188)
==33==    by 0xF37DA19: odbc::ODBCConnection::ODBCConnection(Datasource*, ExceptionSink*) (ODBCConnection.cpp:71)
==33==    by 0xF37B9CC: odbc_open(Datasource*, ExceptionSink*) (odbc-module.cpp:94)
==33== 
==33== 20 bytes in 1 blocks are indirectly lost in loss record 172 of 3,193
==33==    at 0x488087E: malloc (vg_replace_malloc.c:447)
==33==    by 0x5D6DF0E: strdup (in /usr/lib64/libc.so.6)
==33==    by 0xF43800E: ??? (in /usr/lib64/libodbc.so.2.0.0)
==33==    by 0xF440C34: ??? (in /usr/lib64/libodbc.so.2.0.0)
==33==    by 0xF3F7AB9: ??? (in /usr/lib64/libodbc.so.2.0.0)
==33==    by 0xF40528F: SQLDriverConnect (in /usr/lib64/libodbc.so.2.0.0)
==33==    by 0xF37DFC9: odbc::ODBCConnection::connect(ExceptionSink*) (ODBCConnection.cpp:188)
==33==    by 0xF37DA19: odbc::ODBCConnection::ODBCConnection(Datasource*, ExceptionSink*) (ODBCConnection.cpp:71)
==33==    by 0xF37B9CC: odbc_open(Datasource*, ExceptionSink*) (odbc-module.cpp:94)
==33==    by 0x4DA8C2F: Datasource::open(ExceptionSink*) (in /usr/lib64/libqore.so.20.0.0)
==33==    by 0x4F2D0A4: ??? (in /usr/lib64/libqore.so.20.0.0)
==33==    by 0x4C3DDD1: ??? (in /usr/lib64/libqore.so.20.0.0)
==33== 
==33== 22 bytes in 1 blocks are indirectly lost in loss record 176 of 3,193
==33==    at 0x488087E: malloc (vg_replace_malloc.c:447)
==33==    by 0x5D6DF0E: strdup (in /usr/lib64/libc.so.6)
==33==    by 0xF5557C3: ??? (in /usr/lib64/libodbcinst.so.2.0.0)
==33==    by 0xF55B2A6: SQLGetPrivateProfileString (in /usr/lib64/libodbcinst.so.2.0.0)
==33==    by 0xF4A1521: ??? (in /usr/lib64/psqlodbcw.so)
==33==    by 0xF4B7287: ??? (in /usr/lib64/psqlodbcw.so)
==33==    by 0xF4CA501: ??? (in /usr/lib64/psqlodbcw.so)
==33==    by 0xF4A427D: SQLDriverConnect (in /usr/lib64/psqlodbcw.so)
==33==    by 0xF4052FB: SQLDriverConnect (in /usr/lib64/libodbc.so.2.0.0)
==33==    by 0xF37DFC9: odbc::ODBCConnection::connect(ExceptionSink*) (ODBCConnection.cpp:188)
==33==    by 0xF37DA19: odbc::ODBCConnection::ODBCConnection(Datasource*, ExceptionSink*) (ODBCConnection.cpp:71)
==33==    by 0xF37B9CC: odbc_open(Datasource*, ExceptionSink*) (odbc-module.cpp:94)
==33== 
==33== 22 bytes in 1 blocks are indirectly lost in loss record 177 of 3,193
==33==    at 0x488087E: malloc (vg_replace_malloc.c:447)
==33==    by 0x5D6DF0E: strdup (in /usr/lib64/libc.so.6)
==33==    by 0xF5557C3: ??? (in /usr/lib64/libodbcinst.so.2.0.0)
==33==    by 0xF55B2A6: SQLGetPrivateProfileString (in /usr/lib64/libodbcinst.so.2.0.0)
==33==    by 0xF4A1592: ??? (in /usr/lib64/psqlodbcw.so)
==33==    by 0xF4B7287: ??? (in /usr/lib64/psqlodbcw.so)
==33==    by 0xF4CA501: ??? (in /usr/lib64/psqlodbcw.so)
==33==    by 0xF4A427D: SQLDriverConnect (in /usr/lib64/psqlodbcw.so)
==33==    by 0xF4052FB: SQLDriverConnect (in /usr/lib64/libodbc.so.2.0.0)
==33==    by 0xF37DFC9: odbc::ODBCConnection::connect(ExceptionSink*) (ODBCConnection.cpp:188)
==33==    by 0xF37DA19: odbc::ODBCConnection::ODBCConnection(Datasource*, ExceptionSink*) (ODBCConnection.cpp:71)
==33==    by 0xF37B9CC: odbc_open(Datasource*, ExceptionSink*) (odbc-module.cpp:94)
==33== 
==33== 24 bytes in 1 blocks are indirectly lost in loss record 659 of 3,193
==33==    at 0x488087E: malloc (vg_replace_malloc.c:447)
==33==    by 0x5D6DF0E: strdup (in /usr/lib64/libc.so.6)
==33==    by 0xF437FFD: ??? (in /usr/lib64/libodbc.so.2.0.0)
==33==    by 0xF440C34: ??? (in /usr/lib64/libodbc.so.2.0.0)
==33==    by 0xF4051E2: SQLDriverConnect (in /usr/lib64/libodbc.so.2.0.0)
==33==    by 0xF37DFC9: odbc::ODBCConnection::connect(ExceptionSink*) (ODBCConnection.cpp:188)
==33==    by 0xF37DA19: odbc::ODBCConnection::ODBCConnection(Datasource*, ExceptionSink*) (ODBCConnection.cpp:71)
==33==    by 0xF37B9CC: odbc_open(Datasource*, ExceptionSink*) (odbc-module.cpp:94)
==33==    by 0x4DA8C2F: Datasource::open(ExceptionSink*) (in /usr/lib64/libqore.so.20.0.0)
==33==    by 0x4F2D0A4: ??? (in /usr/lib64/libqore.so.20.0.0)
==33==    by 0x4C3DDD1: ??? (in /usr/lib64/libqore.so.20.0.0)
==33==    by 0x4C47C6B: ??? (in /usr/lib64/libqore.so.20.0.0)
==33== 
==33== 24 bytes in 1 blocks are indirectly lost in loss record 660 of 3,193
==33==    at 0x488087E: malloc (vg_replace_malloc.c:447)
==33==    by 0x5D6DF0E: strdup (in /usr/lib64/libc.so.6)
==33==    by 0xF437FFD: ??? (in /usr/lib64/libodbc.so.2.0.0)
==33==    by 0xF440C34: ??? (in /usr/lib64/libodbc.so.2.0.0)
==33==    by 0xF405FDE: SQLDriverConnect (in /usr/lib64/libodbc.so.2.0.0)
==33==    by 0xF37DFC9: odbc::ODBCConnection::connect(ExceptionSink*) (ODBCConnection.cpp:188)
==33==    by 0xF37DA19: odbc::ODBCConnection::ODBCConnection(Datasource*, ExceptionSink*) (ODBCConnection.cpp:71)
==33==    by 0xF37B9CC: odbc_open(Datasource*, ExceptionSink*) (odbc-module.cpp:94)
==33==    by 0x4DA8C2F: Datasource::open(ExceptionSink*) (in /usr/lib64/libqore.so.20.0.0)
==33==    by 0x4F2D0A4: ??? (in /usr/lib64/libqore.so.20.0.0)
==33==    by 0x4C3DDD1: ??? (in /usr/lib64/libqore.so.20.0.0)
==33==    by 0x4C47C6B: ??? (in /usr/lib64/libqore.so.20.0.0)
==33== 
==33== 24 bytes in 1 blocks are indirectly lost in loss record 661 of 3,193
==33==    at 0x488087E: malloc (vg_replace_malloc.c:447)
==33==    by 0x5D6DF0E: strdup (in /usr/lib64/libc.so.6)
==33==    by 0xF437FFD: ??? (in /usr/lib64/libodbc.so.2.0.0)
==33==    by 0xF440C34: ??? (in /usr/lib64/libodbc.so.2.0.0)
==33==    by 0xF3FC2BC: ??? (in /usr/lib64/libodbc.so.2.0.0)
==33==    by 0xF405215: SQLDriverConnect (in /usr/lib64/libodbc.so.2.0.0)
==33==    by 0xF37DFC9: odbc::ODBCConnection::connect(ExceptionSink*) (ODBCConnection.cpp:188)
==33==    by 0xF37DA19: odbc::ODBCConnection::ODBCConnection(Datasource*, ExceptionSink*) (ODBCConnection.cpp:71)
==33==    by 0xF37B9CC: odbc_open(Datasource*, ExceptionSink*) (odbc-module.cpp:94)
==33==    by 0x4DA8C2F: Datasource::open(ExceptionSink*) (in /usr/lib64/libqore.so.20.0.0)
==33==    by 0x4F2D0A4: ??? (in /usr/lib64/libqore.so.20.0.0)
==33==    by 0x4C3DDD1: ??? (in /usr/lib64/libqore.so.20.0.0)
==33== 
==33== 24 bytes in 1 blocks are indirectly lost in loss record 662 of 3,193
==33==    at 0x488087E: malloc (vg_replace_malloc.c:447)
==33==    by 0x5D6DF0E: strdup (in /usr/lib64/libc.so.6)
==33==    by 0xF437FFD: ??? (in /usr/lib64/libodbc.so.2.0.0)
==33==    by 0xF440C34: ??? (in /usr/lib64/libodbc.so.2.0.0)
==33==    by 0xF3F84F8: ??? (in /usr/lib64/libodbc.so.2.0.0)
==33==    by 0xF40528F: SQLDriverConnect (in /usr/lib64/libodbc.so.2.0.0)
==33==    by 0xF37DFC9: odbc::ODBCConnection::connect(ExceptionSink*) (ODBCConnection.cpp:188)
==33==    by 0xF37DA19: odbc::ODBCConnection::ODBCConnection(Datasource*, ExceptionSink*) (ODBCConnection.cpp:71)
==33==    by 0xF37B9CC: odbc_open(Datasource*, ExceptionSink*) (odbc-module.cpp:94)
==33==    by 0x4DA8C2F: Datasource::open(ExceptionSink*) (in /usr/lib64/libqore.so.20.0.0)
==33==    by 0x4F2D0A4: ??? (in /usr/lib64/libqore.so.20.0.0)
==33==    by 0x4C3DDD1: ??? (in /usr/lib64/libqore.so.20.0.0)
==33== 
==33== 24 bytes in 1 blocks are indirectly lost in loss record 663 of 3,193
==33==    at 0x488087E: malloc (vg_replace_malloc.c:447)
==33==    by 0x5D6DF0E: strdup (in /usr/lib64/libc.so.6)
==33==    by 0xF437FFD: ??? (in /usr/lib64/libodbc.so.2.0.0)
==33==    by 0xF440C34: ??? (in /usr/lib64/libodbc.so.2.0.0)
==33==    by 0xF3F7A45: ??? (in /usr/lib64/libodbc.so.2.0.0)
==33==    by 0xF40528F: SQLDriverConnect (in /usr/lib64/libodbc.so.2.0.0)
==33==    by 0xF37DFC9: odbc::ODBCConnection::connect(ExceptionSink*) (ODBCConnection.cpp:188)
==33==    by 0xF37DA19: odbc::ODBCConnection::ODBCConnection(Datasource*, ExceptionSink*) (ODBCConnection.cpp:71)
==33==    by 0xF37B9CC: odbc_open(Datasource*, ExceptionSink*) (odbc-module.cpp:94)
==33==    by 0x4DA8C2F: Datasource::open(ExceptionSink*) (in /usr/lib64/libqore.so.20.0.0)
==33==    by 0x4F2D0A4: ??? (in /usr/lib64/libqore.so.20.0.0)
==33==    by 0x4C3DDD1: ??? (in /usr/lib64/libqore.so.20.0.0)
==33== 
==33== 24 bytes in 1 blocks are indirectly lost in loss record 664 of 3,193
==33==    at 0x488087E: malloc (vg_replace_malloc.c:447)
==33==    by 0x5D6DF0E: strdup (in /usr/lib64/libc.so.6)
==33==    by 0xF437FFD: ??? (in /usr/lib64/libodbc.so.2.0.0)
==33==    by 0xF440C34: ??? (in /usr/lib64/libodbc.so.2.0.0)
==33==    by 0xF3F7AB9: ??? (in /usr/lib64/libodbc.so.2.0.0)
==33==    by 0xF40528F: SQLDriverConnect (in /usr/lib64/libodbc.so.2.0.0)
==33==    by 0xF37DFC9: odbc::ODBCConnection::connect(ExceptionSink*) (ODBCConnection.cpp:188)
==33==    by 0xF37DA19: odbc::ODBCConnection::ODBCConnection(Datasource*, ExceptionSink*) (ODBCConnection.cpp:71)
==33==    by 0xF37B9CC: odbc_open(Datasource*, ExceptionSink*) (odbc-module.cpp:94)
==33==    by 0x4DA8C2F: Datasource::open(ExceptionSink*) (in /usr/lib64/libqore.so.20.0.0)
==33==    by 0x4F2D0A4: ??? (in /usr/lib64/libqore.so.20.0.0)
==33==    by 0x4C3DDD1: ??? (in /usr/lib64/libqore.so.20.0.0)
==33== 
==33== 24 bytes in 1 blocks are indirectly lost in loss record 665 of 3,193
==33==    at 0x488087E: malloc (vg_replace_malloc.c:447)
==33==    by 0x5D6DF0E: strdup (in /usr/lib64/libc.so.6)
==33==    by 0xF437FFD: ??? (in /usr/lib64/libodbc.so.2.0.0)
==33==    by 0xF440C34: ??? (in /usr/lib64/libodbc.so.2.0.0)
==33==    by 0xF3F7B01: ??? (in /usr/lib64/libodbc.so.2.0.0)
==33==    by 0xF40528F: SQLDriverConnect (in /usr/lib64/libodbc.so.2.0.0)
==33==    by 0xF37DFC9: odbc::ODBCConnection::connect(ExceptionSink*) (ODBCConnection.cpp:188)
==33==    by 0xF37DA19: odbc::ODBCConnection::ODBCConnection(Datasource*, ExceptionSink*) (ODBCConnection.cpp:71)
==33==    by 0xF37B9CC: odbc_open(Datasource*, ExceptionSink*) (odbc-module.cpp:94)
==33==    by 0x4DA8C2F: Datasource::open(ExceptionSink*) (in /usr/lib64/libqore.so.20.0.0)
==33==    by 0x4F2D0A4: ??? (in /usr/lib64/libqore.so.20.0.0)
==33==    by 0x4C3DDD1: ??? (in /usr/lib64/libqore.so.20.0.0)
==33== 
==33== 24 bytes in 1 blocks are indirectly lost in loss record 666 of 3,193
==33==    at 0x488087E: malloc (vg_replace_malloc.c:447)
==33==    by 0x5D6DF0E: strdup (in /usr/lib64/libc.so.6)
==33==    by 0xF437FFD: ??? (in /usr/lib64/libodbc.so.2.0.0)
==33==    by 0xF440C34: ??? (in /usr/lib64/libodbc.so.2.0.0)
==33==    by 0xF3F7B6C: ??? (in /usr/lib64/libodbc.so.2.0.0)
==33==    by 0xF40528F: SQLDriverConnect (in /usr/lib64/libodbc.so.2.0.0)
==33==    by 0xF37DFC9: odbc::ODBCConnection::connect(ExceptionSink*) (ODBCConnection.cpp:188)
==33==    by 0xF37DA19: odbc::ODBCConnection::ODBCConnection(Datasource*, ExceptionSink*) (ODBCConnection.cpp:71)
==33==    by 0xF37B9CC: odbc_open(Datasource*, ExceptionSink*) (odbc-module.cpp:94)
==33==    by 0x4DA8C2F: Datasource::open(ExceptionSink*) (in /usr/lib64/libqore.so.20.0.0)
==33==    by 0x4F2D0A4: ??? (in /usr/lib64/libqore.so.20.0.0)
==33==    by 0x4C3DDD1: ??? (in /usr/lib64/libqore.so.20.0.0)
==33== 
==33== 24 bytes in 1 blocks are indirectly lost in loss record 667 of 3,193
==33==    at 0x488087E: malloc (vg_replace_malloc.c:447)
==33==    by 0x5D6DF0E: strdup (in /usr/lib64/libc.so.6)
==33==    by 0xF437FFD: ??? (in /usr/lib64/libodbc.so.2.0.0)
==33==    by 0xF440C34: ??? (in /usr/lib64/libodbc.so.2.0.0)
==33==    by 0xF3F7BAC: ??? (in /usr/lib64/libodbc.so.2.0.0)
==33==    by 0xF40528F: SQLDriverConnect (in /usr/lib64/libodbc.so.2.0.0)
==33==    by 0xF37DFC9: odbc::ODBCConnection::connect(ExceptionSink*) (ODBCConnection.cpp:188)
==33==    by 0xF37DA19: odbc::ODBCConnection::ODBCConnection(Datasource*, ExceptionSink*) (ODBCConnection.cpp:71)
==33==    by 0xF37B9CC: odbc_open(Datasource*, ExceptionSink*) (odbc-module.cpp:94)
==33==    by 0x4DA8C2F: Datasource::open(ExceptionSink*) (in /usr/lib64/libqore.so.20.0.0)
==33==    by 0x4F2D0A4: ??? (in /usr/lib64/libqore.so.20.0.0)
==33==    by 0x4C3DDD1: ??? (in /usr/lib64/libqore.so.20.0.0)
==33== 
==33== 24 bytes in 1 blocks are indirectly lost in loss record 668 of 3,193
==33==    at 0x488087E: malloc (vg_replace_malloc.c:447)
==33==    by 0x5D6DF0E: strdup (in /usr/lib64/libc.so.6)
==33==    by 0xF437FFD: ??? (in /usr/lib64/libodbc.so.2.0.0)
==33==    by 0xF440C34: ??? (in /usr/lib64/libodbc.so.2.0.0)
==33==    by 0xF3F7BF7: ??? (in /usr/lib64/libodbc.so.2.0.0)
==33==    by 0xF40528F: SQLDriverConnect (in /usr/lib64/libodbc.so.2.0.0)
==33==    by 0xF37DFC9: odbc::ODBCConnection::connect(ExceptionSink*) (ODBCConnection.cpp:188)
==33==    by 0xF37DA19: odbc::ODBCConnection::ODBCConnection(Datasource*, ExceptionSink*) (ODBCConnection.cpp:71)
==33==    by 0xF37B9CC: odbc_open(Datasource*, ExceptionSink*) (odbc-module.cpp:94)
==33==    by 0x4DA8C2F: Datasource::open(ExceptionSink*) (in /usr/lib64/libqore.so.20.0.0)
==33==    by 0x4F2D0A4: ??? (in /usr/lib64/libqore.so.20.0.0)
==33==    by 0x4C3DDD1: ??? (in /usr/lib64/libqore.so.20.0.0)
==33== 
==33== 24 bytes in 1 blocks are indirectly lost in loss record 669 of 3,193
==33==    at 0x488087E: malloc (vg_replace_malloc.c:447)
==33==    by 0x5D6DF0E: strdup (in /usr/lib64/libc.so.6)
==33==    by 0xF437FFD: ??? (in /usr/lib64/libodbc.so.2.0.0)
==33==    by 0xF440C34: ??? (in /usr/lib64/libodbc.so.2.0.0)
==33==    by 0xF3F7C44: ??? (in /usr/lib64/libodbc.so.2.0.0)
==33==    by 0xF40528F: SQLDriverConnect (in /usr/lib64/libodbc.so.2.0.0)
==33==    by 0xF37DFC9: odbc::ODBCConnection::connect(ExceptionSink*) (ODBCConnection.cpp:188)
==33==    by 0xF37DA19: odbc::ODBCConnection::ODBCConnection(Datasource*, ExceptionSink*) (ODBCConnection.cpp:71)
==33==    by 0xF37B9CC: odbc_open(Datasource*, ExceptionSink*) (odbc-module.cpp:94)
==33==    by 0x4DA8C2F: Datasource::open(ExceptionSink*) (in /usr/lib64/libqore.so.20.0.0)
==33==    by 0x4F2D0A4: ??? (in /usr/lib64/libqore.so.20.0.0)
==33==    by 0x4C3DDD1: ??? (in /usr/lib64/libqore.so.20.0.0)
==33== 
==33== 24 bytes in 1 blocks are indirectly lost in loss record 670 of 3,193
==33==    at 0x488087E: malloc (vg_replace_malloc.c:447)
==33==    by 0xF45DB10: lt__malloc (in /usr/lib64/libltdl.so.7.3.2)
==33==    by 0xF45DEC8: lt__memdup (in /usr/lib64/libltdl.so.7.3.2)
==33==    by 0xF45E607: ??? (in /usr/lib64/libltdl.so.7.3.2)
==33==    by 0xF460A3D: ??? (in /usr/lib64/libltdl.so.7.3.2)
==33==    by 0xF4611F6: lt_dlopenadvise (in /usr/lib64/libltdl.so.7.3.2)
==33==    by 0xF3F63AF: ??? (in /usr/lib64/libodbc.so.2.0.0)
==33==    by 0xF3F7D24: ??? (in /usr/lib64/libodbc.so.2.0.0)
==33==    by 0xF40528F: SQLDriverConnect (in /usr/lib64/libodbc.so.2.0.0)
==33==    by 0xF37DFC9: odbc::ODBCConnection::connect(ExceptionSink*) (ODBCConnection.cpp:188)
==33==    by 0xF37DA19: odbc::ODBCConnection::ODBCConnection(Datasource*, ExceptionSink*) (ODBCConnection.cpp:71)
==33==    by 0xF37B9CC: odbc_open(Datasource*, ExceptionSink*) (odbc-module.cpp:94)
==33== 
==33== 24 bytes in 1 blocks are indirectly lost in loss record 671 of 3,193
==33==    at 0x488087E: malloc (vg_replace_malloc.c:447)
==33==    by 0x5D6DF0E: strdup (in /usr/lib64/libc.so.6)
==33==    by 0xF5557B2: ??? (in /usr/lib64/libodbcinst.so.2.0.0)
==33==    by 0xF55B2A6: SQLGetPrivateProfileString (in /usr/lib64/libodbcinst.so.2.0.0)
==33==    by 0xF4A1353: ??? (in /usr/lib64/psqlodbcw.so)
==33==    by 0xF4B7287: ??? (in /usr/lib64/psqlodbcw.so)
==33==    by 0xF4CA501: ??? (in /usr/lib64/psqlodbcw.so)
==33==    by 0xF4A427D: SQLDriverConnect (in /usr/lib64/psqlodbcw.so)
==33==    by 0xF4052FB: SQLDriverConnect (in /usr/lib64/libodbc.so.2.0.0)
==33==    by 0xF37DFC9: odbc::ODBCConnection::connect(ExceptionSink*) (ODBCConnection.cpp:188)
==33==    by 0xF37DA19: odbc::ODBCConnection::ODBCConnection(Datasource*, ExceptionSink*) (ODBCConnection.cpp:71)
==33==    by 0xF37B9CC: odbc_open(Datasource*, ExceptionSink*) (odbc-module.cpp:94)
==33== 
==33== 24 bytes in 1 blocks are indirectly lost in loss record 672 of 3,193
==33==    at 0x488087E: malloc (vg_replace_malloc.c:447)
==33==    by 0x5D6DF0E: strdup (in /usr/lib64/libc.so.6)
==33==    by 0xF5557B2: ??? (in /usr/lib64/libodbcinst.so.2.0.0)
==33==    by 0xF55B2A6: SQLGetPrivateProfileString (in /usr/lib64/libodbcinst.so.2.0.0)
==33==    by 0xF4A1379: ??? (in /usr/lib64/psqlodbcw.so)
==33==    by 0xF4B7287: ??? (in /usr/lib64/psqlodbcw.so)
==33==    by 0xF4CA501: ??? (in /usr/lib64/psqlodbcw.so)
==33==    by 0xF4A427D: SQLDriverConnect (in /usr/lib64/psqlodbcw.so)
==33==    by 0xF4052FB: SQLDriverConnect (in /usr/lib64/libodbc.so.2.0.0)
==33==    by 0xF37DFC9: odbc::ODBCConnection::connect(ExceptionSink*) (ODBCConnection.cpp:188)
==33==    by 0xF37DA19: odbc::ODBCConnection::ODBCConnection(Datasource*, ExceptionSink*) (ODBCConnection.cpp:71)
==33==    by 0xF37B9CC: odbc_open(Datasource*, ExceptionSink*) (odbc-module.cpp:94)
==33== 
==33== 24 bytes in 1 blocks are indirectly lost in loss record 673 of 3,193
==33==    at 0x488087E: malloc (vg_replace_malloc.c:447)
==33==    by 0x5D6DF0E: strdup (in /usr/lib64/libc.so.6)
==33==    by 0xF5557B2: ??? (in /usr/lib64/libodbcinst.so.2.0.0)
==33==    by 0xF55B2A6: SQLGetPrivateProfileString (in /usr/lib64/libodbcinst.so.2.0.0)
==33==    by 0xF4A13AE: ??? (in /usr/lib64/psqlodbcw.so)
==33==    by 0xF4B7287: ??? (in /usr/lib64/psqlodbcw.so)
==33==    by 0xF4CA501: ??? (in /usr/lib64/psqlodbcw.so)
==33==    by 0xF4A427D: SQLDriverConnect (in /usr/lib64/psqlodbcw.so)
==33==    by 0xF4052FB: SQLDriverConnect (in /usr/lib64/libodbc.so.2.0.0)
==33==    by 0xF37DFC9: odbc::ODBCConnection::connect(ExceptionSink*) (ODBCConnection.cpp:188)
==33==    by 0xF37DA19: odbc::ODBCConnection::ODBCConnection(Datasource*, ExceptionSink*) (ODBCConnection.cpp:71)
==33==    by 0xF37B9CC: odbc_open(Datasource*, ExceptionSink*) (odbc-module.cpp:94)
==33== 
==33== 24 bytes in 1 blocks are indirectly lost in loss record 674 of 3,193
==33==    at 0x488087E: malloc (vg_replace_malloc.c:447)
==33==    by 0x5D6DF0E: strdup (in /usr/lib64/libc.so.6)
==33==    by 0xF5557B2: ??? (in /usr/lib64/libodbcinst.so.2.0.0)
==33==    by 0xF55B2A6: SQLGetPrivateProfileString (in /usr/lib64/libodbcinst.so.2.0.0)
==33==    by 0xF4A13E3: ??? (in /usr/lib64/psqlodbcw.so)
==33==    by 0xF4B7287: ??? (in /usr/lib64/psqlodbcw.so)
==33==    by 0xF4CA501: ??? (in /usr/lib64/psqlodbcw.so)
==33==    by 0xF4A427D: SQLDriverConnect (in /usr/lib64/psqlodbcw.so)
==33==    by 0xF4052FB: SQLDriverConnect (in /usr/lib64/libodbc.so.2.0.0)
==33==    by 0xF37DFC9: odbc::ODBCConnection::connect(ExceptionSink*) (ODBCConnection.cpp:188)
==33==    by 0xF37DA19: odbc::ODBCConnection::ODBCConnection(Datasource*, ExceptionSink*) (ODBCConnection.cpp:71)
==33==    by 0xF37B9CC: odbc_open(Datasource*, ExceptionSink*) (odbc-module.cpp:94)
==33== 
==33== 24 bytes in 1 blocks are indirectly lost in loss record 675 of 3,193
==33==    at 0x488087E: malloc (vg_replace_malloc.c:447)
==33==    by 0x5D6DF0E: strdup (in /usr/lib64/libc.so.6)
==33==    by 0xF5557B2: ??? (in /usr/lib64/libodbcinst.so.2.0.0)
==33==    by 0xF55B2A6: SQLGetPrivateProfileString (in /usr/lib64/libodbcinst.so.2.0.0)
==33==    by 0xF4A1418: ??? (in /usr/lib64/psqlodbcw.so)
==33==    by 0xF4B7287: ??? (in /usr/lib64/psqlodbcw.so)
==33==    by 0xF4CA501: ??? (in /usr/lib64/psqlodbcw.so)
==33==    by 0xF4A427D: SQLDriverConnect (in /usr/lib64/psqlodbcw.so)
==33==    by 0xF4052FB: SQLDriverConnect (in /usr/lib64/libodbc.so.2.0.0)
==33==    by 0xF37DFC9: odbc::ODBCConnection::connect(ExceptionSink*) (ODBCConnection.cpp:188)
==33==    by 0xF37DA19: odbc::ODBCConnection::ODBCConnection(Datasource*, ExceptionSink*) (ODBCConnection.cpp:71)
==33==    by 0xF37B9CC: odbc_open(Datasource*, ExceptionSink*) (odbc-module.cpp:94)
==33== 
==33== 24 bytes in 1 blocks are indirectly lost in loss record 676 of 3,193
==33==    at 0x488087E: malloc (vg_replace_malloc.c:447)
==33==    by 0x5D6DF0E: strdup (in /usr/lib64/libc.so.6)
==33==    by 0xF5557B2: ??? (in /usr/lib64/libodbcinst.so.2.0.0)
==33==    by 0xF55B2A6: SQLGetPrivateProfileString (in /usr/lib64/libodbcinst.so.2.0.0)
==33==    by 0xF4A144D: ??? (in /usr/lib64/psqlodbcw.so)
==33==    by 0xF4B7287: ??? (in /usr/lib64/psqlodbcw.so)
==33==    by 0xF4CA501: ??? (in /usr/lib64/psqlodbcw.so)
==33==    by 0xF4A427D: SQLDriverConnect (in /usr/lib64/psqlodbcw.so)
==33==    by 0xF4052FB: SQLDriverConnect (in /usr/lib64/libodbc.so.2.0.0)
==33==    by 0xF37DFC9: odbc::ODBCConnection::connect(ExceptionSink*) (ODBCConnection.cpp:188)
==33==    by 0xF37DA19: odbc::ODBCConnection::ODBCConnection(Datasource*, ExceptionSink*) (ODBCConnection.cpp:71)
==33==    by 0xF37B9CC: odbc_open(Datasource*, ExceptionSink*) (odbc-module.cpp:94)
==33== 
==33== 24 bytes in 1 blocks are indirectly lost in loss record 677 of 3,193
==33==    at 0x488087E: malloc (vg_replace_malloc.c:447)
==33==    by 0x5D6DF0E: strdup (in /usr/lib64/libc.so.6)
==33==    by 0xF5557B2: ??? (in /usr/lib64/libodbcinst.so.2.0.0)
==33==    by 0xF55B2A6: SQLGetPrivateProfileString (in /usr/lib64/libodbcinst.so.2.0.0)
==33==    by 0xF4A1482: ??? (in /usr/lib64/psqlodbcw.so)
==33==    by 0xF4B7287: ??? (in /usr/lib64/psqlodbcw.so)
==33==    by 0xF4CA501: ??? (in /usr/lib64/psqlodbcw.so)
==33==    by 0xF4A427D: SQLDriverConnect (in /usr/lib64/psqlodbcw.so)
==33==    by 0xF4052FB: SQLDriverConnect (in /usr/lib64/libodbc.so.2.0.0)
==33==    by 0xF37DFC9: odbc::ODBCConnection::connect(ExceptionSink*) (ODBCConnection.cpp:188)
==33==    by 0xF37DA19: odbc::ODBCConnection::ODBCConnection(Datasource*, ExceptionSink*) (ODBCConnection.cpp:71)
==33==    by 0xF37B9CC: odbc_open(Datasource*, ExceptionSink*) (odbc-module.cpp:94)
==33== 
==33== 24 bytes in 1 blocks are indirectly lost in loss record 678 of 3,193
==33==    at 0x488087E: malloc (vg_replace_malloc.c:447)
==33==    by 0x5D6DF0E: strdup (in /usr/lib64/libc.so.6)
==33==    by 0xF5557B2: ??? (in /usr/lib64/libodbcinst.so.2.0.0)
==33==    by 0xF55B2A6: SQLGetPrivateProfileString (in /usr/lib64/libodbcinst.so.2.0.0)
==33==    by 0xF4A14B7: ??? (in /usr/lib64/psqlodbcw.so)
==33==    by 0xF4B7287: ??? (in /usr/lib64/psqlodbcw.so)
==33==    by 0xF4CA501: ??? (in /usr/lib64/psqlodbcw.so)
==33==    by 0xF4A427D: SQLDriverConnect (in /usr/lib64/psqlodbcw.so)
==33==    by 0xF4052FB: SQLDriverConnect (in /usr/lib64/libodbc.so.2.0.0)
==33==    by 0xF37DFC9: odbc::ODBCConnection::connect(ExceptionSink*) (ODBCConnection.cpp:188)
==33==    by 0xF37DA19: odbc::ODBCConnection::ODBCConnection(Datasource*, ExceptionSink*) (ODBCConnection.cpp:71)
==33==    by 0xF37B9CC: odbc_open(Datasource*, ExceptionSink*) (odbc-module.cpp:94)
==33== 
==33== 24 bytes in 1 blocks are indirectly lost in loss record 679 of 3,193
==33==    at 0x488087E: malloc (vg_replace_malloc.c:447)
==33==    by 0x5D6DF0E: strdup (in /usr/lib64/libc.so.6)
==33==    by 0xF5557B2: ??? (in /usr/lib64/libodbcinst.so.2.0.0)
==33==    by 0xF55B2A6: SQLGetPrivateProfileString (in /usr/lib64/libodbcinst.so.2.0.0)
==33==    by 0xF4A14EC: ??? (in /usr/lib64/psqlodbcw.so)
==33==    by 0xF4B7287: ??? (in /usr/lib64/psqlodbcw.so)
==33==    by 0xF4CA501: ??? (in /usr/lib64/psqlodbcw.so)
==33==    by 0xF4A427D: SQLDriverConnect (in /usr/lib64/psqlodbcw.so)
==33==    by 0xF4052FB: SQLDriverConnect (in /usr/lib64/libodbc.so.2.0.0)
==33==    by 0xF37DFC9: odbc::ODBCConnection::connect(ExceptionSink*) (ODBCConnection.cpp:188)
==33==    by 0xF37DA19: odbc::ODBCConnection::ODBCConnection(Datasource*, ExceptionSink*) (ODBCConnection.cpp:71)
==33==    by 0xF37B9CC: odbc_open(Datasource*, ExceptionSink*) (odbc-module.cpp:94)
==33== 
==33== 24 bytes in 1 blocks are indirectly lost in loss record 680 of 3,193
==33==    at 0x488087E: malloc (vg_replace_malloc.c:447)
==33==    by 0x5D6DF0E: strdup (in /usr/lib64/libc.so.6)
==33==    by 0xF5557B2: ??? (in /usr/lib64/libodbcinst.so.2.0.0)
==33==    by 0xF55B2A6: SQLGetPrivateProfileString (in /usr/lib64/libodbcinst.so.2.0.0)
==33==    by 0xF4A1521: ??? (in /usr/lib64/psqlodbcw.so)
==33==    by 0xF4B7287: ??? (in /usr/lib64/psqlodbcw.so)
==33==    by 0xF4CA501: ??? (in /usr/lib64/psqlodbcw.so)
==33==    by 0xF4A427D: SQLDriverConnect (in /usr/lib64/psqlodbcw.so)
==33==    by 0xF4052FB: SQLDriverConnect (in /usr/lib64/libodbc.so.2.0.0)
==33==    by 0xF37DFC9: odbc::ODBCConnection::connect(ExceptionSink*) (ODBCConnection.cpp:188)
==33==    by 0xF37DA19: odbc::ODBCConnection::ODBCConnection(Datasource*, ExceptionSink*) (ODBCConnection.cpp:71)
==33==    by 0xF37B9CC: odbc_open(Datasource*, ExceptionSink*) (odbc-module.cpp:94)
==33== 
==33== 24 bytes in 1 blocks are indirectly lost in loss record 681 of 3,193
==33==    at 0x488087E: malloc (vg_replace_malloc.c:447)
==33==    by 0x5D6DF0E: strdup (in /usr/lib64/libc.so.6)
==33==    by 0xF5557B2: ??? (in /usr/lib64/libodbcinst.so.2.0.0)
==33==    by 0xF55B2A6: SQLGetPrivateProfileString (in /usr/lib64/libodbcinst.so.2.0.0)
==33==    by 0xF4A1556: ??? (in /usr/lib64/psqlodbcw.so)
==33==    by 0xF4B7287: ??? (in /usr/lib64/psqlodbcw.so)
==33==    by 0xF4CA501: ??? (in /usr/lib64/psqlodbcw.so)
==33==    by 0xF4A427D: SQLDriverConnect (in /usr/lib64/psqlodbcw.so)
==33==    by 0xF4052FB: SQLDriverConnect (in /usr/lib64/libodbc.so.2.0.0)
==33==    by 0xF37DFC9: odbc::ODBCConnection::connect(ExceptionSink*) (ODBCConnection.cpp:188)
==33==    by 0xF37DA19: odbc::ODBCConnection::ODBCConnection(Datasource*, ExceptionSink*) (ODBCConnection.cpp:71)
==33==    by 0xF37B9CC: odbc_open(Datasource*, ExceptionSink*) (odbc-module.cpp:94)
==33== 
==33== 24 bytes in 1 blocks are indirectly lost in loss record 682 of 3,193
==33==    at 0x488087E: malloc (vg_replace_malloc.c:447)
==33==    by 0x5D6DF0E: strdup (in /usr/lib64/libc.so.6)
==33==    by 0xF5557B2: ??? (in /usr/lib64/libodbcinst.so.2.0.0)
==33==    by 0xF55B2A6: SQLGetPrivateProfileString (in /usr/lib64/libodbcinst.so.2.0.0)
==33==    by 0xF4A1592: ??? (in /usr/lib64/psqlodbcw.so)
==33==    by 0xF4B7287: ??? (in /usr/lib64/psqlodbcw.so)
==33==    by 0xF4CA501: ??? (in /usr/lib64/psqlodbcw.so)
==33==    by 0xF4A427D: SQLDriverConnect (in /usr/lib64/psqlodbcw.so)
==33==    by 0xF4052FB: SQLDriverConnect (in /usr/lib64/libodbc.so.2.0.0)
==33==    by 0xF37DFC9: odbc::ODBCConnection::connect(ExceptionSink*) (ODBCConnection.cpp:188)
==33==    by 0xF37DA19: odbc::ODBCConnection::ODBCConnection(Datasource*, ExceptionSink*) (ODBCConnection.cpp:71)
==33==    by 0xF37B9CC: odbc_open(Datasource*, ExceptionSink*) (odbc-module.cpp:94)
==33== 
==33== 24 bytes in 1 blocks are indirectly lost in loss record 683 of 3,193
==33==    at 0x488087E: malloc (vg_replace_malloc.c:447)
==33==    by 0x5D6DF0E: strdup (in /usr/lib64/libc.so.6)
==33==    by 0xF5557B2: ??? (in /usr/lib64/libodbcinst.so.2.0.0)
==33==    by 0xF55B2A6: SQLGetPrivateProfileString (in /usr/lib64/libodbcinst.so.2.0.0)
==33==    by 0xF4A1611: ??? (in /usr/lib64/psqlodbcw.so)
==33==    by 0xF4B7287: ??? (in /usr/lib64/psqlodbcw.so)
==33==    by 0xF4CA501: ??? (in /usr/lib64/psqlodbcw.so)
==33==    by 0xF4A427D: SQLDriverConnect (in /usr/lib64/psqlodbcw.so)
==33==    by 0xF4052FB: SQLDriverConnect (in /usr/lib64/libodbc.so.2.0.0)
==33==    by 0xF37DFC9: odbc::ODBCConnection::connect(ExceptionSink*) (ODBCConnection.cpp:188)
==33==    by 0xF37DA19: odbc::ODBCConnection::ODBCConnection(Datasource*, ExceptionSink*) (ODBCConnection.cpp:71)
==33==    by 0xF37B9CC: odbc_open(Datasource*, ExceptionSink*) (odbc-module.cpp:94)
==33== 
==33== 72 bytes in 1 blocks are indirectly lost in loss record 2,995 of 3,193
==33==    at 0x4888411: calloc (vg_replace_malloc.c:1678)
==33==    by 0xF437FDD: ??? (in /usr/lib64/libodbc.so.2.0.0)
==33==    by 0xF440C34: ??? (in /usr/lib64/libodbc.so.2.0.0)
==33==    by 0xF3F1C8D: ??? (in /usr/lib64/libodbc.so.2.0.0)
==33==    by 0xF37F9D9: odbc::ODBCConnection::envInit(ExceptionSink*) (ODBCConnection.cpp:534)
==33==    by 0xF37D9D9: odbc::ODBCConnection::ODBCConnection(Datasource*, ExceptionSink*) (ODBCConnection.cpp:61)
==33==    by 0xF37B9CC: odbc_open(Datasource*, ExceptionSink*) (odbc-module.cpp:94)
==33==    by 0x4DA8C2F: Datasource::open(ExceptionSink*) (in /usr/lib64/libqore.so.20.0.0)
==33==    by 0x4F2D0A4: ??? (in /usr/lib64/libqore.so.20.0.0)
==33==    by 0x4C3DDD1: ??? (in /usr/lib64/libqore.so.20.0.0)
==33==    by 0x4C47C6B: ??? (in /usr/lib64/libqore.so.20.0.0)
==33==    by 0x507741A: ??? (in /usr/lib64/libqore.so.20.0.0)
==33== 
==33== 72 bytes in 1 blocks are indirectly lost in loss record 2,996 of 3,193
==33==    at 0x4888411: calloc (vg_replace_malloc.c:1678)
==33==    by 0xF437FDD: ??? (in /usr/lib64/libodbc.so.2.0.0)
==33==    by 0xF440C34: ??? (in /usr/lib64/libodbc.so.2.0.0)
==33==    by 0xF3F1D44: ??? (in /usr/lib64/libodbc.so.2.0.0)
==33==    by 0xF37F9D9: odbc::ODBCConnection::envInit(ExceptionSink*) (ODBCConnection.cpp:534)
==33==    by 0xF37D9D9: odbc::ODBCConnection::ODBCConnection(Datasource*, ExceptionSink*) (ODBCConnection.cpp:61)
==33==    by 0xF37B9CC: odbc_open(Datasource*, ExceptionSink*) (odbc-module.cpp:94)
==33==    by 0x4DA8C2F: Datasource::open(ExceptionSink*) (in /usr/lib64/libqore.so.20.0.0)
==33==    by 0x4F2D0A4: ??? (in /usr/lib64/libqore.so.20.0.0)
==33==    by 0x4C3DDD1: ??? (in /usr/lib64/libqore.so.20.0.0)
==33==    by 0x4C47C6B: ??? (in /usr/lib64/libqore.so.20.0.0)
==33==    by 0x507741A: ??? (in /usr/lib64/libqore.so.20.0.0)
==33== 
==33== 72 bytes in 1 blocks are indirectly lost in loss record 2,997 of 3,193
==33==    at 0x4888411: calloc (vg_replace_malloc.c:1678)
==33==    by 0xF437FDD: ??? (in /usr/lib64/libodbc.so.2.0.0)
==33==    by 0xF440C34: ??? (in /usr/lib64/libodbc.so.2.0.0)
==33==    by 0xF4051E2: SQLDriverConnect (in /usr/lib64/libodbc.so.2.0.0)
==33==    by 0xF37DFC9: odbc::ODBCConnection::connect(ExceptionSink*) (ODBCConnection.cpp:188)
==33==    by 0xF37DA19: odbc::ODBCConnection::ODBCConnection(Datasource*, ExceptionSink*) (ODBCConnection.cpp:71)
==33==    by 0xF37B9CC: odbc_open(Datasource*, ExceptionSink*) (odbc-module.cpp:94)
==33==    by 0x4DA8C2F: Datasource::open(ExceptionSink*) (in /usr/lib64/libqore.so.20.0.0)
==33==    by 0x4F2D0A4: ??? (in /usr/lib64/libqore.so.20.0.0)
==33==    by 0x4C3DDD1: ??? (in /usr/lib64/libqore.so.20.0.0)
==33==    by 0x4C47C6B: ??? (in /usr/lib64/libqore.so.20.0.0)
==33==    by 0x507741A: ??? (in /usr/lib64/libqore.so.20.0.0)
==33== 
==33== 72 bytes in 1 blocks are indirectly lost in loss record 2,998 of 3,193
==33==    at 0x4888411: calloc (vg_replace_malloc.c:1678)
==33==    by 0xF437FDD: ??? (in /usr/lib64/libodbc.so.2.0.0)
==33==    by 0xF440C34: ??? (in /usr/lib64/libodbc.so.2.0.0)
==33==    by 0xF405FDE: SQLDriverConnect (in /usr/lib64/libodbc.so.2.0.0)
==33==    by 0xF37DFC9: odbc::ODBCConnection::connect(ExceptionSink*) (ODBCConnection.cpp:188)
==33==    by 0xF37DA19: odbc::ODBCConnection::ODBCConnection(Datasource*, ExceptionSink*) (ODBCConnection.cpp:71)
==33==    by 0xF37B9CC: odbc_open(Datasource*, ExceptionSink*) (odbc-module.cpp:94)
==33==    by 0x4DA8C2F: Datasource::open(ExceptionSink*) (in /usr/lib64/libqore.so.20.0.0)
==33==    by 0x4F2D0A4: ??? (in /usr/lib64/libqore.so.20.0.0)
==33==    by 0x4C3DDD1: ??? (in /usr/lib64/libqore.so.20.0.0)
==33==    by 0x4C47C6B: ??? (in /usr/lib64/libqore.so.20.0.0)
==33==    by 0x507741A: ??? (in /usr/lib64/libqore.so.20.0.0)
==33== 
==33== 72 bytes in 1 blocks are indirectly lost in loss record 2,999 of 3,193
==33==    at 0x4888411: calloc (vg_replace_malloc.c:1678)
==33==    by 0xF437FDD: ??? (in /usr/lib64/libodbc.so.2.0.0)
==33==    by 0xF440C34: ??? (in /usr/lib64/libodbc.so.2.0.0)
==33==    by 0xF3FC2BC: ??? (in /usr/lib64/libodbc.so.2.0.0)
==33==    by 0xF405215: SQLDriverConnect (in /usr/lib64/libodbc.so.2.0.0)
==33==    by 0xF37DFC9: odbc::ODBCConnection::connect(ExceptionSink*) (ODBCConnection.cpp:188)
==33==    by 0xF37DA19: odbc::ODBCConnection::ODBCConnection(Datasource*, ExceptionSink*) (ODBCConnection.cpp:71)
==33==    by 0xF37B9CC: odbc_open(Datasource*, ExceptionSink*) (odbc-module.cpp:94)
==33==    by 0x4DA8C2F: Datasource::open(ExceptionSink*) (in /usr/lib64/libqore.so.20.0.0)
==33==    by 0x4F2D0A4: ??? (in /usr/lib64/libqore.so.20.0.0)
==33==    by 0x4C3DDD1: ??? (in /usr/lib64/libqore.so.20.0.0)
==33==    by 0x4C47C6B: ??? (in /usr/lib64/libqore.so.20.0.0)
==33== 
==33== 72 bytes in 1 blocks are indirectly lost in loss record 3,000 of 3,193
==33==    at 0x4888411: calloc (vg_replace_malloc.c:1678)
==33==    by 0xF437FDD: ??? (in /usr/lib64/libodbc.so.2.0.0)
==33==    by 0xF440C34: ??? (in /usr/lib64/libodbc.so.2.0.0)
==33==    by 0xF3F84F8: ??? (in /usr/lib64/libodbc.so.2.0.0)
==33==    by 0xF40528F: SQLDriverConnect (in /usr/lib64/libodbc.so.2.0.0)
==33==    by 0xF37DFC9: odbc::ODBCConnection::connect(ExceptionSink*) (ODBCConnection.cpp:188)
==33==    by 0xF37DA19: odbc::ODBCConnection::ODBCConnection(Datasource*, ExceptionSink*) (ODBCConnection.cpp:71)
==33==    by 0xF37B9CC: odbc_open(Datasource*, ExceptionSink*) (odbc-module.cpp:94)
==33==    by 0x4DA8C2F: Datasource::open(ExceptionSink*) (in /usr/lib64/libqore.so.20.0.0)
==33==    by 0x4F2D0A4: ??? (in /usr/lib64/libqore.so.20.0.0)
==33==    by 0x4C3DDD1: ??? (in /usr/lib64/libqore.so.20.0.0)
==33==    by 0x4C47C6B: ??? (in /usr/lib64/libqore.so.20.0.0)
==33== 
==33== 72 bytes in 1 blocks are indirectly lost in loss record 3,001 of 3,193
==33==    at 0x4888411: calloc (vg_replace_malloc.c:1678)
==33==    by 0xF437FDD: ??? (in /usr/lib64/libodbc.so.2.0.0)
==33==    by 0xF440C34: ??? (in /usr/lib64/libodbc.so.2.0.0)
==33==    by 0xF3F79C2: ??? (in /usr/lib64/libodbc.so.2.0.0)
==33==    by 0xF40528F: SQLDriverConnect (in /usr/lib64/libodbc.so.2.0.0)
==33==    by 0xF37DFC9: odbc::ODBCConnection::connect(ExceptionSink*) (ODBCConnection.cpp:188)
==33==    by 0xF37DA19: odbc::ODBCConnection::ODBCConnection(Datasource*, ExceptionSink*) (ODBCConnection.cpp:71)
==33==    by 0xF37B9CC: odbc_open(Datasource*, ExceptionSink*) (odbc-module.cpp:94)
==33==    by 0x4DA8C2F: Datasource::open(ExceptionSink*) (in /usr/lib64/libqore.so.20.0.0)
==33==    by 0x4F2D0A4: ??? (in /usr/lib64/libqore.so.20.0.0)
==33==    by 0x4C3DDD1: ??? (in /usr/lib64/libqore.so.20.0.0)
==33==    by 0x4C47C6B: ??? (in /usr/lib64/libqore.so.20.0.0)
==33== 
==33== 72 bytes in 1 blocks are indirectly lost in loss record 3,002 of 3,193
==33==    at 0x4888411: calloc (vg_replace_malloc.c:1678)
==33==    by 0xF437FDD: ??? (in /usr/lib64/libodbc.so.2.0.0)
==33==    by 0xF440C34: ??? (in /usr/lib64/libodbc.so.2.0.0)
==33==    by 0xF3F7A45: ??? (in /usr/lib64/libodbc.so.2.0.0)
==33==    by 0xF40528F: SQLDriverConnect (in /usr/lib64/libodbc.so.2.0.0)
==33==    by 0xF37DFC9: odbc::ODBCConnection::connect(ExceptionSink*) (ODBCConnection.cpp:188)
==33==    by 0xF37DA19: odbc::ODBCConnection::ODBCConnection(Datasource*, ExceptionSink*) (ODBCConnection.cpp:71)
==33==    by 0xF37B9CC: odbc_open(Datasource*, ExceptionSink*) (odbc-module.cpp:94)
==33==    by 0x4DA8C2F: Datasource::open(ExceptionSink*) (in /usr/lib64/libqore.so.20.0.0)
==33==    by 0x4F2D0A4: ??? (in /usr/lib64/libqore.so.20.0.0)
==33==    by 0x4C3DDD1: ??? (in /usr/lib64/libqore.so.20.0.0)
==33==    by 0x4C47C6B: ??? (in /usr/lib64/libqore.so.20.0.0)
==33== 
==33== 72 bytes in 1 blocks are indirectly lost in loss record 3,003 of 3,193
==33==    at 0x4888411: calloc (vg_replace_malloc.c:1678)
==33==    by 0xF437FDD: ??? (in /usr/lib64/libodbc.so.2.0.0)
==33==    by 0xF440C34: ??? (in /usr/lib64/libodbc.so.2.0.0)
==33==    by 0xF3F7AB9: ??? (in /usr/lib64/libodbc.so.2.0.0)
==33==    by 0xF40528F: SQLDriverConnect (in /usr/lib64/libodbc.so.2.0.0)
==33==    by 0xF37DFC9: odbc::ODBCConnection::connect(ExceptionSink*) (ODBCConnection.cpp:188)
==33==    by 0xF37DA19: odbc::ODBCConnection::ODBCConnection(Datasource*, ExceptionSink*) (ODBCConnection.cpp:71)
==33==    by 0xF37B9CC: odbc_open(Datasource*, ExceptionSink*) (odbc-module.cpp:94)
==33==    by 0x4DA8C2F: Datasource::open(ExceptionSink*) (in /usr/lib64/libqore.so.20.0.0)
==33==    by 0x4F2D0A4: ??? (in /usr/lib64/libqore.so.20.0.0)
==33==    by 0x4C3DDD1: ??? (in /usr/lib64/libqore.so.20.0.0)
==33==    by 0x4C47C6B: ??? (in /usr/lib64/libqore.so.20.0.0)
==33== 
==33== 72 bytes in 1 blocks are indirectly lost in loss record 3,004 of 3,193
==33==    at 0x4888411: calloc (vg_replace_malloc.c:1678)
==33==    by 0xF437FDD: ??? (in /usr/lib64/libodbc.so.2.0.0)
==33==    by 0xF440C34: ??? (in /usr/lib64/libodbc.so.2.0.0)
==33==    by 0xF3F7B01: ??? (in /usr/lib64/libodbc.so.2.0.0)
==33==    by 0xF40528F: SQLDriverConnect (in /usr/lib64/libodbc.so.2.0.0)
==33==    by 0xF37DFC9: odbc::ODBCConnection::connect(ExceptionSink*) (ODBCConnection.cpp:188)
==33==    by 0xF37DA19: odbc::ODBCConnection::ODBCConnection(Datasource*, ExceptionSink*) (ODBCConnection.cpp:71)
==33==    by 0xF37B9CC: odbc_open(Datasource*, ExceptionSink*) (odbc-module.cpp:94)
==33==    by 0x4DA8C2F: Datasource::open(ExceptionSink*) (in /usr/lib64/libqore.so.20.0.0)
==33==    by 0x4F2D0A4: ??? (in /usr/lib64/libqore.so.20.0.0)
==33==    by 0x4C3DDD1: ??? (in /usr/lib64/libqore.so.20.0.0)
==33==    by 0x4C47C6B: ??? (in /usr/lib64/libqore.so.20.0.0)
==33== 
==33== 72 bytes in 1 blocks are indirectly lost in loss record 3,005 of 3,193
==33==    at 0x4888411: calloc (vg_replace_malloc.c:1678)
==33==    by 0xF437FDD: ??? (in /usr/lib64/libodbc.so.2.0.0)
==33==    by 0xF440C34: ??? (in /usr/lib64/libodbc.so.2.0.0)
==33==    by 0xF3F7B6C: ??? (in /usr/lib64/libodbc.so.2.0.0)
==33==    by 0xF40528F: SQLDriverConnect (in /usr/lib64/libodbc.so.2.0.0)
==33==    by 0xF37DFC9: odbc::ODBCConnection::connect(ExceptionSink*) (ODBCConnection.cpp:188)
==33==    by 0xF37DA19: odbc::ODBCConnection::ODBCConnection(Datasource*, ExceptionSink*) (ODBCConnection.cpp:71)
==33==    by 0xF37B9CC: odbc_open(Datasource*, ExceptionSink*) (odbc-module.cpp:94)
==33==    by 0x4DA8C2F: Datasource::open(ExceptionSink*) (in /usr/lib64/libqore.so.20.0.0)
==33==    by 0x4F2D0A4: ??? (in /usr/lib64/libqore.so.20.0.0)
==33==    by 0x4C3DDD1: ??? (in /usr/lib64/libqore.so.20.0.0)
==33==    by 0x4C47C6B: ??? (in /usr/lib64/libqore.so.20.0.0)
==33== 
==33== 72 bytes in 1 blocks are indirectly lost in loss record 3,006 of 3,193
==33==    at 0x4888411: calloc (vg_replace_malloc.c:1678)
==33==    by 0xF437FDD: ??? (in /usr/lib64/libodbc.so.2.0.0)
==33==    by 0xF440C34: ??? (in /usr/lib64/libodbc.so.2.0.0)
==33==    by 0xF3F7BAC: ??? (in /usr/lib64/libodbc.so.2.0.0)
==33==    by 0xF40528F: SQLDriverConnect (in /usr/lib64/libodbc.so.2.0.0)
==33==    by 0xF37DFC9: odbc::ODBCConnection::connect(ExceptionSink*) (ODBCConnection.cpp:188)
==33==    by 0xF37DA19: odbc::ODBCConnection::ODBCConnection(Datasource*, ExceptionSink*) (ODBCConnection.cpp:71)
==33==    by 0xF37B9CC: odbc_open(Datasource*, ExceptionSink*) (odbc-module.cpp:94)
==33==    by 0x4DA8C2F: Datasource::open(ExceptionSink*) (in /usr/lib64/libqore.so.20.0.0)
==33==    by 0x4F2D0A4: ??? (in /usr/lib64/libqore.so.20.0.0)
==33==    by 0x4C3DDD1: ??? (in /usr/lib64/libqore.so.20.0.0)
==33==    by 0x4C47C6B: ??? (in /usr/lib64/libqore.so.20.0.0)
==33== 
==33== 72 bytes in 1 blocks are indirectly lost in loss record 3,007 of 3,193
==33==    at 0x4888411: calloc (vg_replace_malloc.c:1678)
==33==    by 0xF437FDD: ??? (in /usr/lib64/libodbc.so.2.0.0)
==33==    by 0xF440C34: ??? (in /usr/lib64/libodbc.so.2.0.0)
==33==    by 0xF3F7BF7: ??? (in /usr/lib64/libodbc.so.2.0.0)
==33==    by 0xF40528F: SQLDriverConnect (in /usr/lib64/libodbc.so.2.0.0)
==33==    by 0xF37DFC9: odbc::ODBCConnection::connect(ExceptionSink*) (ODBCConnection.cpp:188)
==33==    by 0xF37DA19: odbc::ODBCConnection::ODBCConnection(Datasource*, ExceptionSink*) (ODBCConnection.cpp:71)
==33==    by 0xF37B9CC: odbc_open(Datasource*, ExceptionSink*) (odbc-module.cpp:94)
==33==    by 0x4DA8C2F: Datasource::open(ExceptionSink*) (in /usr/lib64/libqore.so.20.0.0)
==33==    by 0x4F2D0A4: ??? (in /usr/lib64/libqore.so.20.0.0)
==33==    by 0x4C3DDD1: ??? (in /usr/lib64/libqore.so.20.0.0)
==33==    by 0x4C47C6B: ??? (in /usr/lib64/libqore.so.20.0.0)
==33== 
==33== 72 bytes in 1 blocks are indirectly lost in loss record 3,008 of 3,193
==33==    at 0x488087E: malloc (vg_replace_malloc.c:447)
==33==    by 0xF45DB10: lt__malloc (in /usr/lib64/libltdl.so.7.3.2)
==33==    by 0xF45DD54: lt__zalloc (in /usr/lib64/libltdl.so.7.3.2)
==33==    by 0xF45E239: preopen_LTX_get_vtable (in /usr/lib64/libltdl.so.7.3.2)
==33==    by 0xF461988: ??? (in /usr/lib64/libltdl.so.7.3.2)
==33==    by 0xF461AA6: lt_dlinit (in /usr/lib64/libltdl.so.7.3.2)
==33==    by 0xF3F7CE2: ??? (in /usr/lib64/libodbc.so.2.0.0)
==33==    by 0xF40528F: SQLDriverConnect (in /usr/lib64/libodbc.so.2.0.0)
==33==    by 0xF37DFC9: odbc::ODBCConnection::connect(ExceptionSink*) (ODBCConnection.cpp:188)
==33==    by 0xF37DA19: odbc::ODBCConnection::ODBCConnection(Datasource*, ExceptionSink*) (ODBCConnection.cpp:71)
==33==    by 0xF37B9CC: odbc_open(Datasource*, ExceptionSink*) (odbc-module.cpp:94)
==33==    by 0x4DA8C2F: Datasource::open(ExceptionSink*) (in /usr/lib64/libqore.so.20.0.0)
==33== 
==33== 72 bytes in 1 blocks are indirectly lost in loss record 3,009 of 3,193
==33==    at 0x488087E: malloc (vg_replace_malloc.c:447)
==33==    by 0xF45DB10: lt__malloc (in /usr/lib64/libltdl.so.7.3.2)
==33==    by 0xF45DD54: lt__zalloc (in /usr/lib64/libltdl.so.7.3.2)
==33==    by 0xF45F059: dlopen_LTX_get_vtable (in /usr/lib64/libltdl.so.7.3.2)
==33==    by 0xF461988: ??? (in /usr/lib64/libltdl.so.7.3.2)
==33==    by 0xF46146F: lt_dlpreload_open (in /usr/lib64/libltdl.so.7.3.2)
==33==    by 0xF3F7CE2: ??? (in /usr/lib64/libodbc.so.2.0.0)
==33==    by 0xF40528F: SQLDriverConnect (in /usr/lib64/libodbc.so.2.0.0)
==33==    by 0xF37DFC9: odbc::ODBCConnection::connect(ExceptionSink*) (ODBCConnection.cpp:188)
==33==    by 0xF37DA19: odbc::ODBCConnection::ODBCConnection(Datasource*, ExceptionSink*) (ODBCConnection.cpp:71)
==33==    by 0xF37B9CC: odbc_open(Datasource*, ExceptionSink*) (odbc-module.cpp:94)
==33==    by 0x4DA8C2F: Datasource::open(ExceptionSink*) (in /usr/lib64/libqore.so.20.0.0)
==33== 
==33== 72 bytes in 1 blocks are indirectly lost in loss record 3,010 of 3,193
==33==    at 0x4888411: calloc (vg_replace_malloc.c:1678)
==33==    by 0xF55578D: ??? (in /usr/lib64/libodbcinst.so.2.0.0)
==33==    by 0xF55B2A6: SQLGetPrivateProfileString (in /usr/lib64/libodbcinst.so.2.0.0)
==33==    by 0xF4B0D5D: ??? (in /usr/lib64/psqlodbcw.so)
==33==    by 0xF46AEE2: ??? (in /usr/lib64/psqlodbcw.so)
==33==    by 0x4042656: call_init (dl-init.c:74)
==33==    by 0x4042656: call_init (dl-init.c:26)
==33==    by 0x404274C: _dl_init (dl-init.c:121)
==33==    by 0x403E5C1: _dl_catch_exception (dl-catch.c:211)
==33==    by 0x40497BC: dl_open_worker (dl-open.c:827)
==33==    by 0x403E522: _dl_catch_exception (dl-catch.c:237)
==33==    by 0x4049BE1: _dl_open (dl-open.c:903)
==33==    by 0x5D52E13: dlopen_doit (in /usr/lib64/libc.so.6)
==33== 
==33== 72 bytes in 1 blocks are indirectly lost in loss record 3,011 of 3,193
==33==    at 0x4888411: calloc (vg_replace_malloc.c:1678)
==33==    by 0xF55578D: ??? (in /usr/lib64/libodbcinst.so.2.0.0)
==33==    by 0xF55B2A6: SQLGetPrivateProfileString (in /usr/lib64/libodbcinst.so.2.0.0)
==33==    by 0xF4A8AB3: ??? (in /usr/lib64/psqlodbcw.so)
==33==    by 0xF4AD326: ??? (in /usr/lib64/psqlodbcw.so)
==33==    by 0xF4B0D8D: ??? (in /usr/lib64/psqlodbcw.so)
==33==    by 0xF46AEE2: ??? (in /usr/lib64/psqlodbcw.so)
==33==    by 0x4042656: call_init (dl-init.c:74)
==33==    by 0x4042656: call_init (dl-init.c:26)
==33==    by 0x404274C: _dl_init (dl-init.c:121)
==33==    by 0x403E5C1: _dl_catch_exception (dl-catch.c:211)
==33==    by 0x40497BC: dl_open_worker (dl-open.c:827)
==33==    by 0x403E522: _dl_catch_exception (dl-catch.c:237)
==33== 
==33== 72 bytes in 1 blocks are indirectly lost in loss record 3,012 of 3,193
==33==    at 0x4888411: calloc (vg_replace_malloc.c:1678)
==33==    by 0xF55578D: ??? (in /usr/lib64/libodbcinst.so.2.0.0)
==33==    by 0xF55B2A6: SQLGetPrivateProfileString (in /usr/lib64/libodbcinst.so.2.0.0)
==33==    by 0xF4A8B43: ??? (in /usr/lib64/psqlodbcw.so)
==33==    by 0xF4AD34E: ??? (in /usr/lib64/psqlodbcw.so)
==33==    by 0xF4B0D8D: ??? (in /usr/lib64/psqlodbcw.so)
==33==    by 0xF46AEE2: ??? (in /usr/lib64/psqlodbcw.so)
==33==    by 0x4042656: call_init (dl-init.c:74)
==33==    by 0x4042656: call_init (dl-init.c:26)
==33==    by 0x404274C: _dl_init (dl-init.c:121)
==33==    by 0x403E5C1: _dl_catch_exception (dl-catch.c:211)
==33==    by 0x40497BC: dl_open_worker (dl-open.c:827)
==33==    by 0x403E522: _dl_catch_exception (dl-catch.c:237)
==33== 
==33== 72 bytes in 1 blocks are indirectly lost in loss record 3,013 of 3,193
==33==    at 0x4888411: calloc (vg_replace_malloc.c:1678)
==33==    by 0xF55578D: ??? (in /usr/lib64/libodbcinst.so.2.0.0)
==33==    by 0xF55B2A6: SQLGetPrivateProfileString (in /usr/lib64/libodbcinst.so.2.0.0)
==33==    by 0xF4A1353: ??? (in /usr/lib64/psqlodbcw.so)
==33==    by 0xF4B7287: ??? (in /usr/lib64/psqlodbcw.so)
==33==    by 0xF4CA501: ??? (in /usr/lib64/psqlodbcw.so)
==33==    by 0xF4A427D: SQLDriverConnect (in /usr/lib64/psqlodbcw.so)
==33==    by 0xF4052FB: SQLDriverConnect (in /usr/lib64/libodbc.so.2.0.0)
==33==    by 0xF37DFC9: odbc::ODBCConnection::connect(ExceptionSink*) (ODBCConnection.cpp:188)
==33==    by 0xF37DA19: odbc::ODBCConnection::ODBCConnection(Datasource*, ExceptionSink*) (ODBCConnection.cpp:71)
==33==    by 0xF37B9CC: odbc_open(Datasource*, ExceptionSink*) (odbc-module.cpp:94)
==33==    by 0x4DA8C2F: Datasource::open(ExceptionSink*) (in /usr/lib64/libqore.so.20.0.0)
==33== 
==33== 72 bytes in 1 blocks are indirectly lost in loss record 3,014 of 3,193
==33==    at 0x4888411: calloc (vg_replace_malloc.c:1678)
==33==    by 0xF55578D: ??? (in /usr/lib64/libodbcinst.so.2.0.0)
==33==    by 0xF55B2A6: SQLGetPrivateProfileString (in /usr/lib64/libodbcinst.so.2.0.0)
==33==    by 0xF4A1379: ??? (in /usr/lib64/psqlodbcw.so)
==33==    by 0xF4B7287: ??? (in /usr/lib64/psqlodbcw.so)
==33==    by 0xF4CA501: ??? (in /usr/lib64/psqlodbcw.so)
==33==    by 0xF4A427D: SQLDriverConnect (in /usr/lib64/psqlodbcw.so)
==33==    by 0xF4052FB: SQLDriverConnect (in /usr/lib64/libodbc.so.2.0.0)
==33==    by 0xF37DFC9: odbc::ODBCConnection::connect(ExceptionSink*) (ODBCConnection.cpp:188)
==33==    by 0xF37DA19: odbc::ODBCConnection::ODBCConnection(Datasource*, ExceptionSink*) (ODBCConnection.cpp:71)
==33==    by 0xF37B9CC: odbc_open(Datasource*, ExceptionSink*) (odbc-module.cpp:94)
==33==    by 0x4DA8C2F: Datasource::open(ExceptionSink*) (in /usr/lib64/libqore.so.20.0.0)
==33== 
==33== 72 bytes in 1 blocks are indirectly lost in loss record 3,015 of 3,193
==33==    at 0x4888411: calloc (vg_replace_malloc.c:1678)
==33==    by 0xF55578D: ??? (in /usr/lib64/libodbcinst.so.2.0.0)
==33==    by 0xF55B2A6: SQLGetPrivateProfileString (in /usr/lib64/libodbcinst.so.2.0.0)
==33==    by 0xF4A13AE: ??? (in /usr/lib64/psqlodbcw.so)
==33==    by 0xF4B7287: ??? (in /usr/lib64/psqlodbcw.so)
==33==    by 0xF4CA501: ??? (in /usr/lib64/psqlodbcw.so)
==33==    by 0xF4A427D: SQLDriverConnect (in /usr/lib64/psqlodbcw.so)
==33==    by 0xF4052FB: SQLDriverConnect (in /usr/lib64/libodbc.so.2.0.0)
==33==    by 0xF37DFC9: odbc::ODBCConnection::connect(ExceptionSink*) (ODBCConnection.cpp:188)
==33==    by 0xF37DA19: odbc::ODBCConnection::ODBCConnection(Datasource*, ExceptionSink*) (ODBCConnection.cpp:71)
==33==    by 0xF37B9CC: odbc_open(Datasource*, ExceptionSink*) (odbc-module.cpp:94)
==33==    by 0x4DA8C2F: Datasource::open(ExceptionSink*) (in /usr/lib64/libqore.so.20.0.0)
==33== 
==33== 72 bytes in 1 blocks are indirectly lost in loss record 3,016 of 3,193
==33==    at 0x4888411: calloc (vg_replace_malloc.c:1678)
==33==    by 0xF55578D: ??? (in /usr/lib64/libodbcinst.so.2.0.0)
==33==    by 0xF55B2A6: SQLGetPrivateProfileString (in /usr/lib64/libodbcinst.so.2.0.0)
==33==    by 0xF4A13E3: ??? (in /usr/lib64/psqlodbcw.so)
==33==    by 0xF4B7287: ??? (in /usr/lib64/psqlodbcw.so)
==33==    by 0xF4CA501: ??? (in /usr/lib64/psqlodbcw.so)
==33==    by 0xF4A427D: SQLDriverConnect (in /usr/lib64/psqlodbcw.so)
==33==    by 0xF4052FB: SQLDriverConnect (in /usr/lib64/libodbc.so.2.0.0)
==33==    by 0xF37DFC9: odbc::ODBCConnection::connect(ExceptionSink*) (ODBCConnection.cpp:188)
==33==    by 0xF37DA19: odbc::ODBCConnection::ODBCConnection(Datasource*, ExceptionSink*) (ODBCConnection.cpp:71)
==33==    by 0xF37B9CC: odbc_open(Datasource*, ExceptionSink*) (odbc-module.cpp:94)
==33==    by 0x4DA8C2F: Datasource::open(ExceptionSink*) (in /usr/lib64/libqore.so.20.0.0)
==33== 
==33== 72 bytes in 1 blocks are indirectly lost in loss record 3,017 of 3,193
==33==    at 0x4888411: calloc (vg_replace_malloc.c:1678)
==33==    by 0xF55578D: ??? (in /usr/lib64/libodbcinst.so.2.0.0)
==33==    by 0xF55B2A6: SQLGetPrivateProfileString (in /usr/lib64/libodbcinst.so.2.0.0)
==33==    by 0xF4A1418: ??? (in /usr/lib64/psqlodbcw.so)
==33==    by 0xF4B7287: ??? (in /usr/lib64/psqlodbcw.so)
==33==    by 0xF4CA501: ??? (in /usr/lib64/psqlodbcw.so)
==33==    by 0xF4A427D: SQLDriverConnect (in /usr/lib64/psqlodbcw.so)
==33==    by 0xF4052FB: SQLDriverConnect (in /usr/lib64/libodbc.so.2.0.0)
==33==    by 0xF37DFC9: odbc::ODBCConnection::connect(ExceptionSink*) (ODBCConnection.cpp:188)
==33==    by 0xF37DA19: odbc::ODBCConnection::ODBCConnection(Datasource*, ExceptionSink*) (ODBCConnection.cpp:71)
==33==    by 0xF37B9CC: odbc_open(Datasource*, ExceptionSink*) (odbc-module.cpp:94)
==33==    by 0x4DA8C2F: Datasource::open(ExceptionSink*) (in /usr/lib64/libqore.so.20.0.0)
==33== 
==33== 72 bytes in 1 blocks are indirectly lost in loss record 3,018 of 3,193
==33==    at 0x4888411: calloc (vg_replace_malloc.c:1678)
==33==    by 0xF55578D: ??? (in /usr/lib64/libodbcinst.so.2.0.0)
==33==    by 0xF55B2A6: SQLGetPrivateProfileString (in /usr/lib64/libodbcinst.so.2.0.0)
==33==    by 0xF4A144D: ??? (in /usr/lib64/psqlodbcw.so)
==33==    by 0xF4B7287: ??? (in /usr/lib64/psqlodbcw.so)
==33==    by 0xF4CA501: ??? (in /usr/lib64/psqlodbcw.so)
==33==    by 0xF4A427D: SQLDriverConnect (in /usr/lib64/psqlodbcw.so)
==33==    by 0xF4052FB: SQLDriverConnect (in /usr/lib64/libodbc.so.2.0.0)
==33==    by 0xF37DFC9: odbc::ODBCConnection::connect(ExceptionSink*) (ODBCConnection.cpp:188)
==33==    by 0xF37DA19: odbc::ODBCConnection::ODBCConnection(Datasource*, ExceptionSink*) (ODBCConnection.cpp:71)
==33==    by 0xF37B9CC: odbc_open(Datasource*, ExceptionSink*) (odbc-module.cpp:94)
==33==    by 0x4DA8C2F: Datasource::open(ExceptionSink*) (in /usr/lib64/libqore.so.20.0.0)
==33== 
==33== 72 bytes in 1 blocks are indirectly lost in loss record 3,019 of 3,193
==33==    at 0x4888411: calloc (vg_replace_malloc.c:1678)
==33==    by 0xF55578D: ??? (in /usr/lib64/libodbcinst.so.2.0.0)
==33==    by 0xF55B2A6: SQLGetPrivateProfileString (in /usr/lib64/libodbcinst.so.2.0.0)
==33==    by 0xF4A1482: ??? (in /usr/lib64/psqlodbcw.so)
==33==    by 0xF4B7287: ??? (in /usr/lib64/psqlodbcw.so)
==33==    by 0xF4CA501: ??? (in /usr/lib64/psqlodbcw.so)
==33==    by 0xF4A427D: SQLDriverConnect (in /usr/lib64/psqlodbcw.so)
==33==    by 0xF4052FB: SQLDriverConnect (in /usr/lib64/libodbc.so.2.0.0)
==33==    by 0xF37DFC9: odbc::ODBCConnection::connect(ExceptionSink*) (ODBCConnection.cpp:188)
==33==    by 0xF37DA19: odbc::ODBCConnection::ODBCConnection(Datasource*, ExceptionSink*) (ODBCConnection.cpp:71)
==33==    by 0xF37B9CC: odbc_open(Datasource*, ExceptionSink*) (odbc-module.cpp:94)
==33==    by 0x4DA8C2F: Datasource::open(ExceptionSink*) (in /usr/lib64/libqore.so.20.0.0)
==33== 
==33== 72 bytes in 1 blocks are indirectly lost in loss record 3,020 of 3,193
==33==    at 0x4888411: calloc (vg_replace_malloc.c:1678)
==33==    by 0xF55578D: ??? (in /usr/lib64/libodbcinst.so.2.0.0)
==33==    by 0xF55B2A6: SQLGetPrivateProfileString (in /usr/lib64/libodbcinst.so.2.0.0)
==33==    by 0xF4A14B7: ??? (in /usr/lib64/psqlodbcw.so)
==33==    by 0xF4B7287: ??? (in /usr/lib64/psqlodbcw.so)
==33==    by 0xF4CA501: ??? (in /usr/lib64/psqlodbcw.so)
==33==    by 0xF4A427D: SQLDriverConnect (in /usr/lib64/psqlodbcw.so)
==33==    by 0xF4052FB: SQLDriverConnect (in /usr/lib64/libodbc.so.2.0.0)
==33==    by 0xF37DFC9: odbc::ODBCConnection::connect(ExceptionSink*) (ODBCConnection.cpp:188)
==33==    by 0xF37DA19: odbc::ODBCConnection::ODBCConnection(Datasource*, ExceptionSink*) (ODBCConnection.cpp:71)
==33==    by 0xF37B9CC: odbc_open(Datasource*, ExceptionSink*) (odbc-module.cpp:94)
==33==    by 0x4DA8C2F: Datasource::open(ExceptionSink*) (in /usr/lib64/libqore.so.20.0.0)
==33== 
==33== 72 bytes in 1 blocks are indirectly lost in loss record 3,021 of 3,193
==33==    at 0x4888411: calloc (vg_replace_malloc.c:1678)
==33==    by 0xF55578D: ??? (in /usr/lib64/libodbcinst.so.2.0.0)
==33==    by 0xF55B2A6: SQLGetPrivateProfileString (in /usr/lib64/libodbcinst.so.2.0.0)
==33==    by 0xF4A14EC: ??? (in /usr/lib64/psqlodbcw.so)
==33==    by 0xF4B7287: ??? (in /usr/lib64/psqlodbcw.so)
==33==    by 0xF4CA501: ??? (in /usr/lib64/psqlodbcw.so)
==33==    by 0xF4A427D: SQLDriverConnect (in /usr/lib64/psqlodbcw.so)
==33==    by 0xF4052FB: SQLDriverConnect (in /usr/lib64/libodbc.so.2.0.0)
==33==    by 0xF37DFC9: odbc::ODBCConnection::connect(ExceptionSink*) (ODBCConnection.cpp:188)
==33==    by 0xF37DA19: odbc::ODBCConnection::ODBCConnection(Datasource*, ExceptionSink*) (ODBCConnection.cpp:71)
==33==    by 0xF37B9CC: odbc_open(Datasource*, ExceptionSink*) (odbc-module.cpp:94)
==33==    by 0x4DA8C2F: Datasource::open(ExceptionSink*) (in /usr/lib64/libqore.so.20.0.0)
==33== 
==33== 72 bytes in 1 blocks are indirectly lost in loss record 3,022 of 3,193
==33==    at 0x4888411: calloc (vg_replace_malloc.c:1678)
==33==    by 0xF55578D: ??? (in /usr/lib64/libodbcinst.so.2.0.0)
==33==    by 0xF55B2A6: SQLGetPrivateProfileString (in /usr/lib64/libodbcinst.so.2.0.0)
==33==    by 0xF4A1521: ??? (in /usr/lib64/psqlodbcw.so)
==33==    by 0xF4B7287: ??? (in /usr/lib64/psqlodbcw.so)
==33==    by 0xF4CA501: ??? (in /usr/lib64/psqlodbcw.so)
==33==    by 0xF4A427D: SQLDriverConnect (in /usr/lib64/psqlodbcw.so)
==33==    by 0xF4052FB: SQLDriverConnect (in /usr/lib64/libodbc.so.2.0.0)
==33==    by 0xF37DFC9: odbc::ODBCConnection::connect(ExceptionSink*) (ODBCConnection.cpp:188)
==33==    by 0xF37DA19: odbc::ODBCConnection::ODBCConnection(Datasource*, ExceptionSink*) (ODBCConnection.cpp:71)
==33==    by 0xF37B9CC: odbc_open(Datasource*, ExceptionSink*) (odbc-module.cpp:94)
==33==    by 0x4DA8C2F: Datasource::open(ExceptionSink*) (in /usr/lib64/libqore.so.20.0.0)
==33== 
==33== 72 bytes in 1 blocks are indirectly lost in loss record 3,023 of 3,193
==33==    at 0x4888411: calloc (vg_replace_malloc.c:1678)
==33==    by 0xF55578D: ??? (in /usr/lib64/libodbcinst.so.2.0.0)
==33==    by 0xF55B2A6: SQLGetPrivateProfileString (in /usr/lib64/libodbcinst.so.2.0.0)
==33==    by 0xF4A1556: ??? (in /usr/lib64/psqlodbcw.so)
==33==    by 0xF4B7287: ??? (in /usr/lib64/psqlodbcw.so)
==33==    by 0xF4CA501: ??? (in /usr/lib64/psqlodbcw.so)
==33==    by 0xF4A427D: SQLDriverConnect (in /usr/lib64/psqlodbcw.so)
==33==    by 0xF4052FB: SQLDriverConnect (in /usr/lib64/libodbc.so.2.0.0)
==33==    by 0xF37DFC9: odbc::ODBCConnection::connect(ExceptionSink*) (ODBCConnection.cpp:188)
==33==    by 0xF37DA19: odbc::ODBCConnection::ODBCConnection(Datasource*, ExceptionSink*) (ODBCConnection.cpp:71)
==33==    by 0xF37B9CC: odbc_open(Datasource*, ExceptionSink*) (odbc-module.cpp:94)
==33==    by 0x4DA8C2F: Datasource::open(ExceptionSink*) (in /usr/lib64/libqore.so.20.0.0)
==33== 
==33== 72 bytes in 1 blocks are indirectly lost in loss record 3,024 of 3,193
==33==    at 0x4888411: calloc (vg_replace_malloc.c:1678)
==33==    by 0xF55578D: ??? (in /usr/lib64/libodbcinst.so.2.0.0)
==33==    by 0xF55B2A6: SQLGetPrivateProfileString (in /usr/lib64/libodbcinst.so.2.0.0)
==33==    by 0xF4A1592: ??? (in /usr/lib64/psqlodbcw.so)
==33==    by 0xF4B7287: ??? (in /usr/lib64/psqlodbcw.so)
==33==    by 0xF4CA501: ??? (in /usr/lib64/psqlodbcw.so)
==33==    by 0xF4A427D: SQLDriverConnect (in /usr/lib64/psqlodbcw.so)
==33==    by 0xF4052FB: SQLDriverConnect (in /usr/lib64/libodbc.so.2.0.0)
==33==    by 0xF37DFC9: odbc::ODBCConnection::connect(ExceptionSink*) (ODBCConnection.cpp:188)
==33==    by 0xF37DA19: odbc::ODBCConnection::ODBCConnection(Datasource*, ExceptionSink*) (ODBCConnection.cpp:71)
==33==    by 0xF37B9CC: odbc_open(Datasource*, ExceptionSink*) (odbc-module.cpp:94)
==33==    by 0x4DA8C2F: Datasource::open(ExceptionSink*) (in /usr/lib64/libqore.so.20.0.0)
==33== 
==33== 88 bytes in 1 blocks are indirectly lost in loss record 3,039 of 3,193
==33==    at 0x488087E: malloc (vg_replace_malloc.c:447)
==33==    by 0xF45DB10: lt__malloc (in /usr/lib64/libltdl.so.7.3.2)
==33==    by 0xF45DD54: lt__zalloc (in /usr/lib64/libltdl.so.7.3.2)
==33==    by 0xF460BB2: ??? (in /usr/lib64/libltdl.so.7.3.2)
==33==    by 0xF4611F6: lt_dlopenadvise (in /usr/lib64/libltdl.so.7.3.2)
==33==    by 0xF46145D: lt_dlpreload_open (in /usr/lib64/libltdl.so.7.3.2)
==33==    by 0xF3F7CE2: ??? (in /usr/lib64/libodbc.so.2.0.0)
==33==    by 0xF40528F: SQLDriverConnect (in /usr/lib64/libodbc.so.2.0.0)
==33==    by 0xF37DFC9: odbc::ODBCConnection::connect(ExceptionSink*) (ODBCConnection.cpp:188)
==33==    by 0xF37DA19: odbc::ODBCConnection::ODBCConnection(Datasource*, ExceptionSink*) (ODBCConnection.cpp:71)
==33==    by 0xF37B9CC: odbc_open(Datasource*, ExceptionSink*) (odbc-module.cpp:94)
==33==    by 0x4DA8C2F: Datasource::open(ExceptionSink*) (in /usr/lib64/libqore.so.20.0.0)
==33== 
==33== 176 (16 direct, 160 indirect) bytes in 1 blocks are definitely lost in loss record 3,078 of 3,193
==33==    at 0x488087E: malloc (vg_replace_malloc.c:447)
==33==    by 0xF461889: lt__slist_box (in /usr/lib64/libltdl.so.7.3.2)
==33==    by 0xF4618F4: lt_dlloader_add (in /usr/lib64/libltdl.so.7.3.2)
==33==    by 0xF46199A: ??? (in /usr/lib64/libltdl.so.7.3.2)
==33==    by 0xF46146F: lt_dlpreload_open (in /usr/lib64/libltdl.so.7.3.2)
==33==    by 0xF3F7CE2: ??? (in /usr/lib64/libodbc.so.2.0.0)
==33==    by 0xF40528F: SQLDriverConnect (in /usr/lib64/libodbc.so.2.0.0)
==33==    by 0xF37DFC9: odbc::ODBCConnection::connect(ExceptionSink*) (ODBCConnection.cpp:188)
==33==    by 0xF37DA19: odbc::ODBCConnection::ODBCConnection(Datasource*, ExceptionSink*) (ODBCConnection.cpp:71)
==33==    by 0xF37B9CC: odbc_open(Datasource*, ExceptionSink*) (odbc-module.cpp:94)
==33==    by 0x4DA8C2F: Datasource::open(ExceptionSink*) (in /usr/lib64/libqore.so.20.0.0)
==33==    by 0x4F2D0A4: ??? (in /usr/lib64/libqore.so.20.0.0)
==33== 
==33== 226 (88 direct, 138 indirect) bytes in 1 blocks are definitely lost in loss record 3,084 of 3,193
==33==    at 0x488087E: malloc (vg_replace_malloc.c:447)
==33==    by 0xF45DB10: lt__malloc (in /usr/lib64/libltdl.so.7.3.2)
==33==    by 0xF45DD54: lt__zalloc (in /usr/lib64/libltdl.so.7.3.2)
==33==    by 0xF4609F9: ??? (in /usr/lib64/libltdl.so.7.3.2)
==33==    by 0xF4611F6: lt_dlopenadvise (in /usr/lib64/libltdl.so.7.3.2)
==33==    by 0xF3F63AF: ??? (in /usr/lib64/libodbc.so.2.0.0)
==33==    by 0xF3F7D24: ??? (in /usr/lib64/libodbc.so.2.0.0)
==33==    by 0xF40528F: SQLDriverConnect (in /usr/lib64/libodbc.so.2.0.0)
==33==    by 0xF37DFC9: odbc::ODBCConnection::connect(ExceptionSink*) (ODBCConnection.cpp:188)
==33==    by 0xF37DA19: odbc::ODBCConnection::ODBCConnection(Datasource*, ExceptionSink*) (ODBCConnection.cpp:71)
==33==    by 0xF37B9CC: odbc_open(Datasource*, ExceptionSink*) (odbc-module.cpp:94)
==33==    by 0x4DA8C2F: Datasource::open(ExceptionSink*) (in /usr/lib64/libqore.so.20.0.0)
==33== 
==33== 1,671 (72 direct, 1,599 indirect) bytes in 1 blocks are definitely lost in loss record 3,151 of 3,193
==33==    at 0x4888411: calloc (vg_replace_malloc.c:1678)
==33==    by 0xF437FDD: ??? (in /usr/lib64/libodbc.so.2.0.0)
==33==    by 0xF440C34: ??? (in /usr/lib64/libodbc.so.2.0.0)
==33==    by 0xF3F7C44: ??? (in /usr/lib64/libodbc.so.2.0.0)
==33==    by 0xF40528F: SQLDriverConnect (in /usr/lib64/libodbc.so.2.0.0)
==33==    by 0xF37DFC9: odbc::ODBCConnection::connect(ExceptionSink*) (ODBCConnection.cpp:188)
==33==    by 0xF37DA19: odbc::ODBCConnection::ODBCConnection(Datasource*, ExceptionSink*) (ODBCConnection.cpp:71)
==33==    by 0xF37B9CC: odbc_open(Datasource*, ExceptionSink*) (odbc-module.cpp:94)
==33==    by 0x4DA8C2F: Datasource::open(ExceptionSink*) (in /usr/lib64/libqore.so.20.0.0)
==33==    by 0x4F2D0A4: ??? (in /usr/lib64/libqore.so.20.0.0)
==33==    by 0x4C3DDD1: ??? (in /usr/lib64/libqore.so.20.0.0)
==33==    by 0x4C47C6B: ??? (in /usr/lib64/libqore.so.20.0.0)
==33== 
==33== 1,976 (72 direct, 1,904 indirect) bytes in 1 blocks are definitely lost in loss record 3,158 of 3,193
==33==    at 0x4888411: calloc (vg_replace_malloc.c:1678)
==33==    by 0xF55578D: ??? (in /usr/lib64/libodbcinst.so.2.0.0)
==33==    by 0xF55B2A6: SQLGetPrivateProfileString (in /usr/lib64/libodbcinst.so.2.0.0)
==33==    by 0xF4A1611: ??? (in /usr/lib64/psqlodbcw.so)
==33==    by 0xF4B7287: ??? (in /usr/lib64/psqlodbcw.so)
==33==    by 0xF4CA501: ??? (in /usr/lib64/psqlodbcw.so)
==33==    by 0xF4A427D: SQLDriverConnect (in /usr/lib64/psqlodbcw.so)
==33==    by 0xF4052FB: SQLDriverConnect (in /usr/lib64/libodbc.so.2.0.0)
==33==    by 0xF37DFC9: odbc::ODBCConnection::connect(ExceptionSink*) (ODBCConnection.cpp:188)
==33==    by 0xF37DA19: odbc::ODBCConnection::ODBCConnection(Datasource*, ExceptionSink*) (ODBCConnection.cpp:71)
==33==    by 0xF37B9CC: odbc_open(Datasource*, ExceptionSink*) (odbc-module.cpp:94)
==33==    by 0x4DA8C2F: Datasource::open(ExceptionSink*) (in /usr/lib64/libqore.so.20.0.0)
==33== 
==33== LEAK SUMMARY:
==33==    definitely lost: 264 bytes in 5 blocks
==33==    indirectly lost: 3,801 bytes in 186 blocks
==33==      possibly lost: 0 bytes in 0 blocks
==33==    still reachable: 527,916 bytes in 8,084 blocks
==33==         suppressed: 0 bytes in 0 blocks
==33== Reachable blocks (those to which a pointer was found) are not shown.
==33== To see them, rerun with: --leak-check=full --show-leak-kinds=all
==33== 
==33== For lists of detected and suppressed errors, rerun with: -s
==33== ERROR SUMMARY: 5 errors from 5 contexts (suppressed: 0 from 0)
