==47== Memcheck, a memory error detector
==47== Copyright (C) 2002-2026, and GNU GPL'd, by Julian Seward et al.
==47== Using Valgrind-3.27.1 and LibVEX; rerun with -h for copyright info
==47== Command: /fixture/control
==47== Parent PID: 7
==47== 
==47== 
==47== HEAP SUMMARY:
==47==     in use at exit: 9,840 bytes in 361 blocks
==47==   total heap usage: 5,096 allocs, 4,735 frees, 388,099 bytes allocated
==47== 
==47== 24 bytes in 1 blocks are still reachable in loss record 1 of 361
==47==    at 0x4844784: malloc (in /usr/libexec/valgrind/vgpreload_memcheck-amd64-linux.so)
==47==    by 0x9433890: CRYPTO_malloc (in /usr/lib64/libcrypto.so.3.5.0)
==47==    by 0x942C995: OPENSSL_LH_insert (in /usr/lib64/libcrypto.so.3.5.0)
==47==    by 0x95094A0: OBJ_NAME_add (in /usr/lib64/libcrypto.so.3.5.0)
==47==    by 0x940E63F: EVP_add_cipher (in /usr/lib64/libcrypto.so.3.5.0)
==47==    by 0x93DF6A4: ??? (in /usr/lib64/libcrypto.so.3.5.0)
==47==    by 0x9432788: ??? (in /usr/lib64/libcrypto.so.3.5.0)
==47==    by 0x8E341AE: __pthread_once_slow (in /usr/lib64/libc.so.6)
==47==    by 0x9447E78: CRYPTO_THREAD_run_once (in /usr/lib64/libcrypto.so.3.5.0)
==47==    by 0x9432DC6: OPENSSL_init_crypto (in /usr/lib64/libcrypto.so.3.5.0)
==47==    by 0x940E759: ??? (in /usr/lib64/libcrypto.so.3.5.0)
==47==    by 0x51AF5F0: ncrypto::Cipher::FromNid(int) (ncrypto.cc:3173)
==47== 
==47== 24 bytes in 1 blocks are still reachable in loss record 2 of 361
==47==    at 0x4844784: malloc (in /usr/libexec/valgrind/vgpreload_memcheck-amd64-linux.so)
==47==    by 0x9433890: CRYPTO_malloc (in /usr/lib64/libcrypto.so.3.5.0)
==47==    by 0x9509458: OBJ_NAME_add (in /usr/lib64/libcrypto.so.3.5.0)
==47==    by 0x93DF6A4: ??? (in /usr/lib64/libcrypto.so.3.5.0)
==47==    by 0x9432788: ??? (in /usr/lib64/libcrypto.so.3.5.0)
==47==    by 0x8E341AE: __pthread_once_slow (in /usr/lib64/libc.so.6)
==47==    by 0x9447E78: CRYPTO_THREAD_run_once (in /usr/lib64/libcrypto.so.3.5.0)
==47==    by 0x9432DC6: OPENSSL_init_crypto (in /usr/lib64/libcrypto.so.3.5.0)
==47==    by 0x940E759: ??? (in /usr/lib64/libcrypto.so.3.5.0)
==47==    by 0x51AF5F0: ncrypto::Cipher::FromNid(int) (ncrypto.cc:3173)
==47==    by 0x4CCAF6D: __static_initialization_and_destruction_0 (ncrypto.cc:3181)
==47==    by 0x4CCAF6D: _GLOBAL__sub_I_ncrypto.cc (ncrypto.cc:5046)
==47==    by 0x400459D: call_init (in /usr/lib64/ld-linux-x86-64.so.2)
==47== 
==47== 24 bytes in 1 blocks are still reachable in loss record 3 of 361
==47==    at 0x4844784: malloc (in /usr/libexec/valgrind/vgpreload_memcheck-amd64-linux.so)
==47==    by 0x9433890: CRYPTO_malloc (in /usr/lib64/libcrypto.so.3.5.0)
==47==    by 0x942C995: OPENSSL_LH_insert (in /usr/lib64/libcrypto.so.3.5.0)
==47==    by 0x95094A0: OBJ_NAME_add (in /usr/lib64/libcrypto.so.3.5.0)
==47==    by 0x940E63F: EVP_add_cipher (in /usr/lib64/libcrypto.so.3.5.0)
==47==    by 0x93DF6B1: ??? (in /usr/lib64/libcrypto.so.3.5.0)
==47==    by 0x9432788: ??? (in /usr/lib64/libcrypto.so.3.5.0)
==47==    by 0x8E341AE: __pthread_once_slow (in /usr/lib64/libc.so.6)
==47==    by 0x9447E78: CRYPTO_THREAD_run_once (in /usr/lib64/libcrypto.so.3.5.0)
==47==    by 0x9432DC6: OPENSSL_init_crypto (in /usr/lib64/libcrypto.so.3.5.0)
==47==    by 0x940E759: ??? (in /usr/lib64/libcrypto.so.3.5.0)
==47==    by 0x51AF5F0: ncrypto::Cipher::FromNid(int) (ncrypto.cc:3173)
==47== 
==47== 24 bytes in 1 blocks are still reachable in loss record 4 of 361
==47==    at 0x4844784: malloc (in /usr/libexec/valgrind/vgpreload_memcheck-amd64-linux.so)
==47==    by 0x9433890: CRYPTO_malloc (in /usr/lib64/libcrypto.so.3.5.0)
==47==    by 0x9509458: OBJ_NAME_add (in /usr/lib64/libcrypto.so.3.5.0)
==47==    by 0x93DF6B1: ??? (in /usr/lib64/libcrypto.so.3.5.0)
==47==    by 0x9432788: ??? (in /usr/lib64/libcrypto.so.3.5.0)
==47==    by 0x8E341AE: __pthread_once_slow (in /usr/lib64/libc.so.6)
==47==    by 0x9447E78: CRYPTO_THREAD_run_once (in /usr/lib64/libcrypto.so.3.5.0)
==47==    by 0x9432DC6: OPENSSL_init_crypto (in /usr/lib64/libcrypto.so.3.5.0)
==47==    by 0x940E759: ??? (in /usr/lib64/libcrypto.so.3.5.0)
==47==    by 0x51AF5F0: ncrypto::Cipher::FromNid(int) (ncrypto.cc:3173)
==47==    by 0x4CCAF6D: __static_initialization_and_destruction_0 (ncrypto.cc:3181)
==47==    by 0x4CCAF6D: _GLOBAL__sub_I_ncrypto.cc (ncrypto.cc:5046)
==47==    by 0x400459D: call_init (in /usr/lib64/ld-linux-x86-64.so.2)
==47== 
==47== 24 bytes in 1 blocks are still reachable in loss record 5 of 361
==47==    at 0x4844784: malloc (in /usr/libexec/valgrind/vgpreload_memcheck-amd64-linux.so)
==47==    by 0x9433890: CRYPTO_malloc (in /usr/lib64/libcrypto.so.3.5.0)
==47==    by 0x942C995: OPENSSL_LH_insert (in /usr/lib64/libcrypto.so.3.5.0)
==47==    by 0x95094A0: OBJ_NAME_add (in /usr/lib64/libcrypto.so.3.5.0)
==47==    by 0x940E63F: EVP_add_cipher (in /usr/lib64/libcrypto.so.3.5.0)
==47==    by 0x93DF6BE: ??? (in /usr/lib64/libcrypto.so.3.5.0)
==47==    by 0x9432788: ??? (in /usr/lib64/libcrypto.so.3.5.0)
==47==    by 0x8E341AE: __pthread_once_slow (in /usr/lib64/libc.so.6)
==47==    by 0x9447E78: CRYPTO_THREAD_run_once (in /usr/lib64/libcrypto.so.3.5.0)
==47==    by 0x9432DC6: OPENSSL_init_crypto (in /usr/lib64/libcrypto.so.3.5.0)
==47==    by 0x940E759: ??? (in /usr/lib64/libcrypto.so.3.5.0)
==47==    by 0x51AF5F0: ncrypto::Cipher::FromNid(int) (ncrypto.cc:3173)
==47== 
==47== 24 bytes in 1 blocks are still reachable in loss record 6 of 361
==47==    at 0x4844784: malloc (in /usr/libexec/valgrind/vgpreload_memcheck-amd64-linux.so)
==47==    by 0x9433890: CRYPTO_malloc (in /usr/lib64/libcrypto.so.3.5.0)
==47==    by 0x9509458: OBJ_NAME_add (in /usr/lib64/libcrypto.so.3.5.0)
==47==    by 0x93DF6BE: ??? (in /usr/lib64/libcrypto.so.3.5.0)
==47==    by 0x9432788: ??? (in /usr/lib64/libcrypto.so.3.5.0)
==47==    by 0x8E341AE: __pthread_once_slow (in /usr/lib64/libc.so.6)
==47==    by 0x9447E78: CRYPTO_THREAD_run_once (in /usr/lib64/libcrypto.so.3.5.0)
==47==    by 0x9432DC6: OPENSSL_init_crypto (in /usr/lib64/libcrypto.so.3.5.0)
==47==    by 0x940E759: ??? (in /usr/lib64/libcrypto.so.3.5.0)
==47==    by 0x51AF5F0: ncrypto::Cipher::FromNid(int) (ncrypto.cc:3173)
==47==    by 0x4CCAF6D: __static_initialization_and_destruction_0 (ncrypto.cc:3181)
==47==    by 0x4CCAF6D: _GLOBAL__sub_I_ncrypto.cc (ncrypto.cc:5046)
==47==    by 0x400459D: call_init (in /usr/lib64/ld-linux-x86-64.so.2)
==47== 
==47== 24 bytes in 1 blocks are still reachable in loss record 7 of 361
==47==    at 0x4844784: malloc (in /usr/libexec/valgrind/vgpreload_memcheck-amd64-linux.so)
==47==    by 0x9433890: CRYPTO_malloc (in /usr/lib64/libcrypto.so.3.5.0)
==47==    by 0x942C995: OPENSSL_LH_insert (in /usr/lib64/libcrypto.so.3.5.0)
==47==    by 0x95094A0: OBJ_NAME_add (in /usr/lib64/libcrypto.so.3.5.0)
==47==    by 0x940E63F: EVP_add_cipher (in /usr/lib64/libcrypto.so.3.5.0)
==47==    by 0x93DF6CB: ??? (in /usr/lib64/libcrypto.so.3.5.0)
==47==    by 0x9432788: ??? (in /usr/lib64/libcrypto.so.3.5.0)
==47==    by 0x8E341AE: __pthread_once_slow (in /usr/lib64/libc.so.6)
==47==    by 0x9447E78: CRYPTO_THREAD_run_once (in /usr/lib64/libcrypto.so.3.5.0)
==47==    by 0x9432DC6: OPENSSL_init_crypto (in /usr/lib64/libcrypto.so.3.5.0)
==47==    by 0x940E759: ??? (in /usr/lib64/libcrypto.so.3.5.0)
==47==    by 0x51AF5F0: ncrypto::Cipher::FromNid(int) (ncrypto.cc:3173)
==47== 
==47== 24 bytes in 1 blocks are still reachable in loss record 8 of 361
==47==    at 0x4844784: malloc (in /usr/libexec/valgrind/vgpreload_memcheck-amd64-linux.so)
==47==    by 0x9433890: CRYPTO_malloc (in /usr/lib64/libcrypto.so.3.5.0)
==47==    by 0x9509458: OBJ_NAME_add (in /usr/lib64/libcrypto.so.3.5.0)
==47==    by 0x93DF6CB: ??? (in /usr/lib64/libcrypto.so.3.5.0)
==47==    by 0x9432788: ??? (in /usr/lib64/libcrypto.so.3.5.0)
==47==    by 0x8E341AE: __pthread_once_slow (in /usr/lib64/libc.so.6)
==47==    by 0x9447E78: CRYPTO_THREAD_run_once (in /usr/lib64/libcrypto.so.3.5.0)
==47==    by 0x9432DC6: OPENSSL_init_crypto (in /usr/lib64/libcrypto.so.3.5.0)
==47==    by 0x940E759: ??? (in /usr/lib64/libcrypto.so.3.5.0)
==47==    by 0x51AF5F0: ncrypto::Cipher::FromNid(int) (ncrypto.cc:3173)
==47==    by 0x4CCAF6D: __static_initialization_and_destruction_0 (ncrypto.cc:3181)
==47==    by 0x4CCAF6D: _GLOBAL__sub_I_ncrypto.cc (ncrypto.cc:5046)
==47==    by 0x400459D: call_init (in /usr/lib64/ld-linux-x86-64.so.2)
==47== 
==47== 24 bytes in 1 blocks are still reachable in loss record 9 of 361
==47==    at 0x4844784: malloc (in /usr/libexec/valgrind/vgpreload_memcheck-amd64-linux.so)
==47==    by 0x9433890: CRYPTO_malloc (in /usr/lib64/libcrypto.so.3.5.0)
==47==    by 0x942C995: OPENSSL_LH_insert (in /usr/lib64/libcrypto.so.3.5.0)
==47==    by 0x95094A0: OBJ_NAME_add (in /usr/lib64/libcrypto.so.3.5.0)
==47==    by 0x940E63F: EVP_add_cipher (in /usr/lib64/libcrypto.so.3.5.0)
==47==    by 0x93DF6D8: ??? (in /usr/lib64/libcrypto.so.3.5.0)
==47==    by 0x9432788: ??? (in /usr/lib64/libcrypto.so.3.5.0)
==47==    by 0x8E341AE: __pthread_once_slow (in /usr/lib64/libc.so.6)
==47==    by 0x9447E78: CRYPTO_THREAD_run_once (in /usr/lib64/libcrypto.so.3.5.0)
==47==    by 0x9432DC6: OPENSSL_init_crypto (in /usr/lib64/libcrypto.so.3.5.0)
==47==    by 0x940E759: ??? (in /usr/lib64/libcrypto.so.3.5.0)
==47==    by 0x51AF5F0: ncrypto::Cipher::FromNid(int) (ncrypto.cc:3173)
==47== 
==47== 24 bytes in 1 blocks are still reachable in loss record 10 of 361
==47==    at 0x4844784: malloc (in /usr/libexec/valgrind/vgpreload_memcheck-amd64-linux.so)
==47==    by 0x9433890: CRYPTO_malloc (in /usr/lib64/libcrypto.so.3.5.0)
==47==    by 0x9509458: OBJ_NAME_add (in /usr/lib64/libcrypto.so.3.5.0)
==47==    by 0x93DF6D8: ??? (in /usr/lib64/libcrypto.so.3.5.0)
==47==    by 0x9432788: ??? (in /usr/lib64/libcrypto.so.3.5.0)
==47==    by 0x8E341AE: __pthread_once_slow (in /usr/lib64/libc.so.6)
==47==    by 0x9447E78: CRYPTO_THREAD_run_once (in /usr/lib64/libcrypto.so.3.5.0)
==47==    by 0x9432DC6: OPENSSL_init_crypto (in /usr/lib64/libcrypto.so.3.5.0)
==47==    by 0x940E759: ??? (in /usr/lib64/libcrypto.so.3.5.0)
==47==    by 0x51AF5F0: ncrypto::Cipher::FromNid(int) (ncrypto.cc:3173)
==47==    by 0x4CCAF6D: __static_initialization_and_destruction_0 (ncrypto.cc:3181)
==47==    by 0x4CCAF6D: _GLOBAL__sub_I_ncrypto.cc (ncrypto.cc:5046)
==47==    by 0x400459D: call_init (in /usr/lib64/ld-linux-x86-64.so.2)
==47== 
==47== 24 bytes in 1 blocks are still reachable in loss record 11 of 361
==47==    at 0x4844784: malloc (in /usr/libexec/valgrind/vgpreload_memcheck-amd64-linux.so)
==47==    by 0x9433890: CRYPTO_malloc (in /usr/lib64/libcrypto.so.3.5.0)
==47==    by 0x942C995: OPENSSL_LH_insert (in /usr/lib64/libcrypto.so.3.5.0)
==47==    by 0x95094A0: OBJ_NAME_add (in /usr/lib64/libcrypto.so.3.5.0)
==47==    by 0x940E63F: EVP_add_cipher (in /usr/lib64/libcrypto.so.3.5.0)
==47==    by 0x93DF6E5: ??? (in /usr/lib64/libcrypto.so.3.5.0)
==47==    by 0x9432788: ??? (in /usr/lib64/libcrypto.so.3.5.0)
==47==    by 0x8E341AE: __pthread_once_slow (in /usr/lib64/libc.so.6)
==47==    by 0x9447E78: CRYPTO_THREAD_run_once (in /usr/lib64/libcrypto.so.3.5.0)
==47==    by 0x9432DC6: OPENSSL_init_crypto (in /usr/lib64/libcrypto.so.3.5.0)
==47==    by 0x940E759: ??? (in /usr/lib64/libcrypto.so.3.5.0)
==47==    by 0x51AF5F0: ncrypto::Cipher::FromNid(int) (ncrypto.cc:3173)
==47== 
==47== 24 bytes in 1 blocks are still reachable in loss record 12 of 361
==47==    at 0x4844784: malloc (in /usr/libexec/valgrind/vgpreload_memcheck-amd64-linux.so)
==47==    by 0x9433890: CRYPTO_malloc (in /usr/lib64/libcrypto.so.3.5.0)
==47==    by 0x9509458: OBJ_NAME_add (in /usr/lib64/libcrypto.so.3.5.0)
==47==    by 0x93DF6E5: ??? (in /usr/lib64/libcrypto.so.3.5.0)
==47==    by 0x9432788: ??? (in /usr/lib64/libcrypto.so.3.5.0)
==47==    by 0x8E341AE: __pthread_once_slow (in /usr/lib64/libc.so.6)
==47==    by 0x9447E78: CRYPTO_THREAD_run_once (in /usr/lib64/libcrypto.so.3.5.0)
==47==    by 0x9432DC6: OPENSSL_init_crypto (in /usr/lib64/libcrypto.so.3.5.0)
==47==    by 0x940E759: ??? (in /usr/lib64/libcrypto.so.3.5.0)
==47==    by 0x51AF5F0: ncrypto::Cipher::FromNid(int) (ncrypto.cc:3173)
==47==    by 0x4CCAF6D: __static_initialization_and_destruction_0 (ncrypto.cc:3181)
==47==    by 0x4CCAF6D: _GLOBAL__sub_I_ncrypto.cc (ncrypto.cc:5046)
==47==    by 0x400459D: call_init (in /usr/lib64/ld-linux-x86-64.so.2)
==47== 
==47== 24 bytes in 1 blocks are still reachable in loss record 13 of 361
==47==    at 0x4844784: malloc (in /usr/libexec/valgrind/vgpreload_memcheck-amd64-linux.so)
==47==    by 0x9433890: CRYPTO_malloc (in /usr/lib64/libcrypto.so.3.5.0)
==47==    by 0x942C995: OPENSSL_LH_insert (in /usr/lib64/libcrypto.so.3.5.0)
==47==    by 0x95094A0: OBJ_NAME_add (in /usr/lib64/libcrypto.so.3.5.0)
==47==    by 0x940E63F: EVP_add_cipher (in /usr/lib64/libcrypto.so.3.5.0)
==47==    by 0x93DF6F2: ??? (in /usr/lib64/libcrypto.so.3.5.0)
==47==    by 0x9432788: ??? (in /usr/lib64/libcrypto.so.3.5.0)
==47==    by 0x8E341AE: __pthread_once_slow (in /usr/lib64/libc.so.6)
==47==    by 0x9447E78: CRYPTO_THREAD_run_once (in /usr/lib64/libcrypto.so.3.5.0)
==47==    by 0x9432DC6: OPENSSL_init_crypto (in /usr/lib64/libcrypto.so.3.5.0)
==47==    by 0x940E759: ??? (in /usr/lib64/libcrypto.so.3.5.0)
==47==    by 0x51AF5F0: ncrypto::Cipher::FromNid(int) (ncrypto.cc:3173)
==47== 
==47== 24 bytes in 1 blocks are still reachable in loss record 14 of 361
==47==    at 0x4844784: malloc (in /usr/libexec/valgrind/vgpreload_memcheck-amd64-linux.so)
==47==    by 0x9433890: CRYPTO_malloc (in /usr/lib64/libcrypto.so.3.5.0)
==47==    by 0x9509458: OBJ_NAME_add (in /usr/lib64/libcrypto.so.3.5.0)
==47==    by 0x93DF6F2: ??? (in /usr/lib64/libcrypto.so.3.5.0)
==47==    by 0x9432788: ??? (in /usr/lib64/libcrypto.so.3.5.0)
==47==    by 0x8E341AE: __pthread_once_slow (in /usr/lib64/libc.so.6)
==47==    by 0x9447E78: CRYPTO_THREAD_run_once (in /usr/lib64/libcrypto.so.3.5.0)
==47==    by 0x9432DC6: OPENSSL_init_crypto (in /usr/lib64/libcrypto.so.3.5.0)
==47==    by 0x940E759: ??? (in /usr/lib64/libcrypto.so.3.5.0)
==47==    by 0x51AF5F0: ncrypto::Cipher::FromNid(int) (ncrypto.cc:3173)
==47==    by 0x4CCAF6D: __static_initialization_and_destruction_0 (ncrypto.cc:3181)
==47==    by 0x4CCAF6D: _GLOBAL__sub_I_ncrypto.cc (ncrypto.cc:5046)
==47==    by 0x400459D: call_init (in /usr/lib64/ld-linux-x86-64.so.2)
==47== 
==47== 24 bytes in 1 blocks are still reachable in loss record 15 of 361
==47==    at 0x4844784: malloc (in /usr/libexec/valgrind/vgpreload_memcheck-amd64-linux.so)
==47==    by 0x9433890: CRYPTO_malloc (in /usr/lib64/libcrypto.so.3.5.0)
==47==    by 0x942C995: OPENSSL_LH_insert (in /usr/lib64/libcrypto.so.3.5.0)
==47==    by 0x95094A0: OBJ_NAME_add (in /usr/lib64/libcrypto.so.3.5.0)
==47==    by 0x940E63F: EVP_add_cipher (in /usr/lib64/libcrypto.so.3.5.0)
==47==    by 0x93DF6FF: ??? (in /usr/lib64/libcrypto.so.3.5.0)
==47==    by 0x9432788: ??? (in /usr/lib64/libcrypto.so.3.5.0)
==47==    by 0x8E341AE: __pthread_once_slow (in /usr/lib64/libc.so.6)
==47==    by 0x9447E78: CRYPTO_THREAD_run_once (in /usr/lib64/libcrypto.so.3.5.0)
==47==    by 0x9432DC6: OPENSSL_init_crypto (in /usr/lib64/libcrypto.so.3.5.0)
==47==    by 0x940E759: ??? (in /usr/lib64/libcrypto.so.3.5.0)
==47==    by 0x51AF5F0: ncrypto::Cipher::FromNid(int) (ncrypto.cc:3173)
==47== 
==47== 24 bytes in 1 blocks are still reachable in loss record 16 of 361
==47==    at 0x4844784: malloc (in /usr/libexec/valgrind/vgpreload_memcheck-amd64-linux.so)
==47==    by 0x9433890: CRYPTO_malloc (in /usr/lib64/libcrypto.so.3.5.0)
==47==    by 0x9509458: OBJ_NAME_add (in /usr/lib64/libcrypto.so.3.5.0)
==47==    by 0x93DF6FF: ??? (in /usr/lib64/libcrypto.so.3.5.0)
==47==    by 0x9432788: ??? (in /usr/lib64/libcrypto.so.3.5.0)
==47==    by 0x8E341AE: __pthread_once_slow (in /usr/lib64/libc.so.6)
==47==    by 0x9447E78: CRYPTO_THREAD_run_once (in /usr/lib64/libcrypto.so.3.5.0)
==47==    by 0x9432DC6: OPENSSL_init_crypto (in /usr/lib64/libcrypto.so.3.5.0)
==47==    by 0x940E759: ??? (in /usr/lib64/libcrypto.so.3.5.0)
==47==    by 0x51AF5F0: ncrypto::Cipher::FromNid(int) (ncrypto.cc:3173)
==47==    by 0x4CCAF6D: __static_initialization_and_destruction_0 (ncrypto.cc:3181)
==47==    by 0x4CCAF6D: _GLOBAL__sub_I_ncrypto.cc (ncrypto.cc:5046)
==47==    by 0x400459D: call_init (in /usr/lib64/ld-linux-x86-64.so.2)
==47== 
==47== 24 bytes in 1 blocks are still reachable in loss record 17 of 361
==47==    at 0x4844784: malloc (in /usr/libexec/valgrind/vgpreload_memcheck-amd64-linux.so)
==47==    by 0x9433890: CRYPTO_malloc (in /usr/lib64/libcrypto.so.3.5.0)
==47==    by 0x942C995: OPENSSL_LH_insert (in /usr/lib64/libcrypto.so.3.5.0)
==47==    by 0x95094A0: OBJ_NAME_add (in /usr/lib64/libcrypto.so.3.5.0)
==47==    by 0x940E63F: EVP_add_cipher (in /usr/lib64/libcrypto.so.3.5.0)
==47==    by 0x93DF70C: ??? (in /usr/lib64/libcrypto.so.3.5.0)
==47==    by 0x9432788: ??? (in /usr/lib64/libcrypto.so.3.5.0)
==47==    by 0x8E341AE: __pthread_once_slow (in /usr/lib64/libc.so.6)
==47==    by 0x9447E78: CRYPTO_THREAD_run_once (in /usr/lib64/libcrypto.so.3.5.0)
==47==    by 0x9432DC6: OPENSSL_init_crypto (in /usr/lib64/libcrypto.so.3.5.0)
==47==    by 0x940E759: ??? (in /usr/lib64/libcrypto.so.3.5.0)
==47==    by 0x51AF5F0: ncrypto::Cipher::FromNid(int) (ncrypto.cc:3173)
==47== 
==47== 24 bytes in 1 blocks are still reachable in loss record 18 of 361
==47==    at 0x4844784: malloc (in /usr/libexec/valgrind/vgpreload_memcheck-amd64-linux.so)
==47==    by 0x9433890: CRYPTO_malloc (in /usr/lib64/libcrypto.so.3.5.0)
==47==    by 0x9509458: OBJ_NAME_add (in /usr/lib64/libcrypto.so.3.5.0)
==47==    by 0x93DF70C: ??? (in /usr/lib64/libcrypto.so.3.5.0)
==47==    by 0x9432788: ??? (in /usr/lib64/libcrypto.so.3.5.0)
==47==    by 0x8E341AE: __pthread_once_slow (in /usr/lib64/libc.so.6)
==47==    by 0x9447E78: CRYPTO_THREAD_run_once (in /usr/lib64/libcrypto.so.3.5.0)
==47==    by 0x9432DC6: OPENSSL_init_crypto (in /usr/lib64/libcrypto.so.3.5.0)
==47==    by 0x940E759: ??? (in /usr/lib64/libcrypto.so.3.5.0)
==47==    by 0x51AF5F0: ncrypto::Cipher::FromNid(int) (ncrypto.cc:3173)
==47==    by 0x4CCAF6D: __static_initialization_and_destruction_0 (ncrypto.cc:3181)
==47==    by 0x4CCAF6D: _GLOBAL__sub_I_ncrypto.cc (ncrypto.cc:5046)
==47==    by 0x400459D: call_init (in /usr/lib64/ld-linux-x86-64.so.2)
==47== 
==47== 24 bytes in 1 blocks are still reachable in loss record 19 of 361
==47==    at 0x4844784: malloc (in /usr/libexec/valgrind/vgpreload_memcheck-amd64-linux.so)
==47==    by 0x9433890: CRYPTO_malloc (in /usr/lib64/libcrypto.so.3.5.0)
==47==    by 0x942C995: OPENSSL_LH_insert (in /usr/lib64/libcrypto.so.3.5.0)
==47==    by 0x95094A0: OBJ_NAME_add (in /usr/lib64/libcrypto.so.3.5.0)
==47==    by 0x940E63F: EVP_add_cipher (in /usr/lib64/libcrypto.so.3.5.0)
==47==    by 0x93DF719: ??? (in /usr/lib64/libcrypto.so.3.5.0)
==47==    by 0x9432788: ??? (in /usr/lib64/libcrypto.so.3.5.0)
==47==    by 0x8E341AE: __pthread_once_slow (in /usr/lib64/libc.so.6)
==47==    by 0x9447E78: CRYPTO_THREAD_run_once (in /usr/lib64/libcrypto.so.3.5.0)
==47==    by 0x9432DC6: OPENSSL_init_crypto (in /usr/lib64/libcrypto.so.3.5.0)
==47==    by 0x940E759: ??? (in /usr/lib64/libcrypto.so.3.5.0)
==47==    by 0x51AF5F0: ncrypto::Cipher::FromNid(int) (ncrypto.cc:3173)
==47== 
==47== 24 bytes in 1 blocks are still reachable in loss record 20 of 361
==47==    at 0x4844784: malloc (in /usr/libexec/valgrind/vgpreload_memcheck-amd64-linux.so)
==47==    by 0x9433890: CRYPTO_malloc (in /usr/lib64/libcrypto.so.3.5.0)
==47==    by 0x9509458: OBJ_NAME_add (in /usr/lib64/libcrypto.so.3.5.0)
==47==    by 0x93DF719: ??? (in /usr/lib64/libcrypto.so.3.5.0)
==47==    by 0x9432788: ??? (in /usr/lib64/libcrypto.so.3.5.0)
==47==    by 0x8E341AE: __pthread_once_slow (in /usr/lib64/libc.so.6)
==47==    by 0x9447E78: CRYPTO_THREAD_run_once (in /usr/lib64/libcrypto.so.3.5.0)
==47==    by 0x9432DC6: OPENSSL_init_crypto (in /usr/lib64/libcrypto.so.3.5.0)
==47==    by 0x940E759: ??? (in /usr/lib64/libcrypto.so.3.5.0)
==47==    by 0x51AF5F0: ncrypto::Cipher::FromNid(int) (ncrypto.cc:3173)
==47==    by 0x4CCAF6D: __static_initialization_and_destruction_0 (ncrypto.cc:3181)
==47==    by 0x4CCAF6D: _GLOBAL__sub_I_ncrypto.cc (ncrypto.cc:5046)
==47==    by 0x400459D: call_init (in /usr/lib64/ld-linux-x86-64.so.2)
==47== 
==47== 24 bytes in 1 blocks are still reachable in loss record 21 of 361
==47==    at 0x4844784: malloc (in /usr/libexec/valgrind/vgpreload_memcheck-amd64-linux.so)
==47==    by 0x9433890: CRYPTO_malloc (in /usr/lib64/libcrypto.so.3.5.0)
==47==    by 0x942C995: OPENSSL_LH_insert (in /usr/lib64/libcrypto.so.3.5.0)
==47==    by 0x95094A0: OBJ_NAME_add (in /usr/lib64/libcrypto.so.3.5.0)
==47==    by 0x940E63F: EVP_add_cipher (in /usr/lib64/libcrypto.so.3.5.0)
==47==    by 0x93DF726: ??? (in /usr/lib64/libcrypto.so.3.5.0)
==47==    by 0x9432788: ??? (in /usr/lib64/libcrypto.so.3.5.0)
==47==    by 0x8E341AE: __pthread_once_slow (in /usr/lib64/libc.so.6)
==47==    by 0x9447E78: CRYPTO_THREAD_run_once (in /usr/lib64/libcrypto.so.3.5.0)
==47==    by 0x9432DC6: OPENSSL_init_crypto (in /usr/lib64/libcrypto.so.3.5.0)
==47==    by 0x940E759: ??? (in /usr/lib64/libcrypto.so.3.5.0)
==47==    by 0x51AF5F0: ncrypto::Cipher::FromNid(int) (ncrypto.cc:3173)
==47== 
==47== 24 bytes in 1 blocks are still reachable in loss record 22 of 361
==47==    at 0x4844784: malloc (in /usr/libexec/valgrind/vgpreload_memcheck-amd64-linux.so)
==47==    by 0x9433890: CRYPTO_malloc (in /usr/lib64/libcrypto.so.3.5.0)
==47==    by 0x9509458: OBJ_NAME_add (in /usr/lib64/libcrypto.so.3.5.0)
==47==    by 0x93DF726: ??? (in /usr/lib64/libcrypto.so.3.5.0)
==47==    by 0x9432788: ??? (in /usr/lib64/libcrypto.so.3.5.0)
==47==    by 0x8E341AE: __pthread_once_slow (in /usr/lib64/libc.so.6)
==47==    by 0x9447E78: CRYPTO_THREAD_run_once (in /usr/lib64/libcrypto.so.3.5.0)
==47==    by 0x9432DC6: OPENSSL_init_crypto (in /usr/lib64/libcrypto.so.3.5.0)
==47==    by 0x940E759: ??? (in /usr/lib64/libcrypto.so.3.5.0)
==47==    by 0x51AF5F0: ncrypto::Cipher::FromNid(int) (ncrypto.cc:3173)
==47==    by 0x4CCAF6D: __static_initialization_and_destruction_0 (ncrypto.cc:3181)
==47==    by 0x4CCAF6D: _GLOBAL__sub_I_ncrypto.cc (ncrypto.cc:5046)
==47==    by 0x400459D: call_init (in /usr/lib64/ld-linux-x86-64.so.2)
==47== 
==47== 24 bytes in 1 blocks are still reachable in loss record 23 of 361
==47==    at 0x4844784: malloc (in /usr/libexec/valgrind/vgpreload_memcheck-amd64-linux.so)
==47==    by 0x9433890: CRYPTO_malloc (in /usr/lib64/libcrypto.so.3.5.0)
==47==    by 0x942C995: OPENSSL_LH_insert (in /usr/lib64/libcrypto.so.3.5.0)
==47==    by 0x95094A0: OBJ_NAME_add (in /usr/lib64/libcrypto.so.3.5.0)
==47==    by 0x93DF73A: ??? (in /usr/lib64/libcrypto.so.3.5.0)
==47==    by 0x9432788: ??? (in /usr/lib64/libcrypto.so.3.5.0)
==47==    by 0x8E341AE: __pthread_once_slow (in /usr/lib64/libc.so.6)
==47==    by 0x9447E78: CRYPTO_THREAD_run_once (in /usr/lib64/libcrypto.so.3.5.0)
==47==    by 0x9432DC6: OPENSSL_init_crypto (in /usr/lib64/libcrypto.so.3.5.0)
==47==    by 0x940E759: ??? (in /usr/lib64/libcrypto.so.3.5.0)
==47==    by 0x51AF5F0: ncrypto::Cipher::FromNid(int) (ncrypto.cc:3173)
==47==    by 0x4CCAF6D: __static_initialization_and_destruction_0 (ncrypto.cc:3181)
==47==    by 0x4CCAF6D: _GLOBAL__sub_I_ncrypto.cc (ncrypto.cc:5046)
==47== 
==47== 24 bytes in 1 blocks are still reachable in loss record 24 of 361
==47==    at 0x4844784: malloc (in /usr/libexec/valgrind/vgpreload_memcheck-amd64-linux.so)
==47==    by 0x9433890: CRYPTO_malloc (in /usr/lib64/libcrypto.so.3.5.0)
==47==    by 0x9509458: OBJ_NAME_add (in /usr/lib64/libcrypto.so.3.5.0)
==47==    by 0x93DF74E: ??? (in /usr/lib64/libcrypto.so.3.5.0)
==47==    by 0x9432788: ??? (in /usr/lib64/libcrypto.so.3.5.0)
==47==    by 0x8E341AE: __pthread_once_slow (in /usr/lib64/libc.so.6)
==47==    by 0x9447E78: CRYPTO_THREAD_run_once (in /usr/lib64/libcrypto.so.3.5.0)
==47==    by 0x9432DC6: OPENSSL_init_crypto (in /usr/lib64/libcrypto.so.3.5.0)
==47==    by 0x940E759: ??? (in /usr/lib64/libcrypto.so.3.5.0)
==47==    by 0x51AF5F0: ncrypto::Cipher::FromNid(int) (ncrypto.cc:3173)
==47==    by 0x4CCAF6D: __static_initialization_and_destruction_0 (ncrypto.cc:3181)
==47==    by 0x4CCAF6D: _GLOBAL__sub_I_ncrypto.cc (ncrypto.cc:5046)
==47==    by 0x400459D: call_init (in /usr/lib64/ld-linux-x86-64.so.2)
==47== 
==47== 24 bytes in 1 blocks are still reachable in loss record 25 of 361
==47==    at 0x4844784: malloc (in /usr/libexec/valgrind/vgpreload_memcheck-amd64-linux.so)
==47==    by 0x9433890: CRYPTO_malloc (in /usr/lib64/libcrypto.so.3.5.0)
==47==    by 0x942C995: OPENSSL_LH_insert (in /usr/lib64/libcrypto.so.3.5.0)
==47==    by 0x95094A0: OBJ_NAME_add (in /usr/lib64/libcrypto.so.3.5.0)
==47==    by 0x940E63F: EVP_add_cipher (in /usr/lib64/libcrypto.so.3.5.0)
==47==    by 0x93DF762: ??? (in /usr/lib64/libcrypto.so.3.5.0)
==47==    by 0x9432788: ??? (in /usr/lib64/libcrypto.so.3.5.0)
==47==    by 0x8E341AE: __pthread_once_slow (in /usr/lib64/libc.so.6)
==47==    by 0x9447E78: CRYPTO_THREAD_run_once (in /usr/lib64/libcrypto.so.3.5.0)
==47==    by 0x9432DC6: OPENSSL_init_crypto (in /usr/lib64/libcrypto.so.3.5.0)
==47==    by 0x940E759: ??? (in /usr/lib64/libcrypto.so.3.5.0)
==47==    by 0x51AF5F0: ncrypto::Cipher::FromNid(int) (ncrypto.cc:3173)
==47== 
==47== 24 bytes in 1 blocks are still reachable in loss record 26 of 361
==47==    at 0x4844784: malloc (in /usr/libexec/valgrind/vgpreload_memcheck-amd64-linux.so)
==47==    by 0x9433890: CRYPTO_malloc (in /usr/lib64/libcrypto.so.3.5.0)
==47==    by 0x9509458: OBJ_NAME_add (in /usr/lib64/libcrypto.so.3.5.0)
==47==    by 0x93DF762: ??? (in /usr/lib64/libcrypto.so.3.5.0)
==47==    by 0x9432788: ??? (in /usr/lib64/libcrypto.so.3.5.0)
==47==    by 0x8E341AE: __pthread_once_slow (in /usr/lib64/libc.so.6)
==47==    by 0x9447E78: CRYPTO_THREAD_run_once (in /usr/lib64/libcrypto.so.3.5.0)
==47==    by 0x9432DC6: OPENSSL_init_crypto (in /usr/lib64/libcrypto.so.3.5.0)
==47==    by 0x940E759: ??? (in /usr/lib64/libcrypto.so.3.5.0)
==47==    by 0x51AF5F0: ncrypto::Cipher::FromNid(int) (ncrypto.cc:3173)
==47==    by 0x4CCAF6D: __static_initialization_and_destruction_0 (ncrypto.cc:3181)
==47==    by 0x4CCAF6D: _GLOBAL__sub_I_ncrypto.cc (ncrypto.cc:5046)
==47==    by 0x400459D: call_init (in /usr/lib64/ld-linux-x86-64.so.2)
==47== 
==47== 24 bytes in 1 blocks are still reachable in loss record 27 of 361
==47==    at 0x4844784: malloc (in /usr/libexec/valgrind/vgpreload_memcheck-amd64-linux.so)
==47==    by 0x9433890: CRYPTO_malloc (in /usr/lib64/libcrypto.so.3.5.0)
==47==    by 0x942C995: OPENSSL_LH_insert (in /usr/lib64/libcrypto.so.3.5.0)
==47==    by 0x95094A0: OBJ_NAME_add (in /usr/lib64/libcrypto.so.3.5.0)
==47==    by 0x93DF776: ??? (in /usr/lib64/libcrypto.so.3.5.0)
==47==    by 0x9432788: ??? (in /usr/lib64/libcrypto.so.3.5.0)
==47==    by 0x8E341AE: __pthread_once_slow (in /usr/lib64/libc.so.6)
==47==    by 0x9447E78: CRYPTO_THREAD_run_once (in /usr/lib64/libcrypto.so.3.5.0)
==47==    by 0x9432DC6: OPENSSL_init_crypto (in /usr/lib64/libcrypto.so.3.5.0)
==47==    by 0x940E759: ??? (in /usr/lib64/libcrypto.so.3.5.0)
==47==    by 0x51AF5F0: ncrypto::Cipher::FromNid(int) (ncrypto.cc:3173)
==47==    by 0x4CCAF6D: __static_initialization_and_destruction_0 (ncrypto.cc:3181)
==47==    by 0x4CCAF6D: _GLOBAL__sub_I_ncrypto.cc (ncrypto.cc:5046)
==47== 
==47== 24 bytes in 1 blocks are still reachable in loss record 28 of 361
==47==    at 0x4844784: malloc (in /usr/libexec/valgrind/vgpreload_memcheck-amd64-linux.so)
==47==    by 0x9433890: CRYPTO_malloc (in /usr/lib64/libcrypto.so.3.5.0)
==47==    by 0x9509458: OBJ_NAME_add (in /usr/lib64/libcrypto.so.3.5.0)
==47==    by 0x93DF78A: ??? (in /usr/lib64/libcrypto.so.3.5.0)
==47==    by 0x9432788: ??? (in /usr/lib64/libcrypto.so.3.5.0)
==47==    by 0x8E341AE: __pthread_once_slow (in /usr/lib64/libc.so.6)
==47==    by 0x9447E78: CRYPTO_THREAD_run_once (in /usr/lib64/libcrypto.so.3.5.0)
==47==    by 0x9432DC6: OPENSSL_init_crypto (in /usr/lib64/libcrypto.so.3.5.0)
==47==    by 0x940E759: ??? (in /usr/lib64/libcrypto.so.3.5.0)
==47==    by 0x51AF5F0: ncrypto::Cipher::FromNid(int) (ncrypto.cc:3173)
==47==    by 0x4CCAF6D: __static_initialization_and_destruction_0 (ncrypto.cc:3181)
==47==    by 0x4CCAF6D: _GLOBAL__sub_I_ncrypto.cc (ncrypto.cc:5046)
==47==    by 0x400459D: call_init (in /usr/lib64/ld-linux-x86-64.so.2)
==47== 
==47== 24 bytes in 1 blocks are still reachable in loss record 29 of 361
==47==    at 0x4844784: malloc (in /usr/libexec/valgrind/vgpreload_memcheck-amd64-linux.so)
==47==    by 0x9433890: CRYPTO_malloc (in /usr/lib64/libcrypto.so.3.5.0)
==47==    by 0x942C995: OPENSSL_LH_insert (in /usr/lib64/libcrypto.so.3.5.0)
==47==    by 0x95094A0: OBJ_NAME_add (in /usr/lib64/libcrypto.so.3.5.0)
==47==    by 0x940E63F: EVP_add_cipher (in /usr/lib64/libcrypto.so.3.5.0)
==47==    by 0x93DF79E: ??? (in /usr/lib64/libcrypto.so.3.5.0)
==47==    by 0x9432788: ??? (in /usr/lib64/libcrypto.so.3.5.0)
==47==    by 0x8E341AE: __pthread_once_slow (in /usr/lib64/libc.so.6)
==47==    by 0x9447E78: CRYPTO_THREAD_run_once (in /usr/lib64/libcrypto.so.3.5.0)
==47==    by 0x9432DC6: OPENSSL_init_crypto (in /usr/lib64/libcrypto.so.3.5.0)
==47==    by 0x940E759: ??? (in /usr/lib64/libcrypto.so.3.5.0)
==47==    by 0x51AF5F0: ncrypto::Cipher::FromNid(int) (ncrypto.cc:3173)
==47== 
==47== 24 bytes in 1 blocks are still reachable in loss record 30 of 361
==47==    at 0x4844784: malloc (in /usr/libexec/valgrind/vgpreload_memcheck-amd64-linux.so)
==47==    by 0x9433890: CRYPTO_malloc (in /usr/lib64/libcrypto.so.3.5.0)
==47==    by 0x9509458: OBJ_NAME_add (in /usr/lib64/libcrypto.so.3.5.0)
==47==    by 0x93DF79E: ??? (in /usr/lib64/libcrypto.so.3.5.0)
==47==    by 0x9432788: ??? (in /usr/lib64/libcrypto.so.3.5.0)
==47==    by 0x8E341AE: __pthread_once_slow (in /usr/lib64/libc.so.6)
==47==    by 0x9447E78: CRYPTO_THREAD_run_once (in /usr/lib64/libcrypto.so.3.5.0)
==47==    by 0x9432DC6: OPENSSL_init_crypto (in /usr/lib64/libcrypto.so.3.5.0)
==47==    by 0x940E759: ??? (in /usr/lib64/libcrypto.so.3.5.0)
==47==    by 0x51AF5F0: ncrypto::Cipher::FromNid(int) (ncrypto.cc:3173)
==47==    by 0x4CCAF6D: __static_initialization_and_destruction_0 (ncrypto.cc:3181)
==47==    by 0x4CCAF6D: _GLOBAL__sub_I_ncrypto.cc (ncrypto.cc:5046)
==47==    by 0x400459D: call_init (in /usr/lib64/ld-linux-x86-64.so.2)
==47== 
==47== 24 bytes in 1 blocks are still reachable in loss record 31 of 361
==47==    at 0x4844784: malloc (in /usr/libexec/valgrind/vgpreload_memcheck-amd64-linux.so)
==47==    by 0x9433890: CRYPTO_malloc (in /usr/lib64/libcrypto.so.3.5.0)
==47==    by 0x942C995: OPENSSL_LH_insert (in /usr/lib64/libcrypto.so.3.5.0)
==47==    by 0x95094A0: OBJ_NAME_add (in /usr/lib64/libcrypto.so.3.5.0)
==47==    by 0x940E63F: EVP_add_cipher (in /usr/lib64/libcrypto.so.3.5.0)
==47==    by 0x93DF7AB: ??? (in /usr/lib64/libcrypto.so.3.5.0)
==47==    by 0x9432788: ??? (in /usr/lib64/libcrypto.so.3.5.0)
==47==    by 0x8E341AE: __pthread_once_slow (in /usr/lib64/libc.so.6)
==47==    by 0x9447E78: CRYPTO_THREAD_run_once (in /usr/lib64/libcrypto.so.3.5.0)
==47==    by 0x9432DC6: OPENSSL_init_crypto (in /usr/lib64/libcrypto.so.3.5.0)
==47==    by 0x940E759: ??? (in /usr/lib64/libcrypto.so.3.5.0)
==47==    by 0x51AF5F0: ncrypto::Cipher::FromNid(int) (ncrypto.cc:3173)
==47== 
==47== 24 bytes in 1 blocks are still reachable in loss record 32 of 361
==47==    at 0x4844784: malloc (in /usr/libexec/valgrind/vgpreload_memcheck-amd64-linux.so)
==47==    by 0x9433890: CRYPTO_malloc (in /usr/lib64/libcrypto.so.3.5.0)
==47==    by 0x9509458: OBJ_NAME_add (in /usr/lib64/libcrypto.so.3.5.0)
==47==    by 0x93DF7AB: ??? (in /usr/lib64/libcrypto.so.3.5.0)
==47==    by 0x9432788: ??? (in /usr/lib64/libcrypto.so.3.5.0)
==47==    by 0x8E341AE: __pthread_once_slow (in /usr/lib64/libc.so.6)
==47==    by 0x9447E78: CRYPTO_THREAD_run_once (in /usr/lib64/libcrypto.so.3.5.0)
==47==    by 0x9432DC6: OPENSSL_init_crypto (in /usr/lib64/libcrypto.so.3.5.0)
==47==    by 0x940E759: ??? (in /usr/lib64/libcrypto.so.3.5.0)
==47==    by 0x51AF5F0: ncrypto::Cipher::FromNid(int) (ncrypto.cc:3173)
==47==    by 0x4CCAF6D: __static_initialization_and_destruction_0 (ncrypto.cc:3181)
==47==    by 0x4CCAF6D: _GLOBAL__sub_I_ncrypto.cc (ncrypto.cc:5046)
==47==    by 0x400459D: call_init (in /usr/lib64/ld-linux-x86-64.so.2)
==47== 
==47== 24 bytes in 1 blocks are still reachable in loss record 33 of 361
==47==    at 0x4844784: malloc (in /usr/libexec/valgrind/vgpreload_memcheck-amd64-linux.so)
==47==    by 0x9433890: CRYPTO_malloc (in /usr/lib64/libcrypto.so.3.5.0)
==47==    by 0x942C995: OPENSSL_LH_insert (in /usr/lib64/libcrypto.so.3.5.0)
==47==    by 0x95094A0: OBJ_NAME_add (in /usr/lib64/libcrypto.so.3.5.0)
==47==    by 0x93DF7BF: ??? (in /usr/lib64/libcrypto.so.3.5.0)
==47==    by 0x9432788: ??? (in /usr/lib64/libcrypto.so.3.5.0)
==47==    by 0x8E341AE: __pthread_once_slow (in /usr/lib64/libc.so.6)
==47==    by 0x9447E78: CRYPTO_THREAD_run_once (in /usr/lib64/libcrypto.so.3.5.0)
==47==    by 0x9432DC6: OPENSSL_init_crypto (in /usr/lib64/libcrypto.so.3.5.0)
==47==    by 0x940E759: ??? (in /usr/lib64/libcrypto.so.3.5.0)
==47==    by 0x51AF5F0: ncrypto::Cipher::FromNid(int) (ncrypto.cc:3173)
==47==    by 0x4CCAF6D: __static_initialization_and_destruction_0 (ncrypto.cc:3181)
==47==    by 0x4CCAF6D: _GLOBAL__sub_I_ncrypto.cc (ncrypto.cc:5046)
==47== 
==47== 24 bytes in 1 blocks are still reachable in loss record 34 of 361
==47==    at 0x4844784: malloc (in /usr/libexec/valgrind/vgpreload_memcheck-amd64-linux.so)
==47==    by 0x9433890: CRYPTO_malloc (in /usr/lib64/libcrypto.so.3.5.0)
==47==    by 0x9509458: OBJ_NAME_add (in /usr/lib64/libcrypto.so.3.5.0)
==47==    by 0x93DF7D3: ??? (in /usr/lib64/libcrypto.so.3.5.0)
==47==    by 0x9432788: ??? (in /usr/lib64/libcrypto.so.3.5.0)
==47==    by 0x8E341AE: __pthread_once_slow (in /usr/lib64/libc.so.6)
==47==    by 0x9447E78: CRYPTO_THREAD_run_once (in /usr/lib64/libcrypto.so.3.5.0)
==47==    by 0x9432DC6: OPENSSL_init_crypto (in /usr/lib64/libcrypto.so.3.5.0)
==47==    by 0x940E759: ??? (in /usr/lib64/libcrypto.so.3.5.0)
==47==    by 0x51AF5F0: ncrypto::Cipher::FromNid(int) (ncrypto.cc:3173)
==47==    by 0x4CCAF6D: __static_initialization_and_destruction_0 (ncrypto.cc:3181)
==47==    by 0x4CCAF6D: _GLOBAL__sub_I_ncrypto.cc (ncrypto.cc:5046)
==47==    by 0x400459D: call_init (in /usr/lib64/ld-linux-x86-64.so.2)
==47== 
==47== 24 bytes in 1 blocks are still reachable in loss record 35 of 361
==47==    at 0x4844784: malloc (in /usr/libexec/valgrind/vgpreload_memcheck-amd64-linux.so)
==47==    by 0x9433890: CRYPTO_malloc (in /usr/lib64/libcrypto.so.3.5.0)
==47==    by 0x942C995: OPENSSL_LH_insert (in /usr/lib64/libcrypto.so.3.5.0)
==47==    by 0x95094A0: OBJ_NAME_add (in /usr/lib64/libcrypto.so.3.5.0)
==47==    by 0x940E63F: EVP_add_cipher (in /usr/lib64/libcrypto.so.3.5.0)
==47==    by 0x93DF7E7: ??? (in /usr/lib64/libcrypto.so.3.5.0)
==47==    by 0x9432788: ??? (in /usr/lib64/libcrypto.so.3.5.0)
==47==    by 0x8E341AE: __pthread_once_slow (in /usr/lib64/libc.so.6)
==47==    by 0x9447E78: CRYPTO_THREAD_run_once (in /usr/lib64/libcrypto.so.3.5.0)
==47==    by 0x9432DC6: OPENSSL_init_crypto (in /usr/lib64/libcrypto.so.3.5.0)
==47==    by 0x940E759: ??? (in /usr/lib64/libcrypto.so.3.5.0)
==47==    by 0x51AF5F0: ncrypto::Cipher::FromNid(int) (ncrypto.cc:3173)
==47== 
==47== 24 bytes in 1 blocks are still reachable in loss record 36 of 361
==47==    at 0x4844784: malloc (in /usr/libexec/valgrind/vgpreload_memcheck-amd64-linux.so)
==47==    by 0x9433890: CRYPTO_malloc (in /usr/lib64/libcrypto.so.3.5.0)
==47==    by 0x9509458: OBJ_NAME_add (in /usr/lib64/libcrypto.so.3.5.0)
==47==    by 0x93DF7E7: ??? (in /usr/lib64/libcrypto.so.3.5.0)
==47==    by 0x9432788: ??? (in /usr/lib64/libcrypto.so.3.5.0)
==47==    by 0x8E341AE: __pthread_once_slow (in /usr/lib64/libc.so.6)
==47==    by 0x9447E78: CRYPTO_THREAD_run_once (in /usr/lib64/libcrypto.so.3.5.0)
==47==    by 0x9432DC6: OPENSSL_init_crypto (in /usr/lib64/libcrypto.so.3.5.0)
==47==    by 0x940E759: ??? (in /usr/lib64/libcrypto.so.3.5.0)
==47==    by 0x51AF5F0: ncrypto::Cipher::FromNid(int) (ncrypto.cc:3173)
==47==    by 0x4CCAF6D: __static_initialization_and_destruction_0 (ncrypto.cc:3181)
==47==    by 0x4CCAF6D: _GLOBAL__sub_I_ncrypto.cc (ncrypto.cc:5046)
==47==    by 0x400459D: call_init (in /usr/lib64/ld-linux-x86-64.so.2)
==47== 
==47== 24 bytes in 1 blocks are still reachable in loss record 37 of 361
==47==    at 0x4844784: malloc (in /usr/libexec/valgrind/vgpreload_memcheck-amd64-linux.so)
==47==    by 0x9433890: CRYPTO_malloc (in /usr/lib64/libcrypto.so.3.5.0)
==47==    by 0x942C995: OPENSSL_LH_insert (in /usr/lib64/libcrypto.so.3.5.0)
==47==    by 0x95094A0: OBJ_NAME_add (in /usr/lib64/libcrypto.so.3.5.0)
==47==    by 0x940E63F: EVP_add_cipher (in /usr/lib64/libcrypto.so.3.5.0)
==47==    by 0x93DF7F4: ??? (in /usr/lib64/libcrypto.so.3.5.0)
==47==    by 0x9432788: ??? (in /usr/lib64/libcrypto.so.3.5.0)
==47==    by 0x8E341AE: __pthread_once_slow (in /usr/lib64/libc.so.6)
==47==    by 0x9447E78: CRYPTO_THREAD_run_once (in /usr/lib64/libcrypto.so.3.5.0)
==47==    by 0x9432DC6: OPENSSL_init_crypto (in /usr/lib64/libcrypto.so.3.5.0)
==47==    by 0x940E759: ??? (in /usr/lib64/libcrypto.so.3.5.0)
==47==    by 0x51AF5F0: ncrypto::Cipher::FromNid(int) (ncrypto.cc:3173)
==47== 
==47== 24 bytes in 1 blocks are still reachable in loss record 38 of 361
==47==    at 0x4844784: malloc (in /usr/libexec/valgrind/vgpreload_memcheck-amd64-linux.so)
==47==    by 0x9433890: CRYPTO_malloc (in /usr/lib64/libcrypto.so.3.5.0)
==47==    by 0x9509458: OBJ_NAME_add (in /usr/lib64/libcrypto.so.3.5.0)
==47==    by 0x93DF7F4: ??? (in /usr/lib64/libcrypto.so.3.5.0)
==47==    by 0x9432788: ??? (in /usr/lib64/libcrypto.so.3.5.0)
==47==    by 0x8E341AE: __pthread_once_slow (in /usr/lib64/libc.so.6)
==47==    by 0x9447E78: CRYPTO_THREAD_run_once (in /usr/lib64/libcrypto.so.3.5.0)
==47==    by 0x9432DC6: OPENSSL_init_crypto (in /usr/lib64/libcrypto.so.3.5.0)
==47==    by 0x940E759: ??? (in /usr/lib64/libcrypto.so.3.5.0)
==47==    by 0x51AF5F0: ncrypto::Cipher::FromNid(int) (ncrypto.cc:3173)
==47==    by 0x4CCAF6D: __static_initialization_and_destruction_0 (ncrypto.cc:3181)
==47==    by 0x4CCAF6D: _GLOBAL__sub_I_ncrypto.cc (ncrypto.cc:5046)
==47==    by 0x400459D: call_init (in /usr/lib64/ld-linux-x86-64.so.2)
==47== 
==47== 24 bytes in 1 blocks are still reachable in loss record 39 of 361
==47==    at 0x4844784: malloc (in /usr/libexec/valgrind/vgpreload_memcheck-amd64-linux.so)
==47==    by 0x9433890: CRYPTO_malloc (in /usr/lib64/libcrypto.so.3.5.0)
==47==    by 0x942C995: OPENSSL_LH_insert (in /usr/lib64/libcrypto.so.3.5.0)
==47==    by 0x95094A0: OBJ_NAME_add (in /usr/lib64/libcrypto.so.3.5.0)
==47==    by 0x93DF808: ??? (in /usr/lib64/libcrypto.so.3.5.0)
==47==    by 0x9432788: ??? (in /usr/lib64/libcrypto.so.3.5.0)
==47==    by 0x8E341AE: __pthread_once_slow (in /usr/lib64/libc.so.6)
==47==    by 0x9447E78: CRYPTO_THREAD_run_once (in /usr/lib64/libcrypto.so.3.5.0)
==47==    by 0x9432DC6: OPENSSL_init_crypto (in /usr/lib64/libcrypto.so.3.5.0)
==47==    by 0x940E759: ??? (in /usr/lib64/libcrypto.so.3.5.0)
==47==    by 0x51AF5F0: ncrypto::Cipher::FromNid(int) (ncrypto.cc:3173)
==47==    by 0x4CCAF6D: __static_initialization_and_destruction_0 (ncrypto.cc:3181)
==47==    by 0x4CCAF6D: _GLOBAL__sub_I_ncrypto.cc (ncrypto.cc:5046)
==47== 
==47== 24 bytes in 1 blocks are still reachable in loss record 40 of 361
==47==    at 0x4844784: malloc (in /usr/libexec/valgrind/vgpreload_memcheck-amd64-linux.so)
==47==    by 0x9433890: CRYPTO_malloc (in /usr/lib64/libcrypto.so.3.5.0)
==47==    by 0x9509458: OBJ_NAME_add (in /usr/lib64/libcrypto.so.3.5.0)
==47==    by 0x93DF81C: ??? (in /usr/lib64/libcrypto.so.3.5.0)
==47==    by 0x9432788: ??? (in /usr/lib64/libcrypto.so.3.5.0)
==47==    by 0x8E341AE: __pthread_once_slow (in /usr/lib64/libc.so.6)
==47==    by 0x9447E78: CRYPTO_THREAD_run_once (in /usr/lib64/libcrypto.so.3.5.0)
==47==    by 0x9432DC6: OPENSSL_init_crypto (in /usr/lib64/libcrypto.so.3.5.0)
==47==    by 0x940E759: ??? (in /usr/lib64/libcrypto.so.3.5.0)
==47==    by 0x51AF5F0: ncrypto::Cipher::FromNid(int) (ncrypto.cc:3173)
==47==    by 0x4CCAF6D: __static_initialization_and_destruction_0 (ncrypto.cc:3181)
==47==    by 0x4CCAF6D: _GLOBAL__sub_I_ncrypto.cc (ncrypto.cc:5046)
==47==    by 0x400459D: call_init (in /usr/lib64/ld-linux-x86-64.so.2)
==47== 
==47== 24 bytes in 1 blocks are still reachable in loss record 41 of 361
==47==    at 0x4844784: malloc (in /usr/libexec/valgrind/vgpreload_memcheck-amd64-linux.so)
==47==    by 0x9433890: CRYPTO_malloc (in /usr/lib64/libcrypto.so.3.5.0)
==47==    by 0x942C995: OPENSSL_LH_insert (in /usr/lib64/libcrypto.so.3.5.0)
==47==    by 0x95094A0: OBJ_NAME_add (in /usr/lib64/libcrypto.so.3.5.0)
==47==    by 0x940E63F: EVP_add_cipher (in /usr/lib64/libcrypto.so.3.5.0)
==47==    by 0x93DF830: ??? (in /usr/lib64/libcrypto.so.3.5.0)
==47==    by 0x9432788: ??? (in /usr/lib64/libcrypto.so.3.5.0)
==47==    by 0x8E341AE: __pthread_once_slow (in /usr/lib64/libc.so.6)
==47==    by 0x9447E78: CRYPTO_THREAD_run_once (in /usr/lib64/libcrypto.so.3.5.0)
==47==    by 0x9432DC6: OPENSSL_init_crypto (in /usr/lib64/libcrypto.so.3.5.0)
==47==    by 0x940E759: ??? (in /usr/lib64/libcrypto.so.3.5.0)
==47==    by 0x51AF5F0: ncrypto::Cipher::FromNid(int) (ncrypto.cc:3173)
==47== 
==47== 24 bytes in 1 blocks are still reachable in loss record 42 of 361
==47==    at 0x4844784: malloc (in /usr/libexec/valgrind/vgpreload_memcheck-amd64-linux.so)
==47==    by 0x9433890: CRYPTO_malloc (in /usr/lib64/libcrypto.so.3.5.0)
==47==    by 0x9509458: OBJ_NAME_add (in /usr/lib64/libcrypto.so.3.5.0)
==47==    by 0x93DF830: ??? (in /usr/lib64/libcrypto.so.3.5.0)
==47==    by 0x9432788: ??? (in /usr/lib64/libcrypto.so.3.5.0)
==47==    by 0x8E341AE: __pthread_once_slow (in /usr/lib64/libc.so.6)
==47==    by 0x9447E78: CRYPTO_THREAD_run_once (in /usr/lib64/libcrypto.so.3.5.0)
==47==    by 0x9432DC6: OPENSSL_init_crypto (in /usr/lib64/libcrypto.so.3.5.0)
==47==    by 0x940E759: ??? (in /usr/lib64/libcrypto.so.3.5.0)
==47==    by 0x51AF5F0: ncrypto::Cipher::FromNid(int) (ncrypto.cc:3173)
==47==    by 0x4CCAF6D: __static_initialization_and_destruction_0 (ncrypto.cc:3181)
==47==    by 0x4CCAF6D: _GLOBAL__sub_I_ncrypto.cc (ncrypto.cc:5046)
==47==    by 0x400459D: call_init (in /usr/lib64/ld-linux-x86-64.so.2)
==47== 
==47== 24 bytes in 1 blocks are still reachable in loss record 43 of 361
==47==    at 0x4844784: malloc (in /usr/libexec/valgrind/vgpreload_memcheck-amd64-linux.so)
==47==    by 0x9433890: CRYPTO_malloc (in /usr/lib64/libcrypto.so.3.5.0)
==47==    by 0x942C995: OPENSSL_LH_insert (in /usr/lib64/libcrypto.so.3.5.0)
==47==    by 0x95094A0: OBJ_NAME_add (in /usr/lib64/libcrypto.so.3.5.0)
==47==    by 0x93DF844: ??? (in /usr/lib64/libcrypto.so.3.5.0)
==47==    by 0x9432788: ??? (in /usr/lib64/libcrypto.so.3.5.0)
==47==    by 0x8E341AE: __pthread_once_slow (in /usr/lib64/libc.so.6)
==47==    by 0x9447E78: CRYPTO_THREAD_run_once (in /usr/lib64/libcrypto.so.3.5.0)
==47==    by 0x9432DC6: OPENSSL_init_crypto (in /usr/lib64/libcrypto.so.3.5.0)
==47==    by 0x940E759: ??? (in /usr/lib64/libcrypto.so.3.5.0)
==47==    by 0x51AF5F0: ncrypto::Cipher::FromNid(int) (ncrypto.cc:3173)
==47==    by 0x4CCAF6D: __static_initialization_and_destruction_0 (ncrypto.cc:3181)
==47==    by 0x4CCAF6D: _GLOBAL__sub_I_ncrypto.cc (ncrypto.cc:5046)
==47== 
==47== 24 bytes in 1 blocks are still reachable in loss record 44 of 361
==47==    at 0x4844784: malloc (in /usr/libexec/valgrind/vgpreload_memcheck-amd64-linux.so)
==47==    by 0x9433890: CRYPTO_malloc (in /usr/lib64/libcrypto.so.3.5.0)
==47==    by 0x9509458: OBJ_NAME_add (in /usr/lib64/libcrypto.so.3.5.0)
==47==    by 0x93DF858: ??? (in /usr/lib64/libcrypto.so.3.5.0)
==47==    by 0x9432788: ??? (in /usr/lib64/libcrypto.so.3.5.0)
==47==    by 0x8E341AE: __pthread_once_slow (in /usr/lib64/libc.so.6)
==47==    by 0x9447E78: CRYPTO_THREAD_run_once (in /usr/lib64/libcrypto.so.3.5.0)
==47==    by 0x9432DC6: OPENSSL_init_crypto (in /usr/lib64/libcrypto.so.3.5.0)
==47==    by 0x940E759: ??? (in /usr/lib64/libcrypto.so.3.5.0)
==47==    by 0x51AF5F0: ncrypto::Cipher::FromNid(int) (ncrypto.cc:3173)
==47==    by 0x4CCAF6D: __static_initialization_and_destruction_0 (ncrypto.cc:3181)
==47==    by 0x4CCAF6D: _GLOBAL__sub_I_ncrypto.cc (ncrypto.cc:5046)
==47==    by 0x400459D: call_init (in /usr/lib64/ld-linux-x86-64.so.2)
==47== 
==47== 24 bytes in 1 blocks are still reachable in loss record 45 of 361
==47==    at 0x4844784: malloc (in /usr/libexec/valgrind/vgpreload_memcheck-amd64-linux.so)
==47==    by 0x9433890: CRYPTO_malloc (in /usr/lib64/libcrypto.so.3.5.0)
==47==    by 0x942C995: OPENSSL_LH_insert (in /usr/lib64/libcrypto.so.3.5.0)
==47==    by 0x95094A0: OBJ_NAME_add (in /usr/lib64/libcrypto.so.3.5.0)
==47==    by 0x940E63F: EVP_add_cipher (in /usr/lib64/libcrypto.so.3.5.0)
==47==    by 0x93DF86C: ??? (in /usr/lib64/libcrypto.so.3.5.0)
==47==    by 0x9432788: ??? (in /usr/lib64/libcrypto.so.3.5.0)
==47==    by 0x8E341AE: __pthread_once_slow (in /usr/lib64/libc.so.6)
==47==    by 0x9447E78: CRYPTO_THREAD_run_once (in /usr/lib64/libcrypto.so.3.5.0)
==47==    by 0x9432DC6: OPENSSL_init_crypto (in /usr/lib64/libcrypto.so.3.5.0)
==47==    by 0x940E759: ??? (in /usr/lib64/libcrypto.so.3.5.0)
==47==    by 0x51AF5F0: ncrypto::Cipher::FromNid(int) (ncrypto.cc:3173)
==47== 
==47== 24 bytes in 1 blocks are still reachable in loss record 46 of 361
==47==    at 0x4844784: malloc (in /usr/libexec/valgrind/vgpreload_memcheck-amd64-linux.so)
==47==    by 0x9433890: CRYPTO_malloc (in /usr/lib64/libcrypto.so.3.5.0)
==47==    by 0x9509458: OBJ_NAME_add (in /usr/lib64/libcrypto.so.3.5.0)
==47==    by 0x93DF86C: ??? (in /usr/lib64/libcrypto.so.3.5.0)
==47==    by 0x9432788: ??? (in /usr/lib64/libcrypto.so.3.5.0)
==47==    by 0x8E341AE: __pthread_once_slow (in /usr/lib64/libc.so.6)
==47==    by 0x9447E78: CRYPTO_THREAD_run_once (in /usr/lib64/libcrypto.so.3.5.0)
==47==    by 0x9432DC6: OPENSSL_init_crypto (in /usr/lib64/libcrypto.so.3.5.0)
==47==    by 0x940E759: ??? (in /usr/lib64/libcrypto.so.3.5.0)
==47==    by 0x51AF5F0: ncrypto::Cipher::FromNid(int) (ncrypto.cc:3173)
==47==    by 0x4CCAF6D: __static_initialization_and_destruction_0 (ncrypto.cc:3181)
==47==    by 0x4CCAF6D: _GLOBAL__sub_I_ncrypto.cc (ncrypto.cc:5046)
==47==    by 0x400459D: call_init (in /usr/lib64/ld-linux-x86-64.so.2)
==47== 
==47== 24 bytes in 1 blocks are still reachable in loss record 47 of 361
==47==    at 0x4844784: malloc (in /usr/libexec/valgrind/vgpreload_memcheck-amd64-linux.so)
==47==    by 0x9433890: CRYPTO_malloc (in /usr/lib64/libcrypto.so.3.5.0)
==47==    by 0x9509458: OBJ_NAME_add (in /usr/lib64/libcrypto.so.3.5.0)
==47==    by 0x93DF884: ??? (in /usr/lib64/libcrypto.so.3.5.0)
==47==    by 0x9432788: ??? (in /usr/lib64/libcrypto.so.3.5.0)
==47==    by 0x8E341AE: __pthread_once_slow (in /usr/lib64/libc.so.6)
==47==    by 0x9447E78: CRYPTO_THREAD_run_once (in /usr/lib64/libcrypto.so.3.5.0)
==47==    by 0x9432DC6: OPENSSL_init_crypto (in /usr/lib64/libcrypto.so.3.5.0)
==47==    by 0x940E759: ??? (in /usr/lib64/libcrypto.so.3.5.0)
==47==    by 0x51AF5F0: ncrypto::Cipher::FromNid(int) (ncrypto.cc:3173)
==47==    by 0x4CCAF6D: __static_initialization_and_destruction_0 (ncrypto.cc:3181)
==47==    by 0x4CCAF6D: _GLOBAL__sub_I_ncrypto.cc (ncrypto.cc:5046)
==47==    by 0x400459D: call_init (in /usr/lib64/ld-linux-x86-64.so.2)
==47== 
==47== 24 bytes in 1 blocks are still reachable in loss record 48 of 361
==47==    at 0x4844784: malloc (in /usr/libexec/valgrind/vgpreload_memcheck-amd64-linux.so)
==47==    by 0x9433890: CRYPTO_malloc (in /usr/lib64/libcrypto.so.3.5.0)
==47==    by 0x942C995: OPENSSL_LH_insert (in /usr/lib64/libcrypto.so.3.5.0)
==47==    by 0x95094A0: OBJ_NAME_add (in /usr/lib64/libcrypto.so.3.5.0)
==47==    by 0x93DF884: ??? (in /usr/lib64/libcrypto.so.3.5.0)
==47==    by 0x9432788: ??? (in /usr/lib64/libcrypto.so.3.5.0)
==47==    by 0x8E341AE: __pthread_once_slow (in /usr/lib64/libc.so.6)
==47==    by 0x9447E78: CRYPTO_THREAD_run_once (in /usr/lib64/libcrypto.so.3.5.0)
==47==    by 0x9432DC6: OPENSSL_init_crypto (in /usr/lib64/libcrypto.so.3.5.0)
==47==    by 0x940E759: ??? (in /usr/lib64/libcrypto.so.3.5.0)
==47==    by 0x51AF5F0: ncrypto::Cipher::FromNid(int) (ncrypto.cc:3173)
==47==    by 0x4CCAF6D: __static_initialization_and_destruction_0 (ncrypto.cc:3181)
==47==    by 0x4CCAF6D: _GLOBAL__sub_I_ncrypto.cc (ncrypto.cc:5046)
==47== 
==47== 24 bytes in 1 blocks are still reachable in loss record 49 of 361
==47==    at 0x4844784: malloc (in /usr/libexec/valgrind/vgpreload_memcheck-amd64-linux.so)
==47==    by 0x9433890: CRYPTO_malloc (in /usr/lib64/libcrypto.so.3.5.0)
==47==    by 0x942C995: OPENSSL_LH_insert (in /usr/lib64/libcrypto.so.3.5.0)
==47==    by 0x95094A0: OBJ_NAME_add (in /usr/lib64/libcrypto.so.3.5.0)
==47==    by 0x940E63F: EVP_add_cipher (in /usr/lib64/libcrypto.so.3.5.0)
==47==    by 0x93DF891: ??? (in /usr/lib64/libcrypto.so.3.5.0)
==47==    by 0x9432788: ??? (in /usr/lib64/libcrypto.so.3.5.0)
==47==    by 0x8E341AE: __pthread_once_slow (in /usr/lib64/libc.so.6)
==47==    by 0x9447E78: CRYPTO_THREAD_run_once (in /usr/lib64/libcrypto.so.3.5.0)
==47==    by 0x9432DC6: OPENSSL_init_crypto (in /usr/lib64/libcrypto.so.3.5.0)
==47==    by 0x940E759: ??? (in /usr/lib64/libcrypto.so.3.5.0)
==47==    by 0x51AF5F0: ncrypto::Cipher::FromNid(int) (ncrypto.cc:3173)
==47== 
==47== 24 bytes in 1 blocks are still reachable in loss record 50 of 361
==47==    at 0x4844784: malloc (in /usr/libexec/valgrind/vgpreload_memcheck-amd64-linux.so)
==47==    by 0x9433890: CRYPTO_malloc (in /usr/lib64/libcrypto.so.3.5.0)
==47==    by 0x9509458: OBJ_NAME_add (in /usr/lib64/libcrypto.so.3.5.0)
==47==    by 0x93DF891: ??? (in /usr/lib64/libcrypto.so.3.5.0)
==47==    by 0x9432788: ??? (in /usr/lib64/libcrypto.so.3.5.0)
==47==    by 0x8E341AE: __pthread_once_slow (in /usr/lib64/libc.so.6)
==47==    by 0x9447E78: CRYPTO_THREAD_run_once (in /usr/lib64/libcrypto.so.3.5.0)
==47==    by 0x9432DC6: OPENSSL_init_crypto (in /usr/lib64/libcrypto.so.3.5.0)
==47==    by 0x940E759: ??? (in /usr/lib64/libcrypto.so.3.5.0)
==47==    by 0x51AF5F0: ncrypto::Cipher::FromNid(int) (ncrypto.cc:3173)
==47==    by 0x4CCAF6D: __static_initialization_and_destruction_0 (ncrypto.cc:3181)
==47==    by 0x4CCAF6D: _GLOBAL__sub_I_ncrypto.cc (ncrypto.cc:5046)
==47==    by 0x400459D: call_init (in /usr/lib64/ld-linux-x86-64.so.2)
==47== 
==47== 24 bytes in 1 blocks are still reachable in loss record 51 of 361
==47==    at 0x4844784: malloc (in /usr/libexec/valgrind/vgpreload_memcheck-amd64-linux.so)
==47==    by 0x9433890: CRYPTO_malloc (in /usr/lib64/libcrypto.so.3.5.0)
==47==    by 0x942C995: OPENSSL_LH_insert (in /usr/lib64/libcrypto.so.3.5.0)
==47==    by 0x95094A0: OBJ_NAME_add (in /usr/lib64/libcrypto.so.3.5.0)
==47==    by 0x940E63F: EVP_add_cipher (in /usr/lib64/libcrypto.so.3.5.0)
==47==    by 0x93DF89E: ??? (in /usr/lib64/libcrypto.so.3.5.0)
==47==    by 0x9432788: ??? (in /usr/lib64/libcrypto.so.3.5.0)
==47==    by 0x8E341AE: __pthread_once_slow (in /usr/lib64/libc.so.6)
==47==    by 0x9447E78: CRYPTO_THREAD_run_once (in /usr/lib64/libcrypto.so.3.5.0)
==47==    by 0x9432DC6: OPENSSL_init_crypto (in /usr/lib64/libcrypto.so.3.5.0)
==47==    by 0x940E759: ??? (in /usr/lib64/libcrypto.so.3.5.0)
==47==    by 0x51AF5F0: ncrypto::Cipher::FromNid(int) (ncrypto.cc:3173)
==47== 
==47== 24 bytes in 1 blocks are still reachable in loss record 52 of 361
==47==    at 0x4844784: malloc (in /usr/libexec/valgrind/vgpreload_memcheck-amd64-linux.so)
==47==    by 0x9433890: CRYPTO_malloc (in /usr/lib64/libcrypto.so.3.5.0)
==47==    by 0x9509458: OBJ_NAME_add (in /usr/lib64/libcrypto.so.3.5.0)
==47==    by 0x93DF89E: ??? (in /usr/lib64/libcrypto.so.3.5.0)
==47==    by 0x9432788: ??? (in /usr/lib64/libcrypto.so.3.5.0)
==47==    by 0x8E341AE: __pthread_once_slow (in /usr/lib64/libc.so.6)
==47==    by 0x9447E78: CRYPTO_THREAD_run_once (in /usr/lib64/libcrypto.so.3.5.0)
==47==    by 0x9432DC6: OPENSSL_init_crypto (in /usr/lib64/libcrypto.so.3.5.0)
==47==    by 0x940E759: ??? (in /usr/lib64/libcrypto.so.3.5.0)
==47==    by 0x51AF5F0: ncrypto::Cipher::FromNid(int) (ncrypto.cc:3173)
==47==    by 0x4CCAF6D: __static_initialization_and_destruction_0 (ncrypto.cc:3181)
==47==    by 0x4CCAF6D: _GLOBAL__sub_I_ncrypto.cc (ncrypto.cc:5046)
==47==    by 0x400459D: call_init (in /usr/lib64/ld-linux-x86-64.so.2)
==47== 
==47== 24 bytes in 1 blocks are still reachable in loss record 53 of 361
==47==    at 0x4844784: malloc (in /usr/libexec/valgrind/vgpreload_memcheck-amd64-linux.so)
==47==    by 0x9433890: CRYPTO_malloc (in /usr/lib64/libcrypto.so.3.5.0)
==47==    by 0x942C995: OPENSSL_LH_insert (in /usr/lib64/libcrypto.so.3.5.0)
==47==    by 0x95094A0: OBJ_NAME_add (in /usr/lib64/libcrypto.so.3.5.0)
==47==    by 0x940E63F: EVP_add_cipher (in /usr/lib64/libcrypto.so.3.5.0)
==47==    by 0x93DF8AB: ??? (in /usr/lib64/libcrypto.so.3.5.0)
==47==    by 0x9432788: ??? (in /usr/lib64/libcrypto.so.3.5.0)
==47==    by 0x8E341AE: __pthread_once_slow (in /usr/lib64/libc.so.6)
==47==    by 0x9447E78: CRYPTO_THREAD_run_once (in /usr/lib64/libcrypto.so.3.5.0)
==47==    by 0x9432DC6: OPENSSL_init_crypto (in /usr/lib64/libcrypto.so.3.5.0)
==47==    by 0x940E759: ??? (in /usr/lib64/libcrypto.so.3.5.0)
==47==    by 0x51AF5F0: ncrypto::Cipher::FromNid(int) (ncrypto.cc:3173)
==47== 
==47== 24 bytes in 1 blocks are still reachable in loss record 54 of 361
==47==    at 0x4844784: malloc (in /usr/libexec/valgrind/vgpreload_memcheck-amd64-linux.so)
==47==    by 0x9433890: CRYPTO_malloc (in /usr/lib64/libcrypto.so.3.5.0)
==47==    by 0x9509458: OBJ_NAME_add (in /usr/lib64/libcrypto.so.3.5.0)
==47==    by 0x93DF8AB: ??? (in /usr/lib64/libcrypto.so.3.5.0)
==47==    by 0x9432788: ??? (in /usr/lib64/libcrypto.so.3.5.0)
==47==    by 0x8E341AE: __pthread_once_slow (in /usr/lib64/libc.so.6)
==47==    by 0x9447E78: CRYPTO_THREAD_run_once (in /usr/lib64/libcrypto.so.3.5.0)
==47==    by 0x9432DC6: OPENSSL_init_crypto (in /usr/lib64/libcrypto.so.3.5.0)
==47==    by 0x940E759: ??? (in /usr/lib64/libcrypto.so.3.5.0)
==47==    by 0x51AF5F0: ncrypto::Cipher::FromNid(int) (ncrypto.cc:3173)
==47==    by 0x4CCAF6D: __static_initialization_and_destruction_0 (ncrypto.cc:3181)
==47==    by 0x4CCAF6D: _GLOBAL__sub_I_ncrypto.cc (ncrypto.cc:5046)
==47==    by 0x400459D: call_init (in /usr/lib64/ld-linux-x86-64.so.2)
==47== 
==47== 24 bytes in 1 blocks are still reachable in loss record 55 of 361
==47==    at 0x4844784: malloc (in /usr/libexec/valgrind/vgpreload_memcheck-amd64-linux.so)
==47==    by 0x9433890: CRYPTO_malloc (in /usr/lib64/libcrypto.so.3.5.0)
==47==    by 0x942C995: OPENSSL_LH_insert (in /usr/lib64/libcrypto.so.3.5.0)
==47==    by 0x95094A0: OBJ_NAME_add (in /usr/lib64/libcrypto.so.3.5.0)
==47==    by 0x940E63F: EVP_add_cipher (in /usr/lib64/libcrypto.so.3.5.0)
==47==    by 0x93DF8B8: ??? (in /usr/lib64/libcrypto.so.3.5.0)
==47==    by 0x9432788: ??? (in /usr/lib64/libcrypto.so.3.5.0)
==47==    by 0x8E341AE: __pthread_once_slow (in /usr/lib64/libc.so.6)
==47==    by 0x9447E78: CRYPTO_THREAD_run_once (in /usr/lib64/libcrypto.so.3.5.0)
==47==    by 0x9432DC6: OPENSSL_init_crypto (in /usr/lib64/libcrypto.so.3.5.0)
==47==    by 0x940E759: ??? (in /usr/lib64/libcrypto.so.3.5.0)
==47==    by 0x51AF5F0: ncrypto::Cipher::FromNid(int) (ncrypto.cc:3173)
==47== 
==47== 24 bytes in 1 blocks are still reachable in loss record 56 of 361
==47==    at 0x4844784: malloc (in /usr/libexec/valgrind/vgpreload_memcheck-amd64-linux.so)
==47==    by 0x9433890: CRYPTO_malloc (in /usr/lib64/libcrypto.so.3.5.0)
==47==    by 0x9509458: OBJ_NAME_add (in /usr/lib64/libcrypto.so.3.5.0)
==47==    by 0x93DF8B8: ??? (in /usr/lib64/libcrypto.so.3.5.0)
==47==    by 0x9432788: ??? (in /usr/lib64/libcrypto.so.3.5.0)
==47==    by 0x8E341AE: __pthread_once_slow (in /usr/lib64/libc.so.6)
==47==    by 0x9447E78: CRYPTO_THREAD_run_once (in /usr/lib64/libcrypto.so.3.5.0)
==47==    by 0x9432DC6: OPENSSL_init_crypto (in /usr/lib64/libcrypto.so.3.5.0)
==47==    by 0x940E759: ??? (in /usr/lib64/libcrypto.so.3.5.0)
==47==    by 0x51AF5F0: ncrypto::Cipher::FromNid(int) (ncrypto.cc:3173)
==47==    by 0x4CCAF6D: __static_initialization_and_destruction_0 (ncrypto.cc:3181)
==47==    by 0x4CCAF6D: _GLOBAL__sub_I_ncrypto.cc (ncrypto.cc:5046)
==47==    by 0x400459D: call_init (in /usr/lib64/ld-linux-x86-64.so.2)
==47== 
==47== 24 bytes in 1 blocks are still reachable in loss record 57 of 361
==47==    at 0x4844784: malloc (in /usr/libexec/valgrind/vgpreload_memcheck-amd64-linux.so)
==47==    by 0x9433890: CRYPTO_malloc (in /usr/lib64/libcrypto.so.3.5.0)
==47==    by 0x942C995: OPENSSL_LH_insert (in /usr/lib64/libcrypto.so.3.5.0)
==47==    by 0x95094A0: OBJ_NAME_add (in /usr/lib64/libcrypto.so.3.5.0)
==47==    by 0x940E63F: EVP_add_cipher (in /usr/lib64/libcrypto.so.3.5.0)
==47==    by 0x93DF8C5: ??? (in /usr/lib64/libcrypto.so.3.5.0)
==47==    by 0x9432788: ??? (in /usr/lib64/libcrypto.so.3.5.0)
==47==    by 0x8E341AE: __pthread_once_slow (in /usr/lib64/libc.so.6)
==47==    by 0x9447E78: CRYPTO_THREAD_run_once (in /usr/lib64/libcrypto.so.3.5.0)
==47==    by 0x9432DC6: OPENSSL_init_crypto (in /usr/lib64/libcrypto.so.3.5.0)
==47==    by 0x940E759: ??? (in /usr/lib64/libcrypto.so.3.5.0)
==47==    by 0x51AF5F0: ncrypto::Cipher::FromNid(int) (ncrypto.cc:3173)
==47== 
==47== 24 bytes in 1 blocks are still reachable in loss record 58 of 361
==47==    at 0x4844784: malloc (in /usr/libexec/valgrind/vgpreload_memcheck-amd64-linux.so)
==47==    by 0x9433890: CRYPTO_malloc (in /usr/lib64/libcrypto.so.3.5.0)
==47==    by 0x9509458: OBJ_NAME_add (in /usr/lib64/libcrypto.so.3.5.0)
==47==    by 0x93DF8C5: ??? (in /usr/lib64/libcrypto.so.3.5.0)
==47==    by 0x9432788: ??? (in /usr/lib64/libcrypto.so.3.5.0)
==47==    by 0x8E341AE: __pthread_once_slow (in /usr/lib64/libc.so.6)
==47==    by 0x9447E78: CRYPTO_THREAD_run_once (in /usr/lib64/libcrypto.so.3.5.0)
==47==    by 0x9432DC6: OPENSSL_init_crypto (in /usr/lib64/libcrypto.so.3.5.0)
==47==    by 0x940E759: ??? (in /usr/lib64/libcrypto.so.3.5.0)
==47==    by 0x51AF5F0: ncrypto::Cipher::FromNid(int) (ncrypto.cc:3173)
==47==    by 0x4CCAF6D: __static_initialization_and_destruction_0 (ncrypto.cc:3181)
==47==    by 0x4CCAF6D: _GLOBAL__sub_I_ncrypto.cc (ncrypto.cc:5046)
==47==    by 0x400459D: call_init (in /usr/lib64/ld-linux-x86-64.so.2)
==47== 
==47== 24 bytes in 1 blocks are still reachable in loss record 59 of 361
==47==    at 0x4844784: malloc (in /usr/libexec/valgrind/vgpreload_memcheck-amd64-linux.so)
==47==    by 0x9433890: CRYPTO_malloc (in /usr/lib64/libcrypto.so.3.5.0)
==47==    by 0x942C995: OPENSSL_LH_insert (in /usr/lib64/libcrypto.so.3.5.0)
==47==    by 0x95094A0: OBJ_NAME_add (in /usr/lib64/libcrypto.so.3.5.0)
==47==    by 0x940E63F: EVP_add_cipher (in /usr/lib64/libcrypto.so.3.5.0)
==47==    by 0x93DF8D2: ??? (in /usr/lib64/libcrypto.so.3.5.0)
==47==    by 0x9432788: ??? (in /usr/lib64/libcrypto.so.3.5.0)
==47==    by 0x8E341AE: __pthread_once_slow (in /usr/lib64/libc.so.6)
==47==    by 0x9447E78: CRYPTO_THREAD_run_once (in /usr/lib64/libcrypto.so.3.5.0)
==47==    by 0x9432DC6: OPENSSL_init_crypto (in /usr/lib64/libcrypto.so.3.5.0)
==47==    by 0x940E759: ??? (in /usr/lib64/libcrypto.so.3.5.0)
==47==    by 0x51AF5F0: ncrypto::Cipher::FromNid(int) (ncrypto.cc:3173)
==47== 
==47== 24 bytes in 1 blocks are still reachable in loss record 60 of 361
==47==    at 0x4844784: malloc (in /usr/libexec/valgrind/vgpreload_memcheck-amd64-linux.so)
==47==    by 0x9433890: CRYPTO_malloc (in /usr/lib64/libcrypto.so.3.5.0)
==47==    by 0x9509458: OBJ_NAME_add (in /usr/lib64/libcrypto.so.3.5.0)
==47==    by 0x93DF8D2: ??? (in /usr/lib64/libcrypto.so.3.5.0)
==47==    by 0x9432788: ??? (in /usr/lib64/libcrypto.so.3.5.0)
==47==    by 0x8E341AE: __pthread_once_slow (in /usr/lib64/libc.so.6)
==47==    by 0x9447E78: CRYPTO_THREAD_run_once (in /usr/lib64/libcrypto.so.3.5.0)
==47==    by 0x9432DC6: OPENSSL_init_crypto (in /usr/lib64/libcrypto.so.3.5.0)
==47==    by 0x940E759: ??? (in /usr/lib64/libcrypto.so.3.5.0)
==47==    by 0x51AF5F0: ncrypto::Cipher::FromNid(int) (ncrypto.cc:3173)
==47==    by 0x4CCAF6D: __static_initialization_and_destruction_0 (ncrypto.cc:3181)
==47==    by 0x4CCAF6D: _GLOBAL__sub_I_ncrypto.cc (ncrypto.cc:5046)
==47==    by 0x400459D: call_init (in /usr/lib64/ld-linux-x86-64.so.2)
==47== 
==47== 24 bytes in 1 blocks are still reachable in loss record 61 of 361
==47==    at 0x4844784: malloc (in /usr/libexec/valgrind/vgpreload_memcheck-amd64-linux.so)
==47==    by 0x9433890: CRYPTO_malloc (in /usr/lib64/libcrypto.so.3.5.0)
==47==    by 0x942C995: OPENSSL_LH_insert (in /usr/lib64/libcrypto.so.3.5.0)
==47==    by 0x95094A0: OBJ_NAME_add (in /usr/lib64/libcrypto.so.3.5.0)
==47==    by 0x940E63F: EVP_add_cipher (in /usr/lib64/libcrypto.so.3.5.0)
==47==    by 0x93DF8DF: ??? (in /usr/lib64/libcrypto.so.3.5.0)
==47==    by 0x9432788: ??? (in /usr/lib64/libcrypto.so.3.5.0)
==47==    by 0x8E341AE: __pthread_once_slow (in /usr/lib64/libc.so.6)
==47==    by 0x9447E78: CRYPTO_THREAD_run_once (in /usr/lib64/libcrypto.so.3.5.0)
==47==    by 0x9432DC6: OPENSSL_init_crypto (in /usr/lib64/libcrypto.so.3.5.0)
==47==    by 0x940E759: ??? (in /usr/lib64/libcrypto.so.3.5.0)
==47==    by 0x51AF5F0: ncrypto::Cipher::FromNid(int) (ncrypto.cc:3173)
==47== 
==47== 24 bytes in 1 blocks are still reachable in loss record 62 of 361
==47==    at 0x4844784: malloc (in /usr/libexec/valgrind/vgpreload_memcheck-amd64-linux.so)
==47==    by 0x9433890: CRYPTO_malloc (in /usr/lib64/libcrypto.so.3.5.0)
==47==    by 0x9509458: OBJ_NAME_add (in /usr/lib64/libcrypto.so.3.5.0)
==47==    by 0x93DF8DF: ??? (in /usr/lib64/libcrypto.so.3.5.0)
==47==    by 0x9432788: ??? (in /usr/lib64/libcrypto.so.3.5.0)
==47==    by 0x8E341AE: __pthread_once_slow (in /usr/lib64/libc.so.6)
==47==    by 0x9447E78: CRYPTO_THREAD_run_once (in /usr/lib64/libcrypto.so.3.5.0)
==47==    by 0x9432DC6: OPENSSL_init_crypto (in /usr/lib64/libcrypto.so.3.5.0)
==47==    by 0x940E759: ??? (in /usr/lib64/libcrypto.so.3.5.0)
==47==    by 0x51AF5F0: ncrypto::Cipher::FromNid(int) (ncrypto.cc:3173)
==47==    by 0x4CCAF6D: __static_initialization_and_destruction_0 (ncrypto.cc:3181)
==47==    by 0x4CCAF6D: _GLOBAL__sub_I_ncrypto.cc (ncrypto.cc:5046)
==47==    by 0x400459D: call_init (in /usr/lib64/ld-linux-x86-64.so.2)
==47== 
==47== 24 bytes in 1 blocks are still reachable in loss record 63 of 361
==47==    at 0x4844784: malloc (in /usr/libexec/valgrind/vgpreload_memcheck-amd64-linux.so)
==47==    by 0x9433890: CRYPTO_malloc (in /usr/lib64/libcrypto.so.3.5.0)
==47==    by 0x942C995: OPENSSL_LH_insert (in /usr/lib64/libcrypto.so.3.5.0)
==47==    by 0x95094A0: OBJ_NAME_add (in /usr/lib64/libcrypto.so.3.5.0)
==47==    by 0x93DF8F3: ??? (in /usr/lib64/libcrypto.so.3.5.0)
==47==    by 0x9432788: ??? (in /usr/lib64/libcrypto.so.3.5.0)
==47==    by 0x8E341AE: __pthread_once_slow (in /usr/lib64/libc.so.6)
==47==    by 0x9447E78: CRYPTO_THREAD_run_once (in /usr/lib64/libcrypto.so.3.5.0)
==47==    by 0x9432DC6: OPENSSL_init_crypto (in /usr/lib64/libcrypto.so.3.5.0)
==47==    by 0x940E759: ??? (in /usr/lib64/libcrypto.so.3.5.0)
==47==    by 0x51AF5F0: ncrypto::Cipher::FromNid(int) (ncrypto.cc:3173)
==47==    by 0x4CCAF6D: __static_initialization_and_destruction_0 (ncrypto.cc:3181)
==47==    by 0x4CCAF6D: _GLOBAL__sub_I_ncrypto.cc (ncrypto.cc:5046)
==47== 
==47== 24 bytes in 1 blocks are still reachable in loss record 64 of 361
==47==    at 0x4844784: malloc (in /usr/libexec/valgrind/vgpreload_memcheck-amd64-linux.so)
==47==    by 0x9433890: CRYPTO_malloc (in /usr/lib64/libcrypto.so.3.5.0)
==47==    by 0x9509458: OBJ_NAME_add (in /usr/lib64/libcrypto.so.3.5.0)
==47==    by 0x93DF907: ??? (in /usr/lib64/libcrypto.so.3.5.0)
==47==    by 0x9432788: ??? (in /usr/lib64/libcrypto.so.3.5.0)
==47==    by 0x8E341AE: __pthread_once_slow (in /usr/lib64/libc.so.6)
==47==    by 0x9447E78: CRYPTO_THREAD_run_once (in /usr/lib64/libcrypto.so.3.5.0)
==47==    by 0x9432DC6: OPENSSL_init_crypto (in /usr/lib64/libcrypto.so.3.5.0)
==47==    by 0x940E759: ??? (in /usr/lib64/libcrypto.so.3.5.0)
==47==    by 0x51AF5F0: ncrypto::Cipher::FromNid(int) (ncrypto.cc:3173)
==47==    by 0x4CCAF6D: __static_initialization_and_destruction_0 (ncrypto.cc:3181)
==47==    by 0x4CCAF6D: _GLOBAL__sub_I_ncrypto.cc (ncrypto.cc:5046)
==47==    by 0x400459D: call_init (in /usr/lib64/ld-linux-x86-64.so.2)
==47== 
==47== 24 bytes in 1 blocks are still reachable in loss record 65 of 361
==47==    at 0x4844784: malloc (in /usr/libexec/valgrind/vgpreload_memcheck-amd64-linux.so)
==47==    by 0x9433890: CRYPTO_malloc (in /usr/lib64/libcrypto.so.3.5.0)
==47==    by 0x942C995: OPENSSL_LH_insert (in /usr/lib64/libcrypto.so.3.5.0)
==47==    by 0x95094A0: OBJ_NAME_add (in /usr/lib64/libcrypto.so.3.5.0)
==47==    by 0x940E63F: EVP_add_cipher (in /usr/lib64/libcrypto.so.3.5.0)
==47==    by 0x93DF91B: ??? (in /usr/lib64/libcrypto.so.3.5.0)
==47==    by 0x9432788: ??? (in /usr/lib64/libcrypto.so.3.5.0)
==47==    by 0x8E341AE: __pthread_once_slow (in /usr/lib64/libc.so.6)
==47==    by 0x9447E78: CRYPTO_THREAD_run_once (in /usr/lib64/libcrypto.so.3.5.0)
==47==    by 0x9432DC6: OPENSSL_init_crypto (in /usr/lib64/libcrypto.so.3.5.0)
==47==    by 0x940E759: ??? (in /usr/lib64/libcrypto.so.3.5.0)
==47==    by 0x51AF5F0: ncrypto::Cipher::FromNid(int) (ncrypto.cc:3173)
==47== 
==47== 24 bytes in 1 blocks are still reachable in loss record 66 of 361
==47==    at 0x4844784: malloc (in /usr/libexec/valgrind/vgpreload_memcheck-amd64-linux.so)
==47==    by 0x9433890: CRYPTO_malloc (in /usr/lib64/libcrypto.so.3.5.0)
==47==    by 0x9509458: OBJ_NAME_add (in /usr/lib64/libcrypto.so.3.5.0)
==47==    by 0x93DF91B: ??? (in /usr/lib64/libcrypto.so.3.5.0)
==47==    by 0x9432788: ??? (in /usr/lib64/libcrypto.so.3.5.0)
==47==    by 0x8E341AE: __pthread_once_slow (in /usr/lib64/libc.so.6)
==47==    by 0x9447E78: CRYPTO_THREAD_run_once (in /usr/lib64/libcrypto.so.3.5.0)
==47==    by 0x9432DC6: OPENSSL_init_crypto (in /usr/lib64/libcrypto.so.3.5.0)
==47==    by 0x940E759: ??? (in /usr/lib64/libcrypto.so.3.5.0)
==47==    by 0x51AF5F0: ncrypto::Cipher::FromNid(int) (ncrypto.cc:3173)
==47==    by 0x4CCAF6D: __static_initialization_and_destruction_0 (ncrypto.cc:3181)
==47==    by 0x4CCAF6D: _GLOBAL__sub_I_ncrypto.cc (ncrypto.cc:5046)
==47==    by 0x400459D: call_init (in /usr/lib64/ld-linux-x86-64.so.2)
==47== 
==47== 24 bytes in 1 blocks are still reachable in loss record 67 of 361
==47==    at 0x4844784: malloc (in /usr/libexec/valgrind/vgpreload_memcheck-amd64-linux.so)
==47==    by 0x9433890: CRYPTO_malloc (in /usr/lib64/libcrypto.so.3.5.0)
==47==    by 0x942C995: OPENSSL_LH_insert (in /usr/lib64/libcrypto.so.3.5.0)
==47==    by 0x95094A0: OBJ_NAME_add (in /usr/lib64/libcrypto.so.3.5.0)
==47==    by 0x940E63F: EVP_add_cipher (in /usr/lib64/libcrypto.so.3.5.0)
==47==    by 0x93DF928: ??? (in /usr/lib64/libcrypto.so.3.5.0)
==47==    by 0x9432788: ??? (in /usr/lib64/libcrypto.so.3.5.0)
==47==    by 0x8E341AE: __pthread_once_slow (in /usr/lib64/libc.so.6)
==47==    by 0x9447E78: CRYPTO_THREAD_run_once (in /usr/lib64/libcrypto.so.3.5.0)
==47==    by 0x9432DC6: OPENSSL_init_crypto (in /usr/lib64/libcrypto.so.3.5.0)
==47==    by 0x940E759: ??? (in /usr/lib64/libcrypto.so.3.5.0)
==47==    by 0x51AF5F0: ncrypto::Cipher::FromNid(int) (ncrypto.cc:3173)
==47== 
==47== 24 bytes in 1 blocks are still reachable in loss record 68 of 361
==47==    at 0x4844784: malloc (in /usr/libexec/valgrind/vgpreload_memcheck-amd64-linux.so)
==47==    by 0x9433890: CRYPTO_malloc (in /usr/lib64/libcrypto.so.3.5.0)
==47==    by 0x9509458: OBJ_NAME_add (in /usr/lib64/libcrypto.so.3.5.0)
==47==    by 0x93DF928: ??? (in /usr/lib64/libcrypto.so.3.5.0)
==47==    by 0x9432788: ??? (in /usr/lib64/libcrypto.so.3.5.0)
==47==    by 0x8E341AE: __pthread_once_slow (in /usr/lib64/libc.so.6)
==47==    by 0x9447E78: CRYPTO_THREAD_run_once (in /usr/lib64/libcrypto.so.3.5.0)
==47==    by 0x9432DC6: OPENSSL_init_crypto (in /usr/lib64/libcrypto.so.3.5.0)
==47==    by 0x940E759: ??? (in /usr/lib64/libcrypto.so.3.5.0)
==47==    by 0x51AF5F0: ncrypto::Cipher::FromNid(int) (ncrypto.cc:3173)
==47==    by 0x4CCAF6D: __static_initialization_and_destruction_0 (ncrypto.cc:3181)
==47==    by 0x4CCAF6D: _GLOBAL__sub_I_ncrypto.cc (ncrypto.cc:5046)
==47==    by 0x400459D: call_init (in /usr/lib64/ld-linux-x86-64.so.2)
==47== 
==47== 24 bytes in 1 blocks are still reachable in loss record 69 of 361
==47==    at 0x4844784: malloc (in /usr/libexec/valgrind/vgpreload_memcheck-amd64-linux.so)
==47==    by 0x9433890: CRYPTO_malloc (in /usr/lib64/libcrypto.so.3.5.0)
==47==    by 0x942C995: OPENSSL_LH_insert (in /usr/lib64/libcrypto.so.3.5.0)
==47==    by 0x95094A0: OBJ_NAME_add (in /usr/lib64/libcrypto.so.3.5.0)
==47==    by 0x940E63F: EVP_add_cipher (in /usr/lib64/libcrypto.so.3.5.0)
==47==    by 0x93DF935: ??? (in /usr/lib64/libcrypto.so.3.5.0)
==47==    by 0x9432788: ??? (in /usr/lib64/libcrypto.so.3.5.0)
==47==    by 0x8E341AE: __pthread_once_slow (in /usr/lib64/libc.so.6)
==47==    by 0x9447E78: CRYPTO_THREAD_run_once (in /usr/lib64/libcrypto.so.3.5.0)
==47==    by 0x9432DC6: OPENSSL_init_crypto (in /usr/lib64/libcrypto.so.3.5.0)
==47==    by 0x940E759: ??? (in /usr/lib64/libcrypto.so.3.5.0)
==47==    by 0x51AF5F0: ncrypto::Cipher::FromNid(int) (ncrypto.cc:3173)
==47== 
==47== 24 bytes in 1 blocks are still reachable in loss record 70 of 361
==47==    at 0x4844784: malloc (in /usr/libexec/valgrind/vgpreload_memcheck-amd64-linux.so)
==47==    by 0x9433890: CRYPTO_malloc (in /usr/lib64/libcrypto.so.3.5.0)
==47==    by 0x9509458: OBJ_NAME_add (in /usr/lib64/libcrypto.so.3.5.0)
==47==    by 0x93DF935: ??? (in /usr/lib64/libcrypto.so.3.5.0)
==47==    by 0x9432788: ??? (in /usr/lib64/libcrypto.so.3.5.0)
==47==    by 0x8E341AE: __pthread_once_slow (in /usr/lib64/libc.so.6)
==47==    by 0x9447E78: CRYPTO_THREAD_run_once (in /usr/lib64/libcrypto.so.3.5.0)
==47==    by 0x9432DC6: OPENSSL_init_crypto (in /usr/lib64/libcrypto.so.3.5.0)
==47==    by 0x940E759: ??? (in /usr/lib64/libcrypto.so.3.5.0)
==47==    by 0x51AF5F0: ncrypto::Cipher::FromNid(int) (ncrypto.cc:3173)
==47==    by 0x4CCAF6D: __static_initialization_and_destruction_0 (ncrypto.cc:3181)
==47==    by 0x4CCAF6D: _GLOBAL__sub_I_ncrypto.cc (ncrypto.cc:5046)
==47==    by 0x400459D: call_init (in /usr/lib64/ld-linux-x86-64.so.2)
==47== 
==47== 24 bytes in 1 blocks are still reachable in loss record 71 of 361
==47==    at 0x4844784: malloc (in /usr/libexec/valgrind/vgpreload_memcheck-amd64-linux.so)
==47==    by 0x9433890: CRYPTO_malloc (in /usr/lib64/libcrypto.so.3.5.0)
==47==    by 0x942C995: OPENSSL_LH_insert (in /usr/lib64/libcrypto.so.3.5.0)
==47==    by 0x95094A0: OBJ_NAME_add (in /usr/lib64/libcrypto.so.3.5.0)
==47==    by 0x940E63F: EVP_add_cipher (in /usr/lib64/libcrypto.so.3.5.0)
==47==    by 0x93DF942: ??? (in /usr/lib64/libcrypto.so.3.5.0)
==47==    by 0x9432788: ??? (in /usr/lib64/libcrypto.so.3.5.0)
==47==    by 0x8E341AE: __pthread_once_slow (in /usr/lib64/libc.so.6)
==47==    by 0x9447E78: CRYPTO_THREAD_run_once (in /usr/lib64/libcrypto.so.3.5.0)
==47==    by 0x9432DC6: OPENSSL_init_crypto (in /usr/lib64/libcrypto.so.3.5.0)
==47==    by 0x940E759: ??? (in /usr/lib64/libcrypto.so.3.5.0)
==47==    by 0x51AF5F0: ncrypto::Cipher::FromNid(int) (ncrypto.cc:3173)
==47== 
==47== 24 bytes in 1 blocks are still reachable in loss record 72 of 361
==47==    at 0x4844784: malloc (in /usr/libexec/valgrind/vgpreload_memcheck-amd64-linux.so)
==47==    by 0x9433890: CRYPTO_malloc (in /usr/lib64/libcrypto.so.3.5.0)
==47==    by 0x9509458: OBJ_NAME_add (in /usr/lib64/libcrypto.so.3.5.0)
==47==    by 0x93DF942: ??? (in /usr/lib64/libcrypto.so.3.5.0)
==47==    by 0x9432788: ??? (in /usr/lib64/libcrypto.so.3.5.0)
==47==    by 0x8E341AE: __pthread_once_slow (in /usr/lib64/libc.so.6)
==47==    by 0x9447E78: CRYPTO_THREAD_run_once (in /usr/lib64/libcrypto.so.3.5.0)
==47==    by 0x9432DC6: OPENSSL_init_crypto (in /usr/lib64/libcrypto.so.3.5.0)
==47==    by 0x940E759: ??? (in /usr/lib64/libcrypto.so.3.5.0)
==47==    by 0x51AF5F0: ncrypto::Cipher::FromNid(int) (ncrypto.cc:3173)
==47==    by 0x4CCAF6D: __static_initialization_and_destruction_0 (ncrypto.cc:3181)
==47==    by 0x4CCAF6D: _GLOBAL__sub_I_ncrypto.cc (ncrypto.cc:5046)
==47==    by 0x400459D: call_init (in /usr/lib64/ld-linux-x86-64.so.2)
==47== 
==47== 24 bytes in 1 blocks are still reachable in loss record 73 of 361
==47==    at 0x4844784: malloc (in /usr/libexec/valgrind/vgpreload_memcheck-amd64-linux.so)
==47==    by 0x9433890: CRYPTO_malloc (in /usr/lib64/libcrypto.so.3.5.0)
==47==    by 0x942C995: OPENSSL_LH_insert (in /usr/lib64/libcrypto.so.3.5.0)
==47==    by 0x95094A0: OBJ_NAME_add (in /usr/lib64/libcrypto.so.3.5.0)
==47==    by 0x93DF956: ??? (in /usr/lib64/libcrypto.so.3.5.0)
==47==    by 0x9432788: ??? (in /usr/lib64/libcrypto.so.3.5.0)
==47==    by 0x8E341AE: __pthread_once_slow (in /usr/lib64/libc.so.6)
==47==    by 0x9447E78: CRYPTO_THREAD_run_once (in /usr/lib64/libcrypto.so.3.5.0)
==47==    by 0x9432DC6: OPENSSL_init_crypto (in /usr/lib64/libcrypto.so.3.5.0)
==47==    by 0x940E759: ??? (in /usr/lib64/libcrypto.so.3.5.0)
==47==    by 0x51AF5F0: ncrypto::Cipher::FromNid(int) (ncrypto.cc:3173)
==47==    by 0x4CCAF6D: __static_initialization_and_destruction_0 (ncrypto.cc:3181)
==47==    by 0x4CCAF6D: _GLOBAL__sub_I_ncrypto.cc (ncrypto.cc:5046)
==47== 
==47== 24 bytes in 1 blocks are still reachable in loss record 74 of 361
==47==    at 0x4844784: malloc (in /usr/libexec/valgrind/vgpreload_memcheck-amd64-linux.so)
==47==    by 0x9433890: CRYPTO_malloc (in /usr/lib64/libcrypto.so.3.5.0)
==47==    by 0x9509458: OBJ_NAME_add (in /usr/lib64/libcrypto.so.3.5.0)
==47==    by 0x93DF96A: ??? (in /usr/lib64/libcrypto.so.3.5.0)
==47==    by 0x9432788: ??? (in /usr/lib64/libcrypto.so.3.5.0)
==47==    by 0x8E341AE: __pthread_once_slow (in /usr/lib64/libc.so.6)
==47==    by 0x9447E78: CRYPTO_THREAD_run_once (in /usr/lib64/libcrypto.so.3.5.0)
==47==    by 0x9432DC6: OPENSSL_init_crypto (in /usr/lib64/libcrypto.so.3.5.0)
==47==    by 0x940E759: ??? (in /usr/lib64/libcrypto.so.3.5.0)
==47==    by 0x51AF5F0: ncrypto::Cipher::FromNid(int) (ncrypto.cc:3173)
==47==    by 0x4CCAF6D: __static_initialization_and_destruction_0 (ncrypto.cc:3181)
==47==    by 0x4CCAF6D: _GLOBAL__sub_I_ncrypto.cc (ncrypto.cc:5046)
==47==    by 0x400459D: call_init (in /usr/lib64/ld-linux-x86-64.so.2)
==47== 
==47== 24 bytes in 1 blocks are still reachable in loss record 75 of 361
==47==    at 0x4844784: malloc (in /usr/libexec/valgrind/vgpreload_memcheck-amd64-linux.so)
==47==    by 0x9433890: CRYPTO_malloc (in /usr/lib64/libcrypto.so.3.5.0)
==47==    by 0x942C995: OPENSSL_LH_insert (in /usr/lib64/libcrypto.so.3.5.0)
==47==    by 0x95094A0: OBJ_NAME_add (in /usr/lib64/libcrypto.so.3.5.0)
==47==    by 0x940E63F: EVP_add_cipher (in /usr/lib64/libcrypto.so.3.5.0)
==47==    by 0x93DF97E: ??? (in /usr/lib64/libcrypto.so.3.5.0)
==47==    by 0x9432788: ??? (in /usr/lib64/libcrypto.so.3.5.0)
==47==    by 0x8E341AE: __pthread_once_slow (in /usr/lib64/libc.so.6)
==47==    by 0x9447E78: CRYPTO_THREAD_run_once (in /usr/lib64/libcrypto.so.3.5.0)
==47==    by 0x9432DC6: OPENSSL_init_crypto (in /usr/lib64/libcrypto.so.3.5.0)
==47==    by 0x940E759: ??? (in /usr/lib64/libcrypto.so.3.5.0)
==47==    by 0x51AF5F0: ncrypto::Cipher::FromNid(int) (ncrypto.cc:3173)
==47== 
==47== 24 bytes in 1 blocks are still reachable in loss record 76 of 361
==47==    at 0x4844784: malloc (in /usr/libexec/valgrind/vgpreload_memcheck-amd64-linux.so)
==47==    by 0x9433890: CRYPTO_malloc (in /usr/lib64/libcrypto.so.3.5.0)
==47==    by 0x9509458: OBJ_NAME_add (in /usr/lib64/libcrypto.so.3.5.0)
==47==    by 0x93DF97E: ??? (in /usr/lib64/libcrypto.so.3.5.0)
==47==    by 0x9432788: ??? (in /usr/lib64/libcrypto.so.3.5.0)
==47==    by 0x8E341AE: __pthread_once_slow (in /usr/lib64/libc.so.6)
==47==    by 0x9447E78: CRYPTO_THREAD_run_once (in /usr/lib64/libcrypto.so.3.5.0)
==47==    by 0x9432DC6: OPENSSL_init_crypto (in /usr/lib64/libcrypto.so.3.5.0)
==47==    by 0x940E759: ??? (in /usr/lib64/libcrypto.so.3.5.0)
==47==    by 0x51AF5F0: ncrypto::Cipher::FromNid(int) (ncrypto.cc:3173)
==47==    by 0x4CCAF6D: __static_initialization_and_destruction_0 (ncrypto.cc:3181)
==47==    by 0x4CCAF6D: _GLOBAL__sub_I_ncrypto.cc (ncrypto.cc:5046)
==47==    by 0x400459D: call_init (in /usr/lib64/ld-linux-x86-64.so.2)
==47== 
==47== 24 bytes in 1 blocks are still reachable in loss record 77 of 361
==47==    at 0x4844784: malloc (in /usr/libexec/valgrind/vgpreload_memcheck-amd64-linux.so)
==47==    by 0x9433890: CRYPTO_malloc (in /usr/lib64/libcrypto.so.3.5.0)
==47==    by 0x942C995: OPENSSL_LH_insert (in /usr/lib64/libcrypto.so.3.5.0)
==47==    by 0x95094A0: OBJ_NAME_add (in /usr/lib64/libcrypto.so.3.5.0)
==47==    by 0x940E63F: EVP_add_cipher (in /usr/lib64/libcrypto.so.3.5.0)
==47==    by 0x93DF98B: ??? (in /usr/lib64/libcrypto.so.3.5.0)
==47==    by 0x9432788: ??? (in /usr/lib64/libcrypto.so.3.5.0)
==47==    by 0x8E341AE: __pthread_once_slow (in /usr/lib64/libc.so.6)
==47==    by 0x9447E78: CRYPTO_THREAD_run_once (in /usr/lib64/libcrypto.so.3.5.0)
==47==    by 0x9432DC6: OPENSSL_init_crypto (in /usr/lib64/libcrypto.so.3.5.0)
==47==    by 0x940E759: ??? (in /usr/lib64/libcrypto.so.3.5.0)
==47==    by 0x51AF5F0: ncrypto::Cipher::FromNid(int) (ncrypto.cc:3173)
==47== 
==47== 24 bytes in 1 blocks are still reachable in loss record 78 of 361
==47==    at 0x4844784: malloc (in /usr/libexec/valgrind/vgpreload_memcheck-amd64-linux.so)
==47==    by 0x9433890: CRYPTO_malloc (in /usr/lib64/libcrypto.so.3.5.0)
==47==    by 0x9509458: OBJ_NAME_add (in /usr/lib64/libcrypto.so.3.5.0)
==47==    by 0x93DF98B: ??? (in /usr/lib64/libcrypto.so.3.5.0)
==47==    by 0x9432788: ??? (in /usr/lib64/libcrypto.so.3.5.0)
==47==    by 0x8E341AE: __pthread_once_slow (in /usr/lib64/libc.so.6)
==47==    by 0x9447E78: CRYPTO_THREAD_run_once (in /usr/lib64/libcrypto.so.3.5.0)
==47==    by 0x9432DC6: OPENSSL_init_crypto (in /usr/lib64/libcrypto.so.3.5.0)
==47==    by 0x940E759: ??? (in /usr/lib64/libcrypto.so.3.5.0)
==47==    by 0x51AF5F0: ncrypto::Cipher::FromNid(int) (ncrypto.cc:3173)
==47==    by 0x4CCAF6D: __static_initialization_and_destruction_0 (ncrypto.cc:3181)
==47==    by 0x4CCAF6D: _GLOBAL__sub_I_ncrypto.cc (ncrypto.cc:5046)
==47==    by 0x400459D: call_init (in /usr/lib64/ld-linux-x86-64.so.2)
==47== 
==47== 24 bytes in 1 blocks are still reachable in loss record 79 of 361
==47==    at 0x4844784: malloc (in /usr/libexec/valgrind/vgpreload_memcheck-amd64-linux.so)
==47==    by 0x9433890: CRYPTO_malloc (in /usr/lib64/libcrypto.so.3.5.0)
==47==    by 0x942C995: OPENSSL_LH_insert (in /usr/lib64/libcrypto.so.3.5.0)
==47==    by 0x95094A0: OBJ_NAME_add (in /usr/lib64/libcrypto.so.3.5.0)
==47==    by 0x940E63F: EVP_add_cipher (in /usr/lib64/libcrypto.so.3.5.0)
==47==    by 0x93DF998: ??? (in /usr/lib64/libcrypto.so.3.5.0)
==47==    by 0x9432788: ??? (in /usr/lib64/libcrypto.so.3.5.0)
==47==    by 0x8E341AE: __pthread_once_slow (in /usr/lib64/libc.so.6)
==47==    by 0x9447E78: CRYPTO_THREAD_run_once (in /usr/lib64/libcrypto.so.3.5.0)
==47==    by 0x9432DC6: OPENSSL_init_crypto (in /usr/lib64/libcrypto.so.3.5.0)
==47==    by 0x940E759: ??? (in /usr/lib64/libcrypto.so.3.5.0)
==47==    by 0x51AF5F0: ncrypto::Cipher::FromNid(int) (ncrypto.cc:3173)
==47== 
==47== 24 bytes in 1 blocks are still reachable in loss record 80 of 361
==47==    at 0x4844784: malloc (in /usr/libexec/valgrind/vgpreload_memcheck-amd64-linux.so)
==47==    by 0x9433890: CRYPTO_malloc (in /usr/lib64/libcrypto.so.3.5.0)
==47==    by 0x9509458: OBJ_NAME_add (in /usr/lib64/libcrypto.so.3.5.0)
==47==    by 0x93DF998: ??? (in /usr/lib64/libcrypto.so.3.5.0)
==47==    by 0x9432788: ??? (in /usr/lib64/libcrypto.so.3.5.0)
==47==    by 0x8E341AE: __pthread_once_slow (in /usr/lib64/libc.so.6)
==47==    by 0x9447E78: CRYPTO_THREAD_run_once (in /usr/lib64/libcrypto.so.3.5.0)
==47==    by 0x9432DC6: OPENSSL_init_crypto (in /usr/lib64/libcrypto.so.3.5.0)
==47==    by 0x940E759: ??? (in /usr/lib64/libcrypto.so.3.5.0)
==47==    by 0x51AF5F0: ncrypto::Cipher::FromNid(int) (ncrypto.cc:3173)
==47==    by 0x4CCAF6D: __static_initialization_and_destruction_0 (ncrypto.cc:3181)
==47==    by 0x4CCAF6D: _GLOBAL__sub_I_ncrypto.cc (ncrypto.cc:5046)
==47==    by 0x400459D: call_init (in /usr/lib64/ld-linux-x86-64.so.2)
==47== 
==47== 24 bytes in 1 blocks are still reachable in loss record 81 of 361
==47==    at 0x4844784: malloc (in /usr/libexec/valgrind/vgpreload_memcheck-amd64-linux.so)
==47==    by 0x9433890: CRYPTO_malloc (in /usr/lib64/libcrypto.so.3.5.0)
==47==    by 0x942C995: OPENSSL_LH_insert (in /usr/lib64/libcrypto.so.3.5.0)
==47==    by 0x95094A0: OBJ_NAME_add (in /usr/lib64/libcrypto.so.3.5.0)
==47==    by 0x940E63F: EVP_add_cipher (in /usr/lib64/libcrypto.so.3.5.0)
==47==    by 0x93DF9A5: ??? (in /usr/lib64/libcrypto.so.3.5.0)
==47==    by 0x9432788: ??? (in /usr/lib64/libcrypto.so.3.5.0)
==47==    by 0x8E341AE: __pthread_once_slow (in /usr/lib64/libc.so.6)
==47==    by 0x9447E78: CRYPTO_THREAD_run_once (in /usr/lib64/libcrypto.so.3.5.0)
==47==    by 0x9432DC6: OPENSSL_init_crypto (in /usr/lib64/libcrypto.so.3.5.0)
==47==    by 0x940E759: ??? (in /usr/lib64/libcrypto.so.3.5.0)
==47==    by 0x51AF5F0: ncrypto::Cipher::FromNid(int) (ncrypto.cc:3173)
==47== 
==47== 24 bytes in 1 blocks are still reachable in loss record 82 of 361
==47==    at 0x4844784: malloc (in /usr/libexec/valgrind/vgpreload_memcheck-amd64-linux.so)
==47==    by 0x9433890: CRYPTO_malloc (in /usr/lib64/libcrypto.so.3.5.0)
==47==    by 0x9509458: OBJ_NAME_add (in /usr/lib64/libcrypto.so.3.5.0)
==47==    by 0x93DF9A5: ??? (in /usr/lib64/libcrypto.so.3.5.0)
==47==    by 0x9432788: ??? (in /usr/lib64/libcrypto.so.3.5.0)
==47==    by 0x8E341AE: __pthread_once_slow (in /usr/lib64/libc.so.6)
==47==    by 0x9447E78: CRYPTO_THREAD_run_once (in /usr/lib64/libcrypto.so.3.5.0)
==47==    by 0x9432DC6: OPENSSL_init_crypto (in /usr/lib64/libcrypto.so.3.5.0)
==47==    by 0x940E759: ??? (in /usr/lib64/libcrypto.so.3.5.0)
==47==    by 0x51AF5F0: ncrypto::Cipher::FromNid(int) (ncrypto.cc:3173)
==47==    by 0x4CCAF6D: __static_initialization_and_destruction_0 (ncrypto.cc:3181)
==47==    by 0x4CCAF6D: _GLOBAL__sub_I_ncrypto.cc (ncrypto.cc:5046)
==47==    by 0x400459D: call_init (in /usr/lib64/ld-linux-x86-64.so.2)
==47== 
==47== 24 bytes in 1 blocks are still reachable in loss record 83 of 361
==47==    at 0x4844784: malloc (in /usr/libexec/valgrind/vgpreload_memcheck-amd64-linux.so)
==47==    by 0x9433890: CRYPTO_malloc (in /usr/lib64/libcrypto.so.3.5.0)
==47==    by 0x942C995: OPENSSL_LH_insert (in /usr/lib64/libcrypto.so.3.5.0)
==47==    by 0x95094A0: OBJ_NAME_add (in /usr/lib64/libcrypto.so.3.5.0)
==47==    by 0x940E63F: EVP_add_cipher (in /usr/lib64/libcrypto.so.3.5.0)
==47==    by 0x93DF9B2: ??? (in /usr/lib64/libcrypto.so.3.5.0)
==47==    by 0x9432788: ??? (in /usr/lib64/libcrypto.so.3.5.0)
==47==    by 0x8E341AE: __pthread_once_slow (in /usr/lib64/libc.so.6)
==47==    by 0x9447E78: CRYPTO_THREAD_run_once (in /usr/lib64/libcrypto.so.3.5.0)
==47==    by 0x9432DC6: OPENSSL_init_crypto (in /usr/lib64/libcrypto.so.3.5.0)
==47==    by 0x940E759: ??? (in /usr/lib64/libcrypto.so.3.5.0)
==47==    by 0x51AF5F0: ncrypto::Cipher::FromNid(int) (ncrypto.cc:3173)
==47== 
==47== 24 bytes in 1 blocks are still reachable in loss record 84 of 361
==47==    at 0x4844784: malloc (in /usr/libexec/valgrind/vgpreload_memcheck-amd64-linux.so)
==47==    by 0x9433890: CRYPTO_malloc (in /usr/lib64/libcrypto.so.3.5.0)
==47==    by 0x9509458: OBJ_NAME_add (in /usr/lib64/libcrypto.so.3.5.0)
==47==    by 0x93DF9B2: ??? (in /usr/lib64/libcrypto.so.3.5.0)
==47==    by 0x9432788: ??? (in /usr/lib64/libcrypto.so.3.5.0)
==47==    by 0x8E341AE: __pthread_once_slow (in /usr/lib64/libc.so.6)
==47==    by 0x9447E78: CRYPTO_THREAD_run_once (in /usr/lib64/libcrypto.so.3.5.0)
==47==    by 0x9432DC6: OPENSSL_init_crypto (in /usr/lib64/libcrypto.so.3.5.0)
==47==    by 0x940E759: ??? (in /usr/lib64/libcrypto.so.3.5.0)
==47==    by 0x51AF5F0: ncrypto::Cipher::FromNid(int) (ncrypto.cc:3173)
==47==    by 0x4CCAF6D: __static_initialization_and_destruction_0 (ncrypto.cc:3181)
==47==    by 0x4CCAF6D: _GLOBAL__sub_I_ncrypto.cc (ncrypto.cc:5046)
==47==    by 0x400459D: call_init (in /usr/lib64/ld-linux-x86-64.so.2)
==47== 
==47== 24 bytes in 1 blocks are still reachable in loss record 85 of 361
==47==    at 0x4844784: malloc (in /usr/libexec/valgrind/vgpreload_memcheck-amd64-linux.so)
==47==    by 0x9433890: CRYPTO_malloc (in /usr/lib64/libcrypto.so.3.5.0)
==47==    by 0x942C995: OPENSSL_LH_insert (in /usr/lib64/libcrypto.so.3.5.0)
==47==    by 0x95094A0: OBJ_NAME_add (in /usr/lib64/libcrypto.so.3.5.0)
==47==    by 0x93DF9C6: ??? (in /usr/lib64/libcrypto.so.3.5.0)
==47==    by 0x9432788: ??? (in /usr/lib64/libcrypto.so.3.5.0)
==47==    by 0x8E341AE: __pthread_once_slow (in /usr/lib64/libc.so.6)
==47==    by 0x9447E78: CRYPTO_THREAD_run_once (in /usr/lib64/libcrypto.so.3.5.0)
==47==    by 0x9432DC6: OPENSSL_init_crypto (in /usr/lib64/libcrypto.so.3.5.0)
==47==    by 0x940E759: ??? (in /usr/lib64/libcrypto.so.3.5.0)
==47==    by 0x51AF5F0: ncrypto::Cipher::FromNid(int) (ncrypto.cc:3173)
==47==    by 0x4CCAF6D: __static_initialization_and_destruction_0 (ncrypto.cc:3181)
==47==    by 0x4CCAF6D: _GLOBAL__sub_I_ncrypto.cc (ncrypto.cc:5046)
==47== 
==47== 24 bytes in 1 blocks are still reachable in loss record 86 of 361
==47==    at 0x4844784: malloc (in /usr/libexec/valgrind/vgpreload_memcheck-amd64-linux.so)
==47==    by 0x9433890: CRYPTO_malloc (in /usr/lib64/libcrypto.so.3.5.0)
==47==    by 0x9509458: OBJ_NAME_add (in /usr/lib64/libcrypto.so.3.5.0)
==47==    by 0x93DF9DA: ??? (in /usr/lib64/libcrypto.so.3.5.0)
==47==    by 0x9432788: ??? (in /usr/lib64/libcrypto.so.3.5.0)
==47==    by 0x8E341AE: __pthread_once_slow (in /usr/lib64/libc.so.6)
==47==    by 0x9447E78: CRYPTO_THREAD_run_once (in /usr/lib64/libcrypto.so.3.5.0)
==47==    by 0x9432DC6: OPENSSL_init_crypto (in /usr/lib64/libcrypto.so.3.5.0)
==47==    by 0x940E759: ??? (in /usr/lib64/libcrypto.so.3.5.0)
==47==    by 0x51AF5F0: ncrypto::Cipher::FromNid(int) (ncrypto.cc:3173)
==47==    by 0x4CCAF6D: __static_initialization_and_destruction_0 (ncrypto.cc:3181)
==47==    by 0x4CCAF6D: _GLOBAL__sub_I_ncrypto.cc (ncrypto.cc:5046)
==47==    by 0x400459D: call_init (in /usr/lib64/ld-linux-x86-64.so.2)
==47== 
==47== 24 bytes in 1 blocks are still reachable in loss record 87 of 361
==47==    at 0x4844784: malloc (in /usr/libexec/valgrind/vgpreload_memcheck-amd64-linux.so)
==47==    by 0x9433890: CRYPTO_malloc (in /usr/lib64/libcrypto.so.3.5.0)
==47==    by 0x942C995: OPENSSL_LH_insert (in /usr/lib64/libcrypto.so.3.5.0)
==47==    by 0x95094A0: OBJ_NAME_add (in /usr/lib64/libcrypto.so.3.5.0)
==47==    by 0x940E63F: EVP_add_cipher (in /usr/lib64/libcrypto.so.3.5.0)
==47==    by 0x93DF9EE: ??? (in /usr/lib64/libcrypto.so.3.5.0)
==47==    by 0x9432788: ??? (in /usr/lib64/libcrypto.so.3.5.0)
==47==    by 0x8E341AE: __pthread_once_slow (in /usr/lib64/libc.so.6)
==47==    by 0x9447E78: CRYPTO_THREAD_run_once (in /usr/lib64/libcrypto.so.3.5.0)
==47==    by 0x9432DC6: OPENSSL_init_crypto (in /usr/lib64/libcrypto.so.3.5.0)
==47==    by 0x940E759: ??? (in /usr/lib64/libcrypto.so.3.5.0)
==47==    by 0x51AF5F0: ncrypto::Cipher::FromNid(int) (ncrypto.cc:3173)
==47== 
==47== 24 bytes in 1 blocks are still reachable in loss record 88 of 361
==47==    at 0x4844784: malloc (in /usr/libexec/valgrind/vgpreload_memcheck-amd64-linux.so)
==47==    by 0x9433890: CRYPTO_malloc (in /usr/lib64/libcrypto.so.3.5.0)
==47==    by 0x9509458: OBJ_NAME_add (in /usr/lib64/libcrypto.so.3.5.0)
==47==    by 0x93DF9EE: ??? (in /usr/lib64/libcrypto.so.3.5.0)
==47==    by 0x9432788: ??? (in /usr/lib64/libcrypto.so.3.5.0)
==47==    by 0x8E341AE: __pthread_once_slow (in /usr/lib64/libc.so.6)
==47==    by 0x9447E78: CRYPTO_THREAD_run_once (in /usr/lib64/libcrypto.so.3.5.0)
==47==    by 0x9432DC6: OPENSSL_init_crypto (in /usr/lib64/libcrypto.so.3.5.0)
==47==    by 0x940E759: ??? (in /usr/lib64/libcrypto.so.3.5.0)
==47==    by 0x51AF5F0: ncrypto::Cipher::FromNid(int) (ncrypto.cc:3173)
==47==    by 0x4CCAF6D: __static_initialization_and_destruction_0 (ncrypto.cc:3181)
==47==    by 0x4CCAF6D: _GLOBAL__sub_I_ncrypto.cc (ncrypto.cc:5046)
==47==    by 0x400459D: call_init (in /usr/lib64/ld-linux-x86-64.so.2)
==47== 
==47== 24 bytes in 1 blocks are still reachable in loss record 89 of 361
==47==    at 0x4844784: malloc (in /usr/libexec/valgrind/vgpreload_memcheck-amd64-linux.so)
==47==    by 0x9433890: CRYPTO_malloc (in /usr/lib64/libcrypto.so.3.5.0)
==47==    by 0x942C995: OPENSSL_LH_insert (in /usr/lib64/libcrypto.so.3.5.0)
==47==    by 0x95094A0: OBJ_NAME_add (in /usr/lib64/libcrypto.so.3.5.0)
==47==    by 0x940E63F: EVP_add_cipher (in /usr/lib64/libcrypto.so.3.5.0)
==47==    by 0x93DF9FB: ??? (in /usr/lib64/libcrypto.so.3.5.0)
==47==    by 0x9432788: ??? (in /usr/lib64/libcrypto.so.3.5.0)
==47==    by 0x8E341AE: __pthread_once_slow (in /usr/lib64/libc.so.6)
==47==    by 0x9447E78: CRYPTO_THREAD_run_once (in /usr/lib64/libcrypto.so.3.5.0)
==47==    by 0x9432DC6: OPENSSL_init_crypto (in /usr/lib64/libcrypto.so.3.5.0)
==47==    by 0x940E759: ??? (in /usr/lib64/libcrypto.so.3.5.0)
==47==    by 0x51AF5F0: ncrypto::Cipher::FromNid(int) (ncrypto.cc:3173)
==47== 
==47== 24 bytes in 1 blocks are still reachable in loss record 90 of 361
==47==    at 0x4844784: malloc (in /usr/libexec/valgrind/vgpreload_memcheck-amd64-linux.so)
==47==    by 0x9433890: CRYPTO_malloc (in /usr/lib64/libcrypto.so.3.5.0)
==47==    by 0x9509458: OBJ_NAME_add (in /usr/lib64/libcrypto.so.3.5.0)
==47==    by 0x93DF9FB: ??? (in /usr/lib64/libcrypto.so.3.5.0)
==47==    by 0x9432788: ??? (in /usr/lib64/libcrypto.so.3.5.0)
==47==    by 0x8E341AE: __pthread_once_slow (in /usr/lib64/libc.so.6)
==47==    by 0x9447E78: CRYPTO_THREAD_run_once (in /usr/lib64/libcrypto.so.3.5.0)
==47==    by 0x9432DC6: OPENSSL_init_crypto (in /usr/lib64/libcrypto.so.3.5.0)
==47==    by 0x940E759: ??? (in /usr/lib64/libcrypto.so.3.5.0)
==47==    by 0x51AF5F0: ncrypto::Cipher::FromNid(int) (ncrypto.cc:3173)
==47==    by 0x4CCAF6D: __static_initialization_and_destruction_0 (ncrypto.cc:3181)
==47==    by 0x4CCAF6D: _GLOBAL__sub_I_ncrypto.cc (ncrypto.cc:5046)
==47==    by 0x400459D: call_init (in /usr/lib64/ld-linux-x86-64.so.2)
==47== 
==47== 24 bytes in 1 blocks are still reachable in loss record 91 of 361
==47==    at 0x4844784: malloc (in /usr/libexec/valgrind/vgpreload_memcheck-amd64-linux.so)
==47==    by 0x9433890: CRYPTO_malloc (in /usr/lib64/libcrypto.so.3.5.0)
==47==    by 0x942C995: OPENSSL_LH_insert (in /usr/lib64/libcrypto.so.3.5.0)
==47==    by 0x95094A0: OBJ_NAME_add (in /usr/lib64/libcrypto.so.3.5.0)
==47==    by 0x940E63F: EVP_add_cipher (in /usr/lib64/libcrypto.so.3.5.0)
==47==    by 0x93DFA08: ??? (in /usr/lib64/libcrypto.so.3.5.0)
==47==    by 0x9432788: ??? (in /usr/lib64/libcrypto.so.3.5.0)
==47==    by 0x8E341AE: __pthread_once_slow (in /usr/lib64/libc.so.6)
==47==    by 0x9447E78: CRYPTO_THREAD_run_once (in /usr/lib64/libcrypto.so.3.5.0)
==47==    by 0x9432DC6: OPENSSL_init_crypto (in /usr/lib64/libcrypto.so.3.5.0)
==47==    by 0x940E759: ??? (in /usr/lib64/libcrypto.so.3.5.0)
==47==    by 0x51AF5F0: ncrypto::Cipher::FromNid(int) (ncrypto.cc:3173)
==47== 
==47== 24 bytes in 1 blocks are still reachable in loss record 92 of 361
==47==    at 0x4844784: malloc (in /usr/libexec/valgrind/vgpreload_memcheck-amd64-linux.so)
==47==    by 0x9433890: CRYPTO_malloc (in /usr/lib64/libcrypto.so.3.5.0)
==47==    by 0x9509458: OBJ_NAME_add (in /usr/lib64/libcrypto.so.3.5.0)
==47==    by 0x93DFA08: ??? (in /usr/lib64/libcrypto.so.3.5.0)
==47==    by 0x9432788: ??? (in /usr/lib64/libcrypto.so.3.5.0)
==47==    by 0x8E341AE: __pthread_once_slow (in /usr/lib64/libc.so.6)
==47==    by 0x9447E78: CRYPTO_THREAD_run_once (in /usr/lib64/libcrypto.so.3.5.0)
==47==    by 0x9432DC6: OPENSSL_init_crypto (in /usr/lib64/libcrypto.so.3.5.0)
==47==    by 0x940E759: ??? (in /usr/lib64/libcrypto.so.3.5.0)
==47==    by 0x51AF5F0: ncrypto::Cipher::FromNid(int) (ncrypto.cc:3173)
==47==    by 0x4CCAF6D: __static_initialization_and_destruction_0 (ncrypto.cc:3181)
==47==    by 0x4CCAF6D: _GLOBAL__sub_I_ncrypto.cc (ncrypto.cc:5046)
==47==    by 0x400459D: call_init (in /usr/lib64/ld-linux-x86-64.so.2)
==47== 
==47== 24 bytes in 1 blocks are still reachable in loss record 93 of 361
==47==    at 0x4844784: malloc (in /usr/libexec/valgrind/vgpreload_memcheck-amd64-linux.so)
==47==    by 0x9433890: CRYPTO_malloc (in /usr/lib64/libcrypto.so.3.5.0)
==47==    by 0x942C995: OPENSSL_LH_insert (in /usr/lib64/libcrypto.so.3.5.0)
==47==    by 0x95094A0: OBJ_NAME_add (in /usr/lib64/libcrypto.so.3.5.0)
==47==    by 0x940E63F: EVP_add_cipher (in /usr/lib64/libcrypto.so.3.5.0)
==47==    by 0x93DFA15: ??? (in /usr/lib64/libcrypto.so.3.5.0)
==47==    by 0x9432788: ??? (in /usr/lib64/libcrypto.so.3.5.0)
==47==    by 0x8E341AE: __pthread_once_slow (in /usr/lib64/libc.so.6)
==47==    by 0x9447E78: CRYPTO_THREAD_run_once (in /usr/lib64/libcrypto.so.3.5.0)
==47==    by 0x9432DC6: OPENSSL_init_crypto (in /usr/lib64/libcrypto.so.3.5.0)
==47==    by 0x940E759: ??? (in /usr/lib64/libcrypto.so.3.5.0)
==47==    by 0x51AF5F0: ncrypto::Cipher::FromNid(int) (ncrypto.cc:3173)
==47== 
==47== 24 bytes in 1 blocks are still reachable in loss record 94 of 361
==47==    at 0x4844784: malloc (in /usr/libexec/valgrind/vgpreload_memcheck-amd64-linux.so)
==47==    by 0x9433890: CRYPTO_malloc (in /usr/lib64/libcrypto.so.3.5.0)
==47==    by 0x9509458: OBJ_NAME_add (in /usr/lib64/libcrypto.so.3.5.0)
==47==    by 0x93DFA15: ??? (in /usr/lib64/libcrypto.so.3.5.0)
==47==    by 0x9432788: ??? (in /usr/lib64/libcrypto.so.3.5.0)
==47==    by 0x8E341AE: __pthread_once_slow (in /usr/lib64/libc.so.6)
==47==    by 0x9447E78: CRYPTO_THREAD_run_once (in /usr/lib64/libcrypto.so.3.5.0)
==47==    by 0x9432DC6: OPENSSL_init_crypto (in /usr/lib64/libcrypto.so.3.5.0)
==47==    by 0x940E759: ??? (in /usr/lib64/libcrypto.so.3.5.0)
==47==    by 0x51AF5F0: ncrypto::Cipher::FromNid(int) (ncrypto.cc:3173)
==47==    by 0x4CCAF6D: __static_initialization_and_destruction_0 (ncrypto.cc:3181)
==47==    by 0x4CCAF6D: _GLOBAL__sub_I_ncrypto.cc (ncrypto.cc:5046)
==47==    by 0x400459D: call_init (in /usr/lib64/ld-linux-x86-64.so.2)
==47== 
==47== 24 bytes in 1 blocks are still reachable in loss record 95 of 361
==47==    at 0x4844784: malloc (in /usr/libexec/valgrind/vgpreload_memcheck-amd64-linux.so)
==47==    by 0x9433890: CRYPTO_malloc (in /usr/lib64/libcrypto.so.3.5.0)
==47==    by 0x942C995: OPENSSL_LH_insert (in /usr/lib64/libcrypto.so.3.5.0)
==47==    by 0x95094A0: OBJ_NAME_add (in /usr/lib64/libcrypto.so.3.5.0)
==47==    by 0x940E63F: EVP_add_cipher (in /usr/lib64/libcrypto.so.3.5.0)
==47==    by 0x93DFA22: ??? (in /usr/lib64/libcrypto.so.3.5.0)
==47==    by 0x9432788: ??? (in /usr/lib64/libcrypto.so.3.5.0)
==47==    by 0x8E341AE: __pthread_once_slow (in /usr/lib64/libc.so.6)
==47==    by 0x9447E78: CRYPTO_THREAD_run_once (in /usr/lib64/libcrypto.so.3.5.0)
==47==    by 0x9432DC6: OPENSSL_init_crypto (in /usr/lib64/libcrypto.so.3.5.0)
==47==    by 0x940E759: ??? (in /usr/lib64/libcrypto.so.3.5.0)
==47==    by 0x51AF5F0: ncrypto::Cipher::FromNid(int) (ncrypto.cc:3173)
==47== 
==47== 24 bytes in 1 blocks are still reachable in loss record 96 of 361
==47==    at 0x4844784: malloc (in /usr/libexec/valgrind/vgpreload_memcheck-amd64-linux.so)
==47==    by 0x9433890: CRYPTO_malloc (in /usr/lib64/libcrypto.so.3.5.0)
==47==    by 0x9509458: OBJ_NAME_add (in /usr/lib64/libcrypto.so.3.5.0)
==47==    by 0x93DFA22: ??? (in /usr/lib64/libcrypto.so.3.5.0)
==47==    by 0x9432788: ??? (in /usr/lib64/libcrypto.so.3.5.0)
==47==    by 0x8E341AE: __pthread_once_slow (in /usr/lib64/libc.so.6)
==47==    by 0x9447E78: CRYPTO_THREAD_run_once (in /usr/lib64/libcrypto.so.3.5.0)
==47==    by 0x9432DC6: OPENSSL_init_crypto (in /usr/lib64/libcrypto.so.3.5.0)
==47==    by 0x940E759: ??? (in /usr/lib64/libcrypto.so.3.5.0)
==47==    by 0x51AF5F0: ncrypto::Cipher::FromNid(int) (ncrypto.cc:3173)
==47==    by 0x4CCAF6D: __static_initialization_and_destruction_0 (ncrypto.cc:3181)
==47==    by 0x4CCAF6D: _GLOBAL__sub_I_ncrypto.cc (ncrypto.cc:5046)
==47==    by 0x400459D: call_init (in /usr/lib64/ld-linux-x86-64.so.2)
==47== 
==47== 24 bytes in 1 blocks are still reachable in loss record 97 of 361
==47==    at 0x4844784: malloc (in /usr/libexec/valgrind/vgpreload_memcheck-amd64-linux.so)
==47==    by 0x9433890: CRYPTO_malloc (in /usr/lib64/libcrypto.so.3.5.0)
==47==    by 0x942C995: OPENSSL_LH_insert (in /usr/lib64/libcrypto.so.3.5.0)
==47==    by 0x95094A0: OBJ_NAME_add (in /usr/lib64/libcrypto.so.3.5.0)
==47==    by 0x940E63F: EVP_add_cipher (in /usr/lib64/libcrypto.so.3.5.0)
==47==    by 0x93DFA2F: ??? (in /usr/lib64/libcrypto.so.3.5.0)
==47==    by 0x9432788: ??? (in /usr/lib64/libcrypto.so.3.5.0)
==47==    by 0x8E341AE: __pthread_once_slow (in /usr/lib64/libc.so.6)
==47==    by 0x9447E78: CRYPTO_THREAD_run_once (in /usr/lib64/libcrypto.so.3.5.0)
==47==    by 0x9432DC6: OPENSSL_init_crypto (in /usr/lib64/libcrypto.so.3.5.0)
==47==    by 0x940E759: ??? (in /usr/lib64/libcrypto.so.3.5.0)
==47==    by 0x51AF5F0: ncrypto::Cipher::FromNid(int) (ncrypto.cc:3173)
==47== 
==47== 24 bytes in 1 blocks are still reachable in loss record 98 of 361
==47==    at 0x4844784: malloc (in /usr/libexec/valgrind/vgpreload_memcheck-amd64-linux.so)
==47==    by 0x9433890: CRYPTO_malloc (in /usr/lib64/libcrypto.so.3.5.0)
==47==    by 0x9509458: OBJ_NAME_add (in /usr/lib64/libcrypto.so.3.5.0)
==47==    by 0x93DFA2F: ??? (in /usr/lib64/libcrypto.so.3.5.0)
==47==    by 0x9432788: ??? (in /usr/lib64/libcrypto.so.3.5.0)
==47==    by 0x8E341AE: __pthread_once_slow (in /usr/lib64/libc.so.6)
==47==    by 0x9447E78: CRYPTO_THREAD_run_once (in /usr/lib64/libcrypto.so.3.5.0)
==47==    by 0x9432DC6: OPENSSL_init_crypto (in /usr/lib64/libcrypto.so.3.5.0)
==47==    by 0x940E759: ??? (in /usr/lib64/libcrypto.so.3.5.0)
==47==    by 0x51AF5F0: ncrypto::Cipher::FromNid(int) (ncrypto.cc:3173)
==47==    by 0x4CCAF6D: __static_initialization_and_destruction_0 (ncrypto.cc:3181)
==47==    by 0x4CCAF6D: _GLOBAL__sub_I_ncrypto.cc (ncrypto.cc:5046)
==47==    by 0x400459D: call_init (in /usr/lib64/ld-linux-x86-64.so.2)
==47== 
==47== 24 bytes in 1 blocks are still reachable in loss record 99 of 361
==47==    at 0x4844784: malloc (in /usr/libexec/valgrind/vgpreload_memcheck-amd64-linux.so)
==47==    by 0x9433890: CRYPTO_malloc (in /usr/lib64/libcrypto.so.3.5.0)
==47==    by 0x942C995: OPENSSL_LH_insert (in /usr/lib64/libcrypto.so.3.5.0)
==47==    by 0x95094A0: OBJ_NAME_add (in /usr/lib64/libcrypto.so.3.5.0)
==47==    by 0x93DFA43: ??? (in /usr/lib64/libcrypto.so.3.5.0)
==47==    by 0x9432788: ??? (in /usr/lib64/libcrypto.so.3.5.0)
==47==    by 0x8E341AE: __pthread_once_slow (in /usr/lib64/libc.so.6)
==47==    by 0x9447E78: CRYPTO_THREAD_run_once (in /usr/lib64/libcrypto.so.3.5.0)
==47==    by 0x9432DC6: OPENSSL_init_crypto (in /usr/lib64/libcrypto.so.3.5.0)
==47==    by 0x940E759: ??? (in /usr/lib64/libcrypto.so.3.5.0)
==47==    by 0x51AF5F0: ncrypto::Cipher::FromNid(int) (ncrypto.cc:3173)
==47==    by 0x4CCAF6D: __static_initialization_and_destruction_0 (ncrypto.cc:3181)
==47==    by 0x4CCAF6D: _GLOBAL__sub_I_ncrypto.cc (ncrypto.cc:5046)
==47== 
==47== 24 bytes in 1 blocks are still reachable in loss record 100 of 361
==47==    at 0x4844784: malloc (in /usr/libexec/valgrind/vgpreload_memcheck-amd64-linux.so)
==47==    by 0x9433890: CRYPTO_malloc (in /usr/lib64/libcrypto.so.3.5.0)
==47==    by 0x9509458: OBJ_NAME_add (in /usr/lib64/libcrypto.so.3.5.0)
==47==    by 0x93DFA57: ??? (in /usr/lib64/libcrypto.so.3.5.0)
==47==    by 0x9432788: ??? (in /usr/lib64/libcrypto.so.3.5.0)
==47==    by 0x8E341AE: __pthread_once_slow (in /usr/lib64/libc.so.6)
==47==    by 0x9447E78: CRYPTO_THREAD_run_once (in /usr/lib64/libcrypto.so.3.5.0)
==47==    by 0x9432DC6: OPENSSL_init_crypto (in /usr/lib64/libcrypto.so.3.5.0)
==47==    by 0x940E759: ??? (in /usr/lib64/libcrypto.so.3.5.0)
==47==    by 0x51AF5F0: ncrypto::Cipher::FromNid(int) (ncrypto.cc:3173)
==47==    by 0x4CCAF6D: __static_initialization_and_destruction_0 (ncrypto.cc:3181)
==47==    by 0x4CCAF6D: _GLOBAL__sub_I_ncrypto.cc (ncrypto.cc:5046)
==47==    by 0x400459D: call_init (in /usr/lib64/ld-linux-x86-64.so.2)
==47== 
==47== 24 bytes in 1 blocks are still reachable in loss record 101 of 361
==47==    at 0x4844784: malloc (in /usr/libexec/valgrind/vgpreload_memcheck-amd64-linux.so)
==47==    by 0x9433890: CRYPTO_malloc (in /usr/lib64/libcrypto.so.3.5.0)
==47==    by 0x9509458: OBJ_NAME_add (in /usr/lib64/libcrypto.so.3.5.0)
==47==    by 0x93DFA6B: ??? (in /usr/lib64/libcrypto.so.3.5.0)
==47==    by 0x9432788: ??? (in /usr/lib64/libcrypto.so.3.5.0)
==47==    by 0x8E341AE: __pthread_once_slow (in /usr/lib64/libc.so.6)
==47==    by 0x9447E78: CRYPTO_THREAD_run_once (in /usr/lib64/libcrypto.so.3.5.0)
==47==    by 0x9432DC6: OPENSSL_init_crypto (in /usr/lib64/libcrypto.so.3.5.0)
==47==    by 0x940E759: ??? (in /usr/lib64/libcrypto.so.3.5.0)
==47==    by 0x51AF5F0: ncrypto::Cipher::FromNid(int) (ncrypto.cc:3173)
==47==    by 0x4CCAF6D: __static_initialization_and_destruction_0 (ncrypto.cc:3181)
==47==    by 0x4CCAF6D: _GLOBAL__sub_I_ncrypto.cc (ncrypto.cc:5046)
==47==    by 0x400459D: call_init (in /usr/lib64/ld-linux-x86-64.so.2)
==47== 
==47== 24 bytes in 1 blocks are still reachable in loss record 102 of 361
==47==    at 0x4844784: malloc (in /usr/libexec/valgrind/vgpreload_memcheck-amd64-linux.so)
==47==    by 0x9433890: CRYPTO_malloc (in /usr/lib64/libcrypto.so.3.5.0)
==47==    by 0x942C995: OPENSSL_LH_insert (in /usr/lib64/libcrypto.so.3.5.0)
==47==    by 0x95094A0: OBJ_NAME_add (in /usr/lib64/libcrypto.so.3.5.0)
==47==    by 0x93DFA6B: ??? (in /usr/lib64/libcrypto.so.3.5.0)
==47==    by 0x9432788: ??? (in /usr/lib64/libcrypto.so.3.5.0)
==47==    by 0x8E341AE: __pthread_once_slow (in /usr/lib64/libc.so.6)
==47==    by 0x9447E78: CRYPTO_THREAD_run_once (in /usr/lib64/libcrypto.so.3.5.0)
==47==    by 0x9432DC6: OPENSSL_init_crypto (in /usr/lib64/libcrypto.so.3.5.0)
==47==    by 0x940E759: ??? (in /usr/lib64/libcrypto.so.3.5.0)
==47==    by 0x51AF5F0: ncrypto::Cipher::FromNid(int) (ncrypto.cc:3173)
==47==    by 0x4CCAF6D: __static_initialization_and_destruction_0 (ncrypto.cc:3181)
==47==    by 0x4CCAF6D: _GLOBAL__sub_I_ncrypto.cc (ncrypto.cc:5046)
==47== 
==47== 24 bytes in 1 blocks are still reachable in loss record 103 of 361
==47==    at 0x4844784: malloc (in /usr/libexec/valgrind/vgpreload_memcheck-amd64-linux.so)
==47==    by 0x9433890: CRYPTO_malloc (in /usr/lib64/libcrypto.so.3.5.0)
==47==    by 0x9509458: OBJ_NAME_add (in /usr/lib64/libcrypto.so.3.5.0)
==47==    by 0x93DFA83: ??? (in /usr/lib64/libcrypto.so.3.5.0)
==47==    by 0x9432788: ??? (in /usr/lib64/libcrypto.so.3.5.0)
==47==    by 0x8E341AE: __pthread_once_slow (in /usr/lib64/libc.so.6)
==47==    by 0x9447E78: CRYPTO_THREAD_run_once (in /usr/lib64/libcrypto.so.3.5.0)
==47==    by 0x9432DC6: OPENSSL_init_crypto (in /usr/lib64/libcrypto.so.3.5.0)
==47==    by 0x940E759: ??? (in /usr/lib64/libcrypto.so.3.5.0)
==47==    by 0x51AF5F0: ncrypto::Cipher::FromNid(int) (ncrypto.cc:3173)
==47==    by 0x4CCAF6D: __static_initialization_and_destruction_0 (ncrypto.cc:3181)
==47==    by 0x4CCAF6D: _GLOBAL__sub_I_ncrypto.cc (ncrypto.cc:5046)
==47==    by 0x400459D: call_init (in /usr/lib64/ld-linux-x86-64.so.2)
==47== 
==47== 24 bytes in 1 blocks are still reachable in loss record 104 of 361
==47==    at 0x4844784: malloc (in /usr/libexec/valgrind/vgpreload_memcheck-amd64-linux.so)
==47==    by 0x9433890: CRYPTO_malloc (in /usr/lib64/libcrypto.so.3.5.0)
==47==    by 0x942C995: OPENSSL_LH_insert (in /usr/lib64/libcrypto.so.3.5.0)
==47==    by 0x95094A0: OBJ_NAME_add (in /usr/lib64/libcrypto.so.3.5.0)
==47==    by 0x93DFA83: ??? (in /usr/lib64/libcrypto.so.3.5.0)
==47==    by 0x9432788: ??? (in /usr/lib64/libcrypto.so.3.5.0)
==47==    by 0x8E341AE: __pthread_once_slow (in /usr/lib64/libc.so.6)
==47==    by 0x9447E78: CRYPTO_THREAD_run_once (in /usr/lib64/libcrypto.so.3.5.0)
==47==    by 0x9432DC6: OPENSSL_init_crypto (in /usr/lib64/libcrypto.so.3.5.0)
==47==    by 0x940E759: ??? (in /usr/lib64/libcrypto.so.3.5.0)
==47==    by 0x51AF5F0: ncrypto::Cipher::FromNid(int) (ncrypto.cc:3173)
==47==    by 0x4CCAF6D: __static_initialization_and_destruction_0 (ncrypto.cc:3181)
==47==    by 0x4CCAF6D: _GLOBAL__sub_I_ncrypto.cc (ncrypto.cc:5046)
==47== 
==47== 24 bytes in 1 blocks are still reachable in loss record 105 of 361
==47==    at 0x4844784: malloc (in /usr/libexec/valgrind/vgpreload_memcheck-amd64-linux.so)
==47==    by 0x9433890: CRYPTO_malloc (in /usr/lib64/libcrypto.so.3.5.0)
==47==    by 0x9509458: OBJ_NAME_add (in /usr/lib64/libcrypto.so.3.5.0)
==47==    by 0x93DFA9B: ??? (in /usr/lib64/libcrypto.so.3.5.0)
==47==    by 0x9432788: ??? (in /usr/lib64/libcrypto.so.3.5.0)
==47==    by 0x8E341AE: __pthread_once_slow (in /usr/lib64/libc.so.6)
==47==    by 0x9447E78: CRYPTO_THREAD_run_once (in /usr/lib64/libcrypto.so.3.5.0)
==47==    by 0x9432DC6: OPENSSL_init_crypto (in /usr/lib64/libcrypto.so.3.5.0)
==47==    by 0x940E759: ??? (in /usr/lib64/libcrypto.so.3.5.0)
==47==    by 0x51AF5F0: ncrypto::Cipher::FromNid(int) (ncrypto.cc:3173)
==47==    by 0x4CCAF6D: __static_initialization_and_destruction_0 (ncrypto.cc:3181)
==47==    by 0x4CCAF6D: _GLOBAL__sub_I_ncrypto.cc (ncrypto.cc:5046)
==47==    by 0x400459D: call_init (in /usr/lib64/ld-linux-x86-64.so.2)
==47== 
==47== 24 bytes in 1 blocks are still reachable in loss record 106 of 361
==47==    at 0x4844784: malloc (in /usr/libexec/valgrind/vgpreload_memcheck-amd64-linux.so)
==47==    by 0x9433890: CRYPTO_malloc (in /usr/lib64/libcrypto.so.3.5.0)
==47==    by 0x942C995: OPENSSL_LH_insert (in /usr/lib64/libcrypto.so.3.5.0)
==47==    by 0x95094A0: OBJ_NAME_add (in /usr/lib64/libcrypto.so.3.5.0)
==47==    by 0x93DFA9B: ??? (in /usr/lib64/libcrypto.so.3.5.0)
==47==    by 0x9432788: ??? (in /usr/lib64/libcrypto.so.3.5.0)
==47==    by 0x8E341AE: __pthread_once_slow (in /usr/lib64/libc.so.6)
==47==    by 0x9447E78: CRYPTO_THREAD_run_once (in /usr/lib64/libcrypto.so.3.5.0)
==47==    by 0x9432DC6: OPENSSL_init_crypto (in /usr/lib64/libcrypto.so.3.5.0)
==47==    by 0x940E759: ??? (in /usr/lib64/libcrypto.so.3.5.0)
==47==    by 0x51AF5F0: ncrypto::Cipher::FromNid(int) (ncrypto.cc:3173)
==47==    by 0x4CCAF6D: __static_initialization_and_destruction_0 (ncrypto.cc:3181)
==47==    by 0x4CCAF6D: _GLOBAL__sub_I_ncrypto.cc (ncrypto.cc:5046)
==47== 
==47== 24 bytes in 1 blocks are still reachable in loss record 107 of 361
==47==    at 0x4844784: malloc (in /usr/libexec/valgrind/vgpreload_memcheck-amd64-linux.so)
==47==    by 0x9433890: CRYPTO_malloc (in /usr/lib64/libcrypto.so.3.5.0)
==47==    by 0x942C995: OPENSSL_LH_insert (in /usr/lib64/libcrypto.so.3.5.0)
==47==    by 0x95094A0: OBJ_NAME_add (in /usr/lib64/libcrypto.so.3.5.0)
==47==    by 0x940E63F: EVP_add_cipher (in /usr/lib64/libcrypto.so.3.5.0)
==47==    by 0x93DFAAF: ??? (in /usr/lib64/libcrypto.so.3.5.0)
==47==    by 0x9432788: ??? (in /usr/lib64/libcrypto.so.3.5.0)
==47==    by 0x8E341AE: __pthread_once_slow (in /usr/lib64/libc.so.6)
==47==    by 0x9447E78: CRYPTO_THREAD_run_once (in /usr/lib64/libcrypto.so.3.5.0)
==47==    by 0x9432DC6: OPENSSL_init_crypto (in /usr/lib64/libcrypto.so.3.5.0)
==47==    by 0x940E759: ??? (in /usr/lib64/libcrypto.so.3.5.0)
==47==    by 0x51AF5F0: ncrypto::Cipher::FromNid(int) (ncrypto.cc:3173)
==47== 
==47== 24 bytes in 1 blocks are still reachable in loss record 108 of 361
==47==    at 0x4844784: malloc (in /usr/libexec/valgrind/vgpreload_memcheck-amd64-linux.so)
==47==    by 0x9433890: CRYPTO_malloc (in /usr/lib64/libcrypto.so.3.5.0)
==47==    by 0x9509458: OBJ_NAME_add (in /usr/lib64/libcrypto.so.3.5.0)
==47==    by 0x93DFAAF: ??? (in /usr/lib64/libcrypto.so.3.5.0)
==47==    by 0x9432788: ??? (in /usr/lib64/libcrypto.so.3.5.0)
==47==    by 0x8E341AE: __pthread_once_slow (in /usr/lib64/libc.so.6)
==47==    by 0x9447E78: CRYPTO_THREAD_run_once (in /usr/lib64/libcrypto.so.3.5.0)
==47==    by 0x9432DC6: OPENSSL_init_crypto (in /usr/lib64/libcrypto.so.3.5.0)
==47==    by 0x940E759: ??? (in /usr/lib64/libcrypto.so.3.5.0)
==47==    by 0x51AF5F0: ncrypto::Cipher::FromNid(int) (ncrypto.cc:3173)
==47==    by 0x4CCAF6D: __static_initialization_and_destruction_0 (ncrypto.cc:3181)
==47==    by 0x4CCAF6D: _GLOBAL__sub_I_ncrypto.cc (ncrypto.cc:5046)
==47==    by 0x400459D: call_init (in /usr/lib64/ld-linux-x86-64.so.2)
==47== 
==47== 24 bytes in 1 blocks are still reachable in loss record 109 of 361
==47==    at 0x4844784: malloc (in /usr/libexec/valgrind/vgpreload_memcheck-amd64-linux.so)
==47==    by 0x9433890: CRYPTO_malloc (in /usr/lib64/libcrypto.so.3.5.0)
==47==    by 0x942C995: OPENSSL_LH_insert (in /usr/lib64/libcrypto.so.3.5.0)
==47==    by 0x95094A0: OBJ_NAME_add (in /usr/lib64/libcrypto.so.3.5.0)
==47==    by 0x940E63F: EVP_add_cipher (in /usr/lib64/libcrypto.so.3.5.0)
==47==    by 0x93DFABC: ??? (in /usr/lib64/libcrypto.so.3.5.0)
==47==    by 0x9432788: ??? (in /usr/lib64/libcrypto.so.3.5.0)
==47==    by 0x8E341AE: __pthread_once_slow (in /usr/lib64/libc.so.6)
==47==    by 0x9447E78: CRYPTO_THREAD_run_once (in /usr/lib64/libcrypto.so.3.5.0)
==47==    by 0x9432DC6: OPENSSL_init_crypto (in /usr/lib64/libcrypto.so.3.5.0)
==47==    by 0x940E759: ??? (in /usr/lib64/libcrypto.so.3.5.0)
==47==    by 0x51AF5F0: ncrypto::Cipher::FromNid(int) (ncrypto.cc:3173)
==47== 
==47== 24 bytes in 1 blocks are still reachable in loss record 110 of 361
==47==    at 0x4844784: malloc (in /usr/libexec/valgrind/vgpreload_memcheck-amd64-linux.so)
==47==    by 0x9433890: CRYPTO_malloc (in /usr/lib64/libcrypto.so.3.5.0)
==47==    by 0x9509458: OBJ_NAME_add (in /usr/lib64/libcrypto.so.3.5.0)
==47==    by 0x93DFABC: ??? (in /usr/lib64/libcrypto.so.3.5.0)
==47==    by 0x9432788: ??? (in /usr/lib64/libcrypto.so.3.5.0)
==47==    by 0x8E341AE: __pthread_once_slow (in /usr/lib64/libc.so.6)
==47==    by 0x9447E78: CRYPTO_THREAD_run_once (in /usr/lib64/libcrypto.so.3.5.0)
==47==    by 0x9432DC6: OPENSSL_init_crypto (in /usr/lib64/libcrypto.so.3.5.0)
==47==    by 0x940E759: ??? (in /usr/lib64/libcrypto.so.3.5.0)
==47==    by 0x51AF5F0: ncrypto::Cipher::FromNid(int) (ncrypto.cc:3173)
==47==    by 0x4CCAF6D: __static_initialization_and_destruction_0 (ncrypto.cc:3181)
==47==    by 0x4CCAF6D: _GLOBAL__sub_I_ncrypto.cc (ncrypto.cc:5046)
==47==    by 0x400459D: call_init (in /usr/lib64/ld-linux-x86-64.so.2)
==47== 
==47== 24 bytes in 1 blocks are still reachable in loss record 111 of 361
==47==    at 0x4844784: malloc (in /usr/libexec/valgrind/vgpreload_memcheck-amd64-linux.so)
==47==    by 0x9433890: CRYPTO_malloc (in /usr/lib64/libcrypto.so.3.5.0)
==47==    by 0x942C995: OPENSSL_LH_insert (in /usr/lib64/libcrypto.so.3.5.0)
==47==    by 0x95094A0: OBJ_NAME_add (in /usr/lib64/libcrypto.so.3.5.0)
==47==    by 0x940E63F: EVP_add_cipher (in /usr/lib64/libcrypto.so.3.5.0)
==47==    by 0x93DFAC9: ??? (in /usr/lib64/libcrypto.so.3.5.0)
==47==    by 0x9432788: ??? (in /usr/lib64/libcrypto.so.3.5.0)
==47==    by 0x8E341AE: __pthread_once_slow (in /usr/lib64/libc.so.6)
==47==    by 0x9447E78: CRYPTO_THREAD_run_once (in /usr/lib64/libcrypto.so.3.5.0)
==47==    by 0x9432DC6: OPENSSL_init_crypto (in /usr/lib64/libcrypto.so.3.5.0)
==47==    by 0x940E759: ??? (in /usr/lib64/libcrypto.so.3.5.0)
==47==    by 0x51AF5F0: ncrypto::Cipher::FromNid(int) (ncrypto.cc:3173)
==47== 
==47== 24 bytes in 1 blocks are still reachable in loss record 112 of 361
==47==    at 0x4844784: malloc (in /usr/libexec/valgrind/vgpreload_memcheck-amd64-linux.so)
==47==    by 0x9433890: CRYPTO_malloc (in /usr/lib64/libcrypto.so.3.5.0)
==47==    by 0x9509458: OBJ_NAME_add (in /usr/lib64/libcrypto.so.3.5.0)
==47==    by 0x93DFAC9: ??? (in /usr/lib64/libcrypto.so.3.5.0)
==47==    by 0x9432788: ??? (in /usr/lib64/libcrypto.so.3.5.0)
==47==    by 0x8E341AE: __pthread_once_slow (in /usr/lib64/libc.so.6)
==47==    by 0x9447E78: CRYPTO_THREAD_run_once (in /usr/lib64/libcrypto.so.3.5.0)
==47==    by 0x9432DC6: OPENSSL_init_crypto (in /usr/lib64/libcrypto.so.3.5.0)
==47==    by 0x940E759: ??? (in /usr/lib64/libcrypto.so.3.5.0)
==47==    by 0x51AF5F0: ncrypto::Cipher::FromNid(int) (ncrypto.cc:3173)
==47==    by 0x4CCAF6D: __static_initialization_and_destruction_0 (ncrypto.cc:3181)
==47==    by 0x4CCAF6D: _GLOBAL__sub_I_ncrypto.cc (ncrypto.cc:5046)
==47==    by 0x400459D: call_init (in /usr/lib64/ld-linux-x86-64.so.2)
==47== 
==47== 24 bytes in 1 blocks are still reachable in loss record 113 of 361
==47==    at 0x4844784: malloc (in /usr/libexec/valgrind/vgpreload_memcheck-amd64-linux.so)
==47==    by 0x9433890: CRYPTO_malloc (in /usr/lib64/libcrypto.so.3.5.0)
==47==    by 0x942C995: OPENSSL_LH_insert (in /usr/lib64/libcrypto.so.3.5.0)
==47==    by 0x95094A0: OBJ_NAME_add (in /usr/lib64/libcrypto.so.3.5.0)
==47==    by 0x940E63F: EVP_add_cipher (in /usr/lib64/libcrypto.so.3.5.0)
==47==    by 0x93DFAD6: ??? (in /usr/lib64/libcrypto.so.3.5.0)
==47==    by 0x9432788: ??? (in /usr/lib64/libcrypto.so.3.5.0)
==47==    by 0x8E341AE: __pthread_once_slow (in /usr/lib64/libc.so.6)
==47==    by 0x9447E78: CRYPTO_THREAD_run_once (in /usr/lib64/libcrypto.so.3.5.0)
==47==    by 0x9432DC6: OPENSSL_init_crypto (in /usr/lib64/libcrypto.so.3.5.0)
==47==    by 0x940E759: ??? (in /usr/lib64/libcrypto.so.3.5.0)
==47==    by 0x51AF5F0: ncrypto::Cipher::FromNid(int) (ncrypto.cc:3173)
==47== 
==47== 24 bytes in 1 blocks are still reachable in loss record 114 of 361
==47==    at 0x4844784: malloc (in /usr/libexec/valgrind/vgpreload_memcheck-amd64-linux.so)
==47==    by 0x9433890: CRYPTO_malloc (in /usr/lib64/libcrypto.so.3.5.0)
==47==    by 0x9509458: OBJ_NAME_add (in /usr/lib64/libcrypto.so.3.5.0)
==47==    by 0x93DFAD6: ??? (in /usr/lib64/libcrypto.so.3.5.0)
==47==    by 0x9432788: ??? (in /usr/lib64/libcrypto.so.3.5.0)
==47==    by 0x8E341AE: __pthread_once_slow (in /usr/lib64/libc.so.6)
==47==    by 0x9447E78: CRYPTO_THREAD_run_once (in /usr/lib64/libcrypto.so.3.5.0)
==47==    by 0x9432DC6: OPENSSL_init_crypto (in /usr/lib64/libcrypto.so.3.5.0)
==47==    by 0x940E759: ??? (in /usr/lib64/libcrypto.so.3.5.0)
==47==    by 0x51AF5F0: ncrypto::Cipher::FromNid(int) (ncrypto.cc:3173)
==47==    by 0x4CCAF6D: __static_initialization_and_destruction_0 (ncrypto.cc:3181)
==47==    by 0x4CCAF6D: _GLOBAL__sub_I_ncrypto.cc (ncrypto.cc:5046)
==47==    by 0x400459D: call_init (in /usr/lib64/ld-linux-x86-64.so.2)
==47== 
==47== 24 bytes in 1 blocks are still reachable in loss record 115 of 361
==47==    at 0x4844784: malloc (in /usr/libexec/valgrind/vgpreload_memcheck-amd64-linux.so)
==47==    by 0x9433890: CRYPTO_malloc (in /usr/lib64/libcrypto.so.3.5.0)
==47==    by 0x942C995: OPENSSL_LH_insert (in /usr/lib64/libcrypto.so.3.5.0)
==47==    by 0x95094A0: OBJ_NAME_add (in /usr/lib64/libcrypto.so.3.5.0)
==47==    by 0x93DFAEA: ??? (in /usr/lib64/libcrypto.so.3.5.0)
==47==    by 0x9432788: ??? (in /usr/lib64/libcrypto.so.3.5.0)
==47==    by 0x8E341AE: __pthread_once_slow (in /usr/lib64/libc.so.6)
==47==    by 0x9447E78: CRYPTO_THREAD_run_once (in /usr/lib64/libcrypto.so.3.5.0)
==47==    by 0x9432DC6: OPENSSL_init_crypto (in /usr/lib64/libcrypto.so.3.5.0)
==47==    by 0x940E759: ??? (in /usr/lib64/libcrypto.so.3.5.0)
==47==    by 0x51AF5F0: ncrypto::Cipher::FromNid(int) (ncrypto.cc:3173)
==47==    by 0x4CCAF6D: __static_initialization_and_destruction_0 (ncrypto.cc:3181)
==47==    by 0x4CCAF6D: _GLOBAL__sub_I_ncrypto.cc (ncrypto.cc:5046)
==47== 
==47== 24 bytes in 1 blocks are still reachable in loss record 116 of 361
==47==    at 0x4844784: malloc (in /usr/libexec/valgrind/vgpreload_memcheck-amd64-linux.so)
==47==    by 0x9433890: CRYPTO_malloc (in /usr/lib64/libcrypto.so.3.5.0)
==47==    by 0x9509458: OBJ_NAME_add (in /usr/lib64/libcrypto.so.3.5.0)
==47==    by 0x93DFAFE: ??? (in /usr/lib64/libcrypto.so.3.5.0)
==47==    by 0x9432788: ??? (in /usr/lib64/libcrypto.so.3.5.0)
==47==    by 0x8E341AE: __pthread_once_slow (in /usr/lib64/libc.so.6)
==47==    by 0x9447E78: CRYPTO_THREAD_run_once (in /usr/lib64/libcrypto.so.3.5.0)
==47==    by 0x9432DC6: OPENSSL_init_crypto (in /usr/lib64/libcrypto.so.3.5.0)
==47==    by 0x940E759: ??? (in /usr/lib64/libcrypto.so.3.5.0)
==47==    by 0x51AF5F0: ncrypto::Cipher::FromNid(int) (ncrypto.cc:3173)
==47==    by 0x4CCAF6D: __static_initialization_and_destruction_0 (ncrypto.cc:3181)
==47==    by 0x4CCAF6D: _GLOBAL__sub_I_ncrypto.cc (ncrypto.cc:5046)
==47==    by 0x400459D: call_init (in /usr/lib64/ld-linux-x86-64.so.2)
==47== 
==47== 24 bytes in 1 blocks are still reachable in loss record 117 of 361
==47==    at 0x4844784: malloc (in /usr/libexec/valgrind/vgpreload_memcheck-amd64-linux.so)
==47==    by 0x9433890: CRYPTO_malloc (in /usr/lib64/libcrypto.so.3.5.0)
==47==    by 0x9509458: OBJ_NAME_add (in /usr/lib64/libcrypto.so.3.5.0)
==47==    by 0x93DFB12: ??? (in /usr/lib64/libcrypto.so.3.5.0)
==47==    by 0x9432788: ??? (in /usr/lib64/libcrypto.so.3.5.0)
==47==    by 0x8E341AE: __pthread_once_slow (in /usr/lib64/libc.so.6)
==47==    by 0x9447E78: CRYPTO_THREAD_run_once (in /usr/lib64/libcrypto.so.3.5.0)
==47==    by 0x9432DC6: OPENSSL_init_crypto (in /usr/lib64/libcrypto.so.3.5.0)
==47==    by 0x940E759: ??? (in /usr/lib64/libcrypto.so.3.5.0)
==47==    by 0x51AF5F0: ncrypto::Cipher::FromNid(int) (ncrypto.cc:3173)
==47==    by 0x4CCAF6D: __static_initialization_and_destruction_0 (ncrypto.cc:3181)
==47==    by 0x4CCAF6D: _GLOBAL__sub_I_ncrypto.cc (ncrypto.cc:5046)
==47==    by 0x400459D: call_init (in /usr/lib64/ld-linux-x86-64.so.2)
==47== 
==47== 24 bytes in 1 blocks are still reachable in loss record 118 of 361
==47==    at 0x4844784: malloc (in /usr/libexec/valgrind/vgpreload_memcheck-amd64-linux.so)
==47==    by 0x9433890: CRYPTO_malloc (in /usr/lib64/libcrypto.so.3.5.0)
==47==    by 0x942C995: OPENSSL_LH_insert (in /usr/lib64/libcrypto.so.3.5.0)
==47==    by 0x95094A0: OBJ_NAME_add (in /usr/lib64/libcrypto.so.3.5.0)
==47==    by 0x93DFB12: ??? (in /usr/lib64/libcrypto.so.3.5.0)
==47==    by 0x9432788: ??? (in /usr/lib64/libcrypto.so.3.5.0)
==47==    by 0x8E341AE: __pthread_once_slow (in /usr/lib64/libc.so.6)
==47==    by 0x9447E78: CRYPTO_THREAD_run_once (in /usr/lib64/libcrypto.so.3.5.0)
==47==    by 0x9432DC6: OPENSSL_init_crypto (in /usr/lib64/libcrypto.so.3.5.0)
==47==    by 0x940E759: ??? (in /usr/lib64/libcrypto.so.3.5.0)
==47==    by 0x51AF5F0: ncrypto::Cipher::FromNid(int) (ncrypto.cc:3173)
==47==    by 0x4CCAF6D: __static_initialization_and_destruction_0 (ncrypto.cc:3181)
==47==    by 0x4CCAF6D: _GLOBAL__sub_I_ncrypto.cc (ncrypto.cc:5046)
==47== 
==47== 24 bytes in 1 blocks are still reachable in loss record 119 of 361
==47==    at 0x4844784: malloc (in /usr/libexec/valgrind/vgpreload_memcheck-amd64-linux.so)
==47==    by 0x9433890: CRYPTO_malloc (in /usr/lib64/libcrypto.so.3.5.0)
==47==    by 0x942C995: OPENSSL_LH_insert (in /usr/lib64/libcrypto.so.3.5.0)
==47==    by 0x95094A0: OBJ_NAME_add (in /usr/lib64/libcrypto.so.3.5.0)
==47==    by 0x940E63F: EVP_add_cipher (in /usr/lib64/libcrypto.so.3.5.0)
==47==    by 0x93DFB26: ??? (in /usr/lib64/libcrypto.so.3.5.0)
==47==    by 0x9432788: ??? (in /usr/lib64/libcrypto.so.3.5.0)
==47==    by 0x8E341AE: __pthread_once_slow (in /usr/lib64/libc.so.6)
==47==    by 0x9447E78: CRYPTO_THREAD_run_once (in /usr/lib64/libcrypto.so.3.5.0)
==47==    by 0x9432DC6: OPENSSL_init_crypto (in /usr/lib64/libcrypto.so.3.5.0)
==47==    by 0x940E759: ??? (in /usr/lib64/libcrypto.so.3.5.0)
==47==    by 0x51AF5F0: ncrypto::Cipher::FromNid(int) (ncrypto.cc:3173)
==47== 
==47== 24 bytes in 1 blocks are still reachable in loss record 120 of 361
==47==    at 0x4844784: malloc (in /usr/libexec/valgrind/vgpreload_memcheck-amd64-linux.so)
==47==    by 0x9433890: CRYPTO_malloc (in /usr/lib64/libcrypto.so.3.5.0)
==47==    by 0x9509458: OBJ_NAME_add (in /usr/lib64/libcrypto.so.3.5.0)
==47==    by 0x93DFB26: ??? (in /usr/lib64/libcrypto.so.3.5.0)
==47==    by 0x9432788: ??? (in /usr/lib64/libcrypto.so.3.5.0)
==47==    by 0x8E341AE: __pthread_once_slow (in /usr/lib64/libc.so.6)
==47==    by 0x9447E78: CRYPTO_THREAD_run_once (in /usr/lib64/libcrypto.so.3.5.0)
==47==    by 0x9432DC6: OPENSSL_init_crypto (in /usr/lib64/libcrypto.so.3.5.0)
==47==    by 0x940E759: ??? (in /usr/lib64/libcrypto.so.3.5.0)
==47==    by 0x51AF5F0: ncrypto::Cipher::FromNid(int) (ncrypto.cc:3173)
==47==    by 0x4CCAF6D: __static_initialization_and_destruction_0 (ncrypto.cc:3181)
==47==    by 0x4CCAF6D: _GLOBAL__sub_I_ncrypto.cc (ncrypto.cc:5046)
==47==    by 0x400459D: call_init (in /usr/lib64/ld-linux-x86-64.so.2)
==47== 
==47== 24 bytes in 1 blocks are still reachable in loss record 121 of 361
==47==    at 0x4844784: malloc (in /usr/libexec/valgrind/vgpreload_memcheck-amd64-linux.so)
==47==    by 0x9433890: CRYPTO_malloc (in /usr/lib64/libcrypto.so.3.5.0)
==47==    by 0x942C995: OPENSSL_LH_insert (in /usr/lib64/libcrypto.so.3.5.0)
==47==    by 0x95094A0: OBJ_NAME_add (in /usr/lib64/libcrypto.so.3.5.0)
==47==    by 0x940E63F: EVP_add_cipher (in /usr/lib64/libcrypto.so.3.5.0)
==47==    by 0x93DFB33: ??? (in /usr/lib64/libcrypto.so.3.5.0)
==47==    by 0x9432788: ??? (in /usr/lib64/libcrypto.so.3.5.0)
==47==    by 0x8E341AE: __pthread_once_slow (in /usr/lib64/libc.so.6)
==47==    by 0x9447E78: CRYPTO_THREAD_run_once (in /usr/lib64/libcrypto.so.3.5.0)
==47==    by 0x9432DC6: OPENSSL_init_crypto (in /usr/lib64/libcrypto.so.3.5.0)
==47==    by 0x940E759: ??? (in /usr/lib64/libcrypto.so.3.5.0)
==47==    by 0x51AF5F0: ncrypto::Cipher::FromNid(int) (ncrypto.cc:3173)
==47== 
==47== 24 bytes in 1 blocks are still reachable in loss record 122 of 361
==47==    at 0x4844784: malloc (in /usr/libexec/valgrind/vgpreload_memcheck-amd64-linux.so)
==47==    by 0x9433890: CRYPTO_malloc (in /usr/lib64/libcrypto.so.3.5.0)
==47==    by 0x9509458: OBJ_NAME_add (in /usr/lib64/libcrypto.so.3.5.0)
==47==    by 0x93DFB33: ??? (in /usr/lib64/libcrypto.so.3.5.0)
==47==    by 0x9432788: ??? (in /usr/lib64/libcrypto.so.3.5.0)
==47==    by 0x8E341AE: __pthread_once_slow (in /usr/lib64/libc.so.6)
==47==    by 0x9447E78: CRYPTO_THREAD_run_once (in /usr/lib64/libcrypto.so.3.5.0)
==47==    by 0x9432DC6: OPENSSL_init_crypto (in /usr/lib64/libcrypto.so.3.5.0)
==47==    by 0x940E759: ??? (in /usr/lib64/libcrypto.so.3.5.0)
==47==    by 0x51AF5F0: ncrypto::Cipher::FromNid(int) (ncrypto.cc:3173)
==47==    by 0x4CCAF6D: __static_initialization_and_destruction_0 (ncrypto.cc:3181)
==47==    by 0x4CCAF6D: _GLOBAL__sub_I_ncrypto.cc (ncrypto.cc:5046)
==47==    by 0x400459D: call_init (in /usr/lib64/ld-linux-x86-64.so.2)
==47== 
==47== 24 bytes in 1 blocks are still reachable in loss record 123 of 361
==47==    at 0x4844784: malloc (in /usr/libexec/valgrind/vgpreload_memcheck-amd64-linux.so)
==47==    by 0x9433890: CRYPTO_malloc (in /usr/lib64/libcrypto.so.3.5.0)
==47==    by 0x942C995: OPENSSL_LH_insert (in /usr/lib64/libcrypto.so.3.5.0)
==47==    by 0x95094A0: OBJ_NAME_add (in /usr/lib64/libcrypto.so.3.5.0)
==47==    by 0x940E63F: EVP_add_cipher (in /usr/lib64/libcrypto.so.3.5.0)
==47==    by 0x93DFB40: ??? (in /usr/lib64/libcrypto.so.3.5.0)
==47==    by 0x9432788: ??? (in /usr/lib64/libcrypto.so.3.5.0)
==47==    by 0x8E341AE: __pthread_once_slow (in /usr/lib64/libc.so.6)
==47==    by 0x9447E78: CRYPTO_THREAD_run_once (in /usr/lib64/libcrypto.so.3.5.0)
==47==    by 0x9432DC6: OPENSSL_init_crypto (in /usr/lib64/libcrypto.so.3.5.0)
==47==    by 0x940E759: ??? (in /usr/lib64/libcrypto.so.3.5.0)
==47==    by 0x51AF5F0: ncrypto::Cipher::FromNid(int) (ncrypto.cc:3173)
==47== 
==47== 24 bytes in 1 blocks are still reachable in loss record 124 of 361
==47==    at 0x4844784: malloc (in /usr/libexec/valgrind/vgpreload_memcheck-amd64-linux.so)
==47==    by 0x9433890: CRYPTO_malloc (in /usr/lib64/libcrypto.so.3.5.0)
==47==    by 0x9509458: OBJ_NAME_add (in /usr/lib64/libcrypto.so.3.5.0)
==47==    by 0x93DFB40: ??? (in /usr/lib64/libcrypto.so.3.5.0)
==47==    by 0x9432788: ??? (in /usr/lib64/libcrypto.so.3.5.0)
==47==    by 0x8E341AE: __pthread_once_slow (in /usr/lib64/libc.so.6)
==47==    by 0x9447E78: CRYPTO_THREAD_run_once (in /usr/lib64/libcrypto.so.3.5.0)
==47==    by 0x9432DC6: OPENSSL_init_crypto (in /usr/lib64/libcrypto.so.3.5.0)
==47==    by 0x940E759: ??? (in /usr/lib64/libcrypto.so.3.5.0)
==47==    by 0x51AF5F0: ncrypto::Cipher::FromNid(int) (ncrypto.cc:3173)
==47==    by 0x4CCAF6D: __static_initialization_and_destruction_0 (ncrypto.cc:3181)
==47==    by 0x4CCAF6D: _GLOBAL__sub_I_ncrypto.cc (ncrypto.cc:5046)
==47==    by 0x400459D: call_init (in /usr/lib64/ld-linux-x86-64.so.2)
==47== 
==47== 24 bytes in 1 blocks are still reachable in loss record 125 of 361
==47==    at 0x4844784: malloc (in /usr/libexec/valgrind/vgpreload_memcheck-amd64-linux.so)
==47==    by 0x9433890: CRYPTO_malloc (in /usr/lib64/libcrypto.so.3.5.0)
==47==    by 0x942C995: OPENSSL_LH_insert (in /usr/lib64/libcrypto.so.3.5.0)
==47==    by 0x95094A0: OBJ_NAME_add (in /usr/lib64/libcrypto.so.3.5.0)
==47==    by 0x940E63F: EVP_add_cipher (in /usr/lib64/libcrypto.so.3.5.0)
==47==    by 0x93DFB4D: ??? (in /usr/lib64/libcrypto.so.3.5.0)
==47==    by 0x9432788: ??? (in /usr/lib64/libcrypto.so.3.5.0)
==47==    by 0x8E341AE: __pthread_once_slow (in /usr/lib64/libc.so.6)
==47==    by 0x9447E78: CRYPTO_THREAD_run_once (in /usr/lib64/libcrypto.so.3.5.0)
==47==    by 0x9432DC6: OPENSSL_init_crypto (in /usr/lib64/libcrypto.so.3.5.0)
==47==    by 0x940E759: ??? (in /usr/lib64/libcrypto.so.3.5.0)
==47==    by 0x51AF5F0: ncrypto::Cipher::FromNid(int) (ncrypto.cc:3173)
==47== 
==47== 24 bytes in 1 blocks are still reachable in loss record 126 of 361
==47==    at 0x4844784: malloc (in /usr/libexec/valgrind/vgpreload_memcheck-amd64-linux.so)
==47==    by 0x9433890: CRYPTO_malloc (in /usr/lib64/libcrypto.so.3.5.0)
==47==    by 0x9509458: OBJ_NAME_add (in /usr/lib64/libcrypto.so.3.5.0)
==47==    by 0x93DFB4D: ??? (in /usr/lib64/libcrypto.so.3.5.0)
==47==    by 0x9432788: ??? (in /usr/lib64/libcrypto.so.3.5.0)
==47==    by 0x8E341AE: __pthread_once_slow (in /usr/lib64/libc.so.6)
==47==    by 0x9447E78: CRYPTO_THREAD_run_once (in /usr/lib64/libcrypto.so.3.5.0)
==47==    by 0x9432DC6: OPENSSL_init_crypto (in /usr/lib64/libcrypto.so.3.5.0)
==47==    by 0x940E759: ??? (in /usr/lib64/libcrypto.so.3.5.0)
==47==    by 0x51AF5F0: ncrypto::Cipher::FromNid(int) (ncrypto.cc:3173)
==47==    by 0x4CCAF6D: __static_initialization_and_destruction_0 (ncrypto.cc:3181)
==47==    by 0x4CCAF6D: _GLOBAL__sub_I_ncrypto.cc (ncrypto.cc:5046)
==47==    by 0x400459D: call_init (in /usr/lib64/ld-linux-x86-64.so.2)
==47== 
==47== 24 bytes in 1 blocks are still reachable in loss record 127 of 361
==47==    at 0x4844784: malloc (in /usr/libexec/valgrind/vgpreload_memcheck-amd64-linux.so)
==47==    by 0x9433890: CRYPTO_malloc (in /usr/lib64/libcrypto.so.3.5.0)
==47==    by 0x942C995: OPENSSL_LH_insert (in /usr/lib64/libcrypto.so.3.5.0)
==47==    by 0x95094A0: OBJ_NAME_add (in /usr/lib64/libcrypto.so.3.5.0)
==47==    by 0x93DFB61: ??? (in /usr/lib64/libcrypto.so.3.5.0)
==47==    by 0x9432788: ??? (in /usr/lib64/libcrypto.so.3.5.0)
==47==    by 0x8E341AE: __pthread_once_slow (in /usr/lib64/libc.so.6)
==47==    by 0x9447E78: CRYPTO_THREAD_run_once (in /usr/lib64/libcrypto.so.3.5.0)
==47==    by 0x9432DC6: OPENSSL_init_crypto (in /usr/lib64/libcrypto.so.3.5.0)
==47==    by 0x940E759: ??? (in /usr/lib64/libcrypto.so.3.5.0)
==47==    by 0x51AF5F0: ncrypto::Cipher::FromNid(int) (ncrypto.cc:3173)
==47==    by 0x4CCAF6D: __static_initialization_and_destruction_0 (ncrypto.cc:3181)
==47==    by 0x4CCAF6D: _GLOBAL__sub_I_ncrypto.cc (ncrypto.cc:5046)
==47== 
==47== 24 bytes in 1 blocks are still reachable in loss record 128 of 361
==47==    at 0x4844784: malloc (in /usr/libexec/valgrind/vgpreload_memcheck-amd64-linux.so)
==47==    by 0x9433890: CRYPTO_malloc (in /usr/lib64/libcrypto.so.3.5.0)
==47==    by 0x9509458: OBJ_NAME_add (in /usr/lib64/libcrypto.so.3.5.0)
==47==    by 0x93DFB75: ??? (in /usr/lib64/libcrypto.so.3.5.0)
==47==    by 0x9432788: ??? (in /usr/lib64/libcrypto.so.3.5.0)
==47==    by 0x8E341AE: __pthread_once_slow (in /usr/lib64/libc.so.6)
==47==    by 0x9447E78: CRYPTO_THREAD_run_once (in /usr/lib64/libcrypto.so.3.5.0)
==47==    by 0x9432DC6: OPENSSL_init_crypto (in /usr/lib64/libcrypto.so.3.5.0)
==47==    by 0x940E759: ??? (in /usr/lib64/libcrypto.so.3.5.0)
==47==    by 0x51AF5F0: ncrypto::Cipher::FromNid(int) (ncrypto.cc:3173)
==47==    by 0x4CCAF6D: __static_initialization_and_destruction_0 (ncrypto.cc:3181)
==47==    by 0x4CCAF6D: _GLOBAL__sub_I_ncrypto.cc (ncrypto.cc:5046)
==47==    by 0x400459D: call_init (in /usr/lib64/ld-linux-x86-64.so.2)
==47== 
==47== 24 bytes in 1 blocks are still reachable in loss record 129 of 361
==47==    at 0x4844784: malloc (in /usr/libexec/valgrind/vgpreload_memcheck-amd64-linux.so)
==47==    by 0x9433890: CRYPTO_malloc (in /usr/lib64/libcrypto.so.3.5.0)
==47==    by 0x942C995: OPENSSL_LH_insert (in /usr/lib64/libcrypto.so.3.5.0)
==47==    by 0x95094A0: OBJ_NAME_add (in /usr/lib64/libcrypto.so.3.5.0)
==47==    by 0x93DFB89: ??? (in /usr/lib64/libcrypto.so.3.5.0)
==47==    by 0x9432788: ??? (in /usr/lib64/libcrypto.so.3.5.0)
==47==    by 0x8E341AE: __pthread_once_slow (in /usr/lib64/libc.so.6)
==47==    by 0x9447E78: CRYPTO_THREAD_run_once (in /usr/lib64/libcrypto.so.3.5.0)
==47==    by 0x9432DC6: OPENSSL_init_crypto (in /usr/lib64/libcrypto.so.3.5.0)
==47==    by 0x940E759: ??? (in /usr/lib64/libcrypto.so.3.5.0)
==47==    by 0x51AF5F0: ncrypto::Cipher::FromNid(int) (ncrypto.cc:3173)
==47==    by 0x4CCAF6D: __static_initialization_and_destruction_0 (ncrypto.cc:3181)
==47==    by 0x4CCAF6D: _GLOBAL__sub_I_ncrypto.cc (ncrypto.cc:5046)
==47== 
==47== 24 bytes in 1 blocks are still reachable in loss record 130 of 361
==47==    at 0x4844784: malloc (in /usr/libexec/valgrind/vgpreload_memcheck-amd64-linux.so)
==47==    by 0x9433890: CRYPTO_malloc (in /usr/lib64/libcrypto.so.3.5.0)
==47==    by 0x9509458: OBJ_NAME_add (in /usr/lib64/libcrypto.so.3.5.0)
==47==    by 0x93DFB9D: ??? (in /usr/lib64/libcrypto.so.3.5.0)
==47==    by 0x9432788: ??? (in /usr/lib64/libcrypto.so.3.5.0)
==47==    by 0x8E341AE: __pthread_once_slow (in /usr/lib64/libc.so.6)
==47==    by 0x9447E78: CRYPTO_THREAD_run_once (in /usr/lib64/libcrypto.so.3.5.0)
==47==    by 0x9432DC6: OPENSSL_init_crypto (in /usr/lib64/libcrypto.so.3.5.0)
==47==    by 0x940E759: ??? (in /usr/lib64/libcrypto.so.3.5.0)
==47==    by 0x51AF5F0: ncrypto::Cipher::FromNid(int) (ncrypto.cc:3173)
==47==    by 0x4CCAF6D: __static_initialization_and_destruction_0 (ncrypto.cc:3181)
==47==    by 0x4CCAF6D: _GLOBAL__sub_I_ncrypto.cc (ncrypto.cc:5046)
==47==    by 0x400459D: call_init (in /usr/lib64/ld-linux-x86-64.so.2)
==47== 
==47== 24 bytes in 1 blocks are still reachable in loss record 131 of 361
==47==    at 0x4844784: malloc (in /usr/libexec/valgrind/vgpreload_memcheck-amd64-linux.so)
==47==    by 0x9433890: CRYPTO_malloc (in /usr/lib64/libcrypto.so.3.5.0)
==47==    by 0x942C995: OPENSSL_LH_insert (in /usr/lib64/libcrypto.so.3.5.0)
==47==    by 0x95094A0: OBJ_NAME_add (in /usr/lib64/libcrypto.so.3.5.0)
==47==    by 0x940E63F: EVP_add_cipher (in /usr/lib64/libcrypto.so.3.5.0)
==47==    by 0x93DFBB1: ??? (in /usr/lib64/libcrypto.so.3.5.0)
==47==    by 0x9432788: ??? (in /usr/lib64/libcrypto.so.3.5.0)
==47==    by 0x8E341AE: __pthread_once_slow (in /usr/lib64/libc.so.6)
==47==    by 0x9447E78: CRYPTO_THREAD_run_once (in /usr/lib64/libcrypto.so.3.5.0)
==47==    by 0x9432DC6: OPENSSL_init_crypto (in /usr/lib64/libcrypto.so.3.5.0)
==47==    by 0x940E759: ??? (in /usr/lib64/libcrypto.so.3.5.0)
==47==    by 0x51AF5F0: ncrypto::Cipher::FromNid(int) (ncrypto.cc:3173)
==47== 
==47== 24 bytes in 1 blocks are still reachable in loss record 132 of 361
==47==    at 0x4844784: malloc (in /usr/libexec/valgrind/vgpreload_memcheck-amd64-linux.so)
==47==    by 0x9433890: CRYPTO_malloc (in /usr/lib64/libcrypto.so.3.5.0)
==47==    by 0x9509458: OBJ_NAME_add (in /usr/lib64/libcrypto.so.3.5.0)
==47==    by 0x93DFBB1: ??? (in /usr/lib64/libcrypto.so.3.5.0)
==47==    by 0x9432788: ??? (in /usr/lib64/libcrypto.so.3.5.0)
==47==    by 0x8E341AE: __pthread_once_slow (in /usr/lib64/libc.so.6)
==47==    by 0x9447E78: CRYPTO_THREAD_run_once (in /usr/lib64/libcrypto.so.3.5.0)
==47==    by 0x9432DC6: OPENSSL_init_crypto (in /usr/lib64/libcrypto.so.3.5.0)
==47==    by 0x940E759: ??? (in /usr/lib64/libcrypto.so.3.5.0)
==47==    by 0x51AF5F0: ncrypto::Cipher::FromNid(int) (ncrypto.cc:3173)
==47==    by 0x4CCAF6D: __static_initialization_and_destruction_0 (ncrypto.cc:3181)
==47==    by 0x4CCAF6D: _GLOBAL__sub_I_ncrypto.cc (ncrypto.cc:5046)
==47==    by 0x400459D: call_init (in /usr/lib64/ld-linux-x86-64.so.2)
==47== 
==47== 24 bytes in 1 blocks are still reachable in loss record 133 of 361
==47==    at 0x4844784: malloc (in /usr/libexec/valgrind/vgpreload_memcheck-amd64-linux.so)
==47==    by 0x9433890: CRYPTO_malloc (in /usr/lib64/libcrypto.so.3.5.0)
==47==    by 0x942C995: OPENSSL_LH_insert (in /usr/lib64/libcrypto.so.3.5.0)
==47==    by 0x95094A0: OBJ_NAME_add (in /usr/lib64/libcrypto.so.3.5.0)
==47==    by 0x940E63F: EVP_add_cipher (in /usr/lib64/libcrypto.so.3.5.0)
==47==    by 0x93DFBBE: ??? (in /usr/lib64/libcrypto.so.3.5.0)
==47==    by 0x9432788: ??? (in /usr/lib64/libcrypto.so.3.5.0)
==47==    by 0x8E341AE: __pthread_once_slow (in /usr/lib64/libc.so.6)
==47==    by 0x9447E78: CRYPTO_THREAD_run_once (in /usr/lib64/libcrypto.so.3.5.0)
==47==    by 0x9432DC6: OPENSSL_init_crypto (in /usr/lib64/libcrypto.so.3.5.0)
==47==    by 0x940E759: ??? (in /usr/lib64/libcrypto.so.3.5.0)
==47==    by 0x51AF5F0: ncrypto::Cipher::FromNid(int) (ncrypto.cc:3173)
==47== 
==47== 24 bytes in 1 blocks are still reachable in loss record 134 of 361
==47==    at 0x4844784: malloc (in /usr/libexec/valgrind/vgpreload_memcheck-amd64-linux.so)
==47==    by 0x9433890: CRYPTO_malloc (in /usr/lib64/libcrypto.so.3.5.0)
==47==    by 0x9509458: OBJ_NAME_add (in /usr/lib64/libcrypto.so.3.5.0)
==47==    by 0x93DFBBE: ??? (in /usr/lib64/libcrypto.so.3.5.0)
==47==    by 0x9432788: ??? (in /usr/lib64/libcrypto.so.3.5.0)
==47==    by 0x8E341AE: __pthread_once_slow (in /usr/lib64/libc.so.6)
==47==    by 0x9447E78: CRYPTO_THREAD_run_once (in /usr/lib64/libcrypto.so.3.5.0)
==47==    by 0x9432DC6: OPENSSL_init_crypto (in /usr/lib64/libcrypto.so.3.5.0)
==47==    by 0x940E759: ??? (in /usr/lib64/libcrypto.so.3.5.0)
==47==    by 0x51AF5F0: ncrypto::Cipher::FromNid(int) (ncrypto.cc:3173)
==47==    by 0x4CCAF6D: __static_initialization_and_destruction_0 (ncrypto.cc:3181)
==47==    by 0x4CCAF6D: _GLOBAL__sub_I_ncrypto.cc (ncrypto.cc:5046)
==47==    by 0x400459D: call_init (in /usr/lib64/ld-linux-x86-64.so.2)
==47== 
==47== 24 bytes in 1 blocks are still reachable in loss record 135 of 361
==47==    at 0x4844784: malloc (in /usr/libexec/valgrind/vgpreload_memcheck-amd64-linux.so)
==47==    by 0x9433890: CRYPTO_malloc (in /usr/lib64/libcrypto.so.3.5.0)
==47==    by 0x942C995: OPENSSL_LH_insert (in /usr/lib64/libcrypto.so.3.5.0)
==47==    by 0x95094A0: OBJ_NAME_add (in /usr/lib64/libcrypto.so.3.5.0)
==47==    by 0x940E63F: EVP_add_cipher (in /usr/lib64/libcrypto.so.3.5.0)
==47==    by 0x93DFBCB: ??? (in /usr/lib64/libcrypto.so.3.5.0)
==47==    by 0x9432788: ??? (in /usr/lib64/libcrypto.so.3.5.0)
==47==    by 0x8E341AE: __pthread_once_slow (in /usr/lib64/libc.so.6)
==47==    by 0x9447E78: CRYPTO_THREAD_run_once (in /usr/lib64/libcrypto.so.3.5.0)
==47==    by 0x9432DC6: OPENSSL_init_crypto (in /usr/lib64/libcrypto.so.3.5.0)
==47==    by 0x940E759: ??? (in /usr/lib64/libcrypto.so.3.5.0)
==47==    by 0x51AF5F0: ncrypto::Cipher::FromNid(int) (ncrypto.cc:3173)
==47== 
==47== 24 bytes in 1 blocks are still reachable in loss record 136 of 361
==47==    at 0x4844784: malloc (in /usr/libexec/valgrind/vgpreload_memcheck-amd64-linux.so)
==47==    by 0x9433890: CRYPTO_malloc (in /usr/lib64/libcrypto.so.3.5.0)
==47==    by 0x9509458: OBJ_NAME_add (in /usr/lib64/libcrypto.so.3.5.0)
==47==    by 0x93DFBCB: ??? (in /usr/lib64/libcrypto.so.3.5.0)
==47==    by 0x9432788: ??? (in /usr/lib64/libcrypto.so.3.5.0)
==47==    by 0x8E341AE: __pthread_once_slow (in /usr/lib64/libc.so.6)
==47==    by 0x9447E78: CRYPTO_THREAD_run_once (in /usr/lib64/libcrypto.so.3.5.0)
==47==    by 0x9432DC6: OPENSSL_init_crypto (in /usr/lib64/libcrypto.so.3.5.0)
==47==    by 0x940E759: ??? (in /usr/lib64/libcrypto.so.3.5.0)
==47==    by 0x51AF5F0: ncrypto::Cipher::FromNid(int) (ncrypto.cc:3173)
==47==    by 0x4CCAF6D: __static_initialization_and_destruction_0 (ncrypto.cc:3181)
==47==    by 0x4CCAF6D: _GLOBAL__sub_I_ncrypto.cc (ncrypto.cc:5046)
==47==    by 0x400459D: call_init (in /usr/lib64/ld-linux-x86-64.so.2)
==47== 
==47== 24 bytes in 1 blocks are still reachable in loss record 137 of 361
==47==    at 0x4844784: malloc (in /usr/libexec/valgrind/vgpreload_memcheck-amd64-linux.so)
==47==    by 0x9433890: CRYPTO_malloc (in /usr/lib64/libcrypto.so.3.5.0)
==47==    by 0x942C995: OPENSSL_LH_insert (in /usr/lib64/libcrypto.so.3.5.0)
==47==    by 0x95094A0: OBJ_NAME_add (in /usr/lib64/libcrypto.so.3.5.0)
==47==    by 0x940E63F: EVP_add_cipher (in /usr/lib64/libcrypto.so.3.5.0)
==47==    by 0x93DFBD8: ??? (in /usr/lib64/libcrypto.so.3.5.0)
==47==    by 0x9432788: ??? (in /usr/lib64/libcrypto.so.3.5.0)
==47==    by 0x8E341AE: __pthread_once_slow (in /usr/lib64/libc.so.6)
==47==    by 0x9447E78: CRYPTO_THREAD_run_once (in /usr/lib64/libcrypto.so.3.5.0)
==47==    by 0x9432DC6: OPENSSL_init_crypto (in /usr/lib64/libcrypto.so.3.5.0)
==47==    by 0x940E759: ??? (in /usr/lib64/libcrypto.so.3.5.0)
==47==    by 0x51AF5F0: ncrypto::Cipher::FromNid(int) (ncrypto.cc:3173)
==47== 
==47== 24 bytes in 1 blocks are still reachable in loss record 138 of 361
==47==    at 0x4844784: malloc (in /usr/libexec/valgrind/vgpreload_memcheck-amd64-linux.so)
==47==    by 0x9433890: CRYPTO_malloc (in /usr/lib64/libcrypto.so.3.5.0)
==47==    by 0x9509458: OBJ_NAME_add (in /usr/lib64/libcrypto.so.3.5.0)
==47==    by 0x93DFBD8: ??? (in /usr/lib64/libcrypto.so.3.5.0)
==47==    by 0x9432788: ??? (in /usr/lib64/libcrypto.so.3.5.0)
==47==    by 0x8E341AE: __pthread_once_slow (in /usr/lib64/libc.so.6)
==47==    by 0x9447E78: CRYPTO_THREAD_run_once (in /usr/lib64/libcrypto.so.3.5.0)
==47==    by 0x9432DC6: OPENSSL_init_crypto (in /usr/lib64/libcrypto.so.3.5.0)
==47==    by 0x940E759: ??? (in /usr/lib64/libcrypto.so.3.5.0)
==47==    by 0x51AF5F0: ncrypto::Cipher::FromNid(int) (ncrypto.cc:3173)
==47==    by 0x4CCAF6D: __static_initialization_and_destruction_0 (ncrypto.cc:3181)
==47==    by 0x4CCAF6D: _GLOBAL__sub_I_ncrypto.cc (ncrypto.cc:5046)
==47==    by 0x400459D: call_init (in /usr/lib64/ld-linux-x86-64.so.2)
==47== 
==47== 24 bytes in 1 blocks are still reachable in loss record 139 of 361
==47==    at 0x4844784: malloc (in /usr/libexec/valgrind/vgpreload_memcheck-amd64-linux.so)
==47==    by 0x9433890: CRYPTO_malloc (in /usr/lib64/libcrypto.so.3.5.0)
==47==    by 0x942C995: OPENSSL_LH_insert (in /usr/lib64/libcrypto.so.3.5.0)
==47==    by 0x95094A0: OBJ_NAME_add (in /usr/lib64/libcrypto.so.3.5.0)
==47==    by 0x940E63F: EVP_add_cipher (in /usr/lib64/libcrypto.so.3.5.0)
==47==    by 0x93DFBE5: ??? (in /usr/lib64/libcrypto.so.3.5.0)
==47==    by 0x9432788: ??? (in /usr/lib64/libcrypto.so.3.5.0)
==47==    by 0x8E341AE: __pthread_once_slow (in /usr/lib64/libc.so.6)
==47==    by 0x9447E78: CRYPTO_THREAD_run_once (in /usr/lib64/libcrypto.so.3.5.0)
==47==    by 0x9432DC6: OPENSSL_init_crypto (in /usr/lib64/libcrypto.so.3.5.0)
==47==    by 0x940E759: ??? (in /usr/lib64/libcrypto.so.3.5.0)
==47==    by 0x51AF5F0: ncrypto::Cipher::FromNid(int) (ncrypto.cc:3173)
==47== 
==47== 24 bytes in 1 blocks are still reachable in loss record 140 of 361
==47==    at 0x4844784: malloc (in /usr/libexec/valgrind/vgpreload_memcheck-amd64-linux.so)
==47==    by 0x9433890: CRYPTO_malloc (in /usr/lib64/libcrypto.so.3.5.0)
==47==    by 0x9509458: OBJ_NAME_add (in /usr/lib64/libcrypto.so.3.5.0)
==47==    by 0x93DFBE5: ??? (in /usr/lib64/libcrypto.so.3.5.0)
==47==    by 0x9432788: ??? (in /usr/lib64/libcrypto.so.3.5.0)
==47==    by 0x8E341AE: __pthread_once_slow (in /usr/lib64/libc.so.6)
==47==    by 0x9447E78: CRYPTO_THREAD_run_once (in /usr/lib64/libcrypto.so.3.5.0)
==47==    by 0x9432DC6: OPENSSL_init_crypto (in /usr/lib64/libcrypto.so.3.5.0)
==47==    by 0x940E759: ??? (in /usr/lib64/libcrypto.so.3.5.0)
==47==    by 0x51AF5F0: ncrypto::Cipher::FromNid(int) (ncrypto.cc:3173)
==47==    by 0x4CCAF6D: __static_initialization_and_destruction_0 (ncrypto.cc:3181)
==47==    by 0x4CCAF6D: _GLOBAL__sub_I_ncrypto.cc (ncrypto.cc:5046)
==47==    by 0x400459D: call_init (in /usr/lib64/ld-linux-x86-64.so.2)
==47== 
==47== 24 bytes in 1 blocks are still reachable in loss record 141 of 361
==47==    at 0x4844784: malloc (in /usr/libexec/valgrind/vgpreload_memcheck-amd64-linux.so)
==47==    by 0x9433890: CRYPTO_malloc (in /usr/lib64/libcrypto.so.3.5.0)
==47==    by 0x942C995: OPENSSL_LH_insert (in /usr/lib64/libcrypto.so.3.5.0)
==47==    by 0x95094A0: OBJ_NAME_add (in /usr/lib64/libcrypto.so.3.5.0)
==47==    by 0x940E63F: EVP_add_cipher (in /usr/lib64/libcrypto.so.3.5.0)
==47==    by 0x93DFBF2: ??? (in /usr/lib64/libcrypto.so.3.5.0)
==47==    by 0x9432788: ??? (in /usr/lib64/libcrypto.so.3.5.0)
==47==    by 0x8E341AE: __pthread_once_slow (in /usr/lib64/libc.so.6)
==47==    by 0x9447E78: CRYPTO_THREAD_run_once (in /usr/lib64/libcrypto.so.3.5.0)
==47==    by 0x9432DC6: OPENSSL_init_crypto (in /usr/lib64/libcrypto.so.3.5.0)
==47==    by 0x940E759: ??? (in /usr/lib64/libcrypto.so.3.5.0)
==47==    by 0x51AF5F0: ncrypto::Cipher::FromNid(int) (ncrypto.cc:3173)
==47== 
==47== 24 bytes in 1 blocks are still reachable in loss record 142 of 361
==47==    at 0x4844784: malloc (in /usr/libexec/valgrind/vgpreload_memcheck-amd64-linux.so)
==47==    by 0x9433890: CRYPTO_malloc (in /usr/lib64/libcrypto.so.3.5.0)
==47==    by 0x9509458: OBJ_NAME_add (in /usr/lib64/libcrypto.so.3.5.0)
==47==    by 0x93DFBF2: ??? (in /usr/lib64/libcrypto.so.3.5.0)
==47==    by 0x9432788: ??? (in /usr/lib64/libcrypto.so.3.5.0)
==47==    by 0x8E341AE: __pthread_once_slow (in /usr/lib64/libc.so.6)
==47==    by 0x9447E78: CRYPTO_THREAD_run_once (in /usr/lib64/libcrypto.so.3.5.0)
==47==    by 0x9432DC6: OPENSSL_init_crypto (in /usr/lib64/libcrypto.so.3.5.0)
==47==    by 0x940E759: ??? (in /usr/lib64/libcrypto.so.3.5.0)
==47==    by 0x51AF5F0: ncrypto::Cipher::FromNid(int) (ncrypto.cc:3173)
==47==    by 0x4CCAF6D: __static_initialization_and_destruction_0 (ncrypto.cc:3181)
==47==    by 0x4CCAF6D: _GLOBAL__sub_I_ncrypto.cc (ncrypto.cc:5046)
==47==    by 0x400459D: call_init (in /usr/lib64/ld-linux-x86-64.so.2)
==47== 
==47== 24 bytes in 1 blocks are still reachable in loss record 143 of 361
==47==    at 0x4844784: malloc (in /usr/libexec/valgrind/vgpreload_memcheck-amd64-linux.so)
==47==    by 0x9433890: CRYPTO_malloc (in /usr/lib64/libcrypto.so.3.5.0)
==47==    by 0x942C995: OPENSSL_LH_insert (in /usr/lib64/libcrypto.so.3.5.0)
==47==    by 0x95094A0: OBJ_NAME_add (in /usr/lib64/libcrypto.so.3.5.0)
==47==    by 0x940E63F: EVP_add_cipher (in /usr/lib64/libcrypto.so.3.5.0)
==47==    by 0x93DFBFF: ??? (in /usr/lib64/libcrypto.so.3.5.0)
==47==    by 0x9432788: ??? (in /usr/lib64/libcrypto.so.3.5.0)
==47==    by 0x8E341AE: __pthread_once_slow (in /usr/lib64/libc.so.6)
==47==    by 0x9447E78: CRYPTO_THREAD_run_once (in /usr/lib64/libcrypto.so.3.5.0)
==47==    by 0x9432DC6: OPENSSL_init_crypto (in /usr/lib64/libcrypto.so.3.5.0)
==47==    by 0x940E759: ??? (in /usr/lib64/libcrypto.so.3.5.0)
==47==    by 0x51AF5F0: ncrypto::Cipher::FromNid(int) (ncrypto.cc:3173)
==47== 
==47== 24 bytes in 1 blocks are still reachable in loss record 144 of 361
==47==    at 0x4844784: malloc (in /usr/libexec/valgrind/vgpreload_memcheck-amd64-linux.so)
==47==    by 0x9433890: CRYPTO_malloc (in /usr/lib64/libcrypto.so.3.5.0)
==47==    by 0x9509458: OBJ_NAME_add (in /usr/lib64/libcrypto.so.3.5.0)
==47==    by 0x93DFBFF: ??? (in /usr/lib64/libcrypto.so.3.5.0)
==47==    by 0x9432788: ??? (in /usr/lib64/libcrypto.so.3.5.0)
==47==    by 0x8E341AE: __pthread_once_slow (in /usr/lib64/libc.so.6)
==47==    by 0x9447E78: CRYPTO_THREAD_run_once (in /usr/lib64/libcrypto.so.3.5.0)
==47==    by 0x9432DC6: OPENSSL_init_crypto (in /usr/lib64/libcrypto.so.3.5.0)
==47==    by 0x940E759: ??? (in /usr/lib64/libcrypto.so.3.5.0)
==47==    by 0x51AF5F0: ncrypto::Cipher::FromNid(int) (ncrypto.cc:3173)
==47==    by 0x4CCAF6D: __static_initialization_and_destruction_0 (ncrypto.cc:3181)
==47==    by 0x4CCAF6D: _GLOBAL__sub_I_ncrypto.cc (ncrypto.cc:5046)
==47==    by 0x400459D: call_init (in /usr/lib64/ld-linux-x86-64.so.2)
==47== 
==47== 24 bytes in 1 blocks are still reachable in loss record 145 of 361
==47==    at 0x4844784: malloc (in /usr/libexec/valgrind/vgpreload_memcheck-amd64-linux.so)
==47==    by 0x9433890: CRYPTO_malloc (in /usr/lib64/libcrypto.so.3.5.0)
==47==    by 0x9509458: OBJ_NAME_add (in /usr/lib64/libcrypto.so.3.5.0)
==47==    by 0x940E63F: EVP_add_cipher (in /usr/lib64/libcrypto.so.3.5.0)
==47==    by 0x93DFC0C: ??? (in /usr/lib64/libcrypto.so.3.5.0)
==47==    by 0x9432788: ??? (in /usr/lib64/libcrypto.so.3.5.0)
==47==    by 0x8E341AE: __pthread_once_slow (in /usr/lib64/libc.so.6)
==47==    by 0x9447E78: CRYPTO_THREAD_run_once (in /usr/lib64/libcrypto.so.3.5.0)
==47==    by 0x9432DC6: OPENSSL_init_crypto (in /usr/lib64/libcrypto.so.3.5.0)
==47==    by 0x940E759: ??? (in /usr/lib64/libcrypto.so.3.5.0)
==47==    by 0x51AF5F0: ncrypto::Cipher::FromNid(int) (ncrypto.cc:3173)
==47==    by 0x4CCAF6D: __static_initialization_and_destruction_0 (ncrypto.cc:3181)
==47==    by 0x4CCAF6D: _GLOBAL__sub_I_ncrypto.cc (ncrypto.cc:5046)
==47== 
==47== 24 bytes in 1 blocks are still reachable in loss record 146 of 361
==47==    at 0x4844784: malloc (in /usr/libexec/valgrind/vgpreload_memcheck-amd64-linux.so)
==47==    by 0x9433890: CRYPTO_malloc (in /usr/lib64/libcrypto.so.3.5.0)
==47==    by 0x942C995: OPENSSL_LH_insert (in /usr/lib64/libcrypto.so.3.5.0)
==47==    by 0x95094A0: OBJ_NAME_add (in /usr/lib64/libcrypto.so.3.5.0)
==47==    by 0x940E63F: EVP_add_cipher (in /usr/lib64/libcrypto.so.3.5.0)
==47==    by 0x93DFC0C: ??? (in /usr/lib64/libcrypto.so.3.5.0)
==47==    by 0x9432788: ??? (in /usr/lib64/libcrypto.so.3.5.0)
==47==    by 0x8E341AE: __pthread_once_slow (in /usr/lib64/libc.so.6)
==47==    by 0x9447E78: CRYPTO_THREAD_run_once (in /usr/lib64/libcrypto.so.3.5.0)
==47==    by 0x9432DC6: OPENSSL_init_crypto (in /usr/lib64/libcrypto.so.3.5.0)
==47==    by 0x940E759: ??? (in /usr/lib64/libcrypto.so.3.5.0)
==47==    by 0x51AF5F0: ncrypto::Cipher::FromNid(int) (ncrypto.cc:3173)
==47== 
==47== 24 bytes in 1 blocks are still reachable in loss record 147 of 361
==47==    at 0x4844784: malloc (in /usr/libexec/valgrind/vgpreload_memcheck-amd64-linux.so)
==47==    by 0x9433890: CRYPTO_malloc (in /usr/lib64/libcrypto.so.3.5.0)
==47==    by 0x9509458: OBJ_NAME_add (in /usr/lib64/libcrypto.so.3.5.0)
==47==    by 0x93DFC0C: ??? (in /usr/lib64/libcrypto.so.3.5.0)
==47==    by 0x9432788: ??? (in /usr/lib64/libcrypto.so.3.5.0)
==47==    by 0x8E341AE: __pthread_once_slow (in /usr/lib64/libc.so.6)
==47==    by 0x9447E78: CRYPTO_THREAD_run_once (in /usr/lib64/libcrypto.so.3.5.0)
==47==    by 0x9432DC6: OPENSSL_init_crypto (in /usr/lib64/libcrypto.so.3.5.0)
==47==    by 0x940E759: ??? (in /usr/lib64/libcrypto.so.3.5.0)
==47==    by 0x51AF5F0: ncrypto::Cipher::FromNid(int) (ncrypto.cc:3173)
==47==    by 0x4CCAF6D: __static_initialization_and_destruction_0 (ncrypto.cc:3181)
==47==    by 0x4CCAF6D: _GLOBAL__sub_I_ncrypto.cc (ncrypto.cc:5046)
==47==    by 0x400459D: call_init (in /usr/lib64/ld-linux-x86-64.so.2)
==47== 
==47== 24 bytes in 1 blocks are still reachable in loss record 148 of 361
==47==    at 0x4844784: malloc (in /usr/libexec/valgrind/vgpreload_memcheck-amd64-linux.so)
==47==    by 0x9433890: CRYPTO_malloc (in /usr/lib64/libcrypto.so.3.5.0)
==47==    by 0x942C995: OPENSSL_LH_insert (in /usr/lib64/libcrypto.so.3.5.0)
==47==    by 0x95094A0: OBJ_NAME_add (in /usr/lib64/libcrypto.so.3.5.0)
==47==    by 0x93DFC0C: ??? (in /usr/lib64/libcrypto.so.3.5.0)
==47==    by 0x9432788: ??? (in /usr/lib64/libcrypto.so.3.5.0)
==47==    by 0x8E341AE: __pthread_once_slow (in /usr/lib64/libc.so.6)
==47==    by 0x9447E78: CRYPTO_THREAD_run_once (in /usr/lib64/libcrypto.so.3.5.0)
==47==    by 0x9432DC6: OPENSSL_init_crypto (in /usr/lib64/libcrypto.so.3.5.0)
==47==    by 0x940E759: ??? (in /usr/lib64/libcrypto.so.3.5.0)
==47==    by 0x51AF5F0: ncrypto::Cipher::FromNid(int) (ncrypto.cc:3173)
==47==    by 0x4CCAF6D: __static_initialization_and_destruction_0 (ncrypto.cc:3181)
==47==    by 0x4CCAF6D: _GLOBAL__sub_I_ncrypto.cc (ncrypto.cc:5046)
==47== 
==47== 24 bytes in 1 blocks are still reachable in loss record 149 of 361
==47==    at 0x4844784: malloc (in /usr/libexec/valgrind/vgpreload_memcheck-amd64-linux.so)
==47==    by 0x9433890: CRYPTO_malloc (in /usr/lib64/libcrypto.so.3.5.0)
==47==    by 0x942C995: OPENSSL_LH_insert (in /usr/lib64/libcrypto.so.3.5.0)
==47==    by 0x95094A0: OBJ_NAME_add (in /usr/lib64/libcrypto.so.3.5.0)
==47==    by 0x940E63F: EVP_add_cipher (in /usr/lib64/libcrypto.so.3.5.0)
==47==    by 0x93DFC19: ??? (in /usr/lib64/libcrypto.so.3.5.0)
==47==    by 0x9432788: ??? (in /usr/lib64/libcrypto.so.3.5.0)
==47==    by 0x8E341AE: __pthread_once_slow (in /usr/lib64/libc.so.6)
==47==    by 0x9447E78: CRYPTO_THREAD_run_once (in /usr/lib64/libcrypto.so.3.5.0)
==47==    by 0x9432DC6: OPENSSL_init_crypto (in /usr/lib64/libcrypto.so.3.5.0)
==47==    by 0x940E759: ??? (in /usr/lib64/libcrypto.so.3.5.0)
==47==    by 0x51AF5F0: ncrypto::Cipher::FromNid(int) (ncrypto.cc:3173)
==47== 
==47== 24 bytes in 1 blocks are still reachable in loss record 150 of 361
==47==    at 0x4844784: malloc (in /usr/libexec/valgrind/vgpreload_memcheck-amd64-linux.so)
==47==    by 0x9433890: CRYPTO_malloc (in /usr/lib64/libcrypto.so.3.5.0)
==47==    by 0x9509458: OBJ_NAME_add (in /usr/lib64/libcrypto.so.3.5.0)
==47==    by 0x93DFC19: ??? (in /usr/lib64/libcrypto.so.3.5.0)
==47==    by 0x9432788: ??? (in /usr/lib64/libcrypto.so.3.5.0)
==47==    by 0x8E341AE: __pthread_once_slow (in /usr/lib64/libc.so.6)
==47==    by 0x9447E78: CRYPTO_THREAD_run_once (in /usr/lib64/libcrypto.so.3.5.0)
==47==    by 0x9432DC6: OPENSSL_init_crypto (in /usr/lib64/libcrypto.so.3.5.0)
==47==    by 0x940E759: ??? (in /usr/lib64/libcrypto.so.3.5.0)
==47==    by 0x51AF5F0: ncrypto::Cipher::FromNid(int) (ncrypto.cc:3173)
==47==    by 0x4CCAF6D: __static_initialization_and_destruction_0 (ncrypto.cc:3181)
==47==    by 0x4CCAF6D: _GLOBAL__sub_I_ncrypto.cc (ncrypto.cc:5046)
==47==    by 0x400459D: call_init (in /usr/lib64/ld-linux-x86-64.so.2)
==47== 
==47== 24 bytes in 1 blocks are still reachable in loss record 151 of 361
==47==    at 0x4844784: malloc (in /usr/libexec/valgrind/vgpreload_memcheck-amd64-linux.so)
==47==    by 0x9433890: CRYPTO_malloc (in /usr/lib64/libcrypto.so.3.5.0)
==47==    by 0x942C995: OPENSSL_LH_insert (in /usr/lib64/libcrypto.so.3.5.0)
==47==    by 0x95094A0: OBJ_NAME_add (in /usr/lib64/libcrypto.so.3.5.0)
==47==    by 0x940E63F: EVP_add_cipher (in /usr/lib64/libcrypto.so.3.5.0)
==47==    by 0x93DFC26: ??? (in /usr/lib64/libcrypto.so.3.5.0)
==47==    by 0x9432788: ??? (in /usr/lib64/libcrypto.so.3.5.0)
==47==    by 0x8E341AE: __pthread_once_slow (in /usr/lib64/libc.so.6)
==47==    by 0x9447E78: CRYPTO_THREAD_run_once (in /usr/lib64/libcrypto.so.3.5.0)
==47==    by 0x9432DC6: OPENSSL_init_crypto (in /usr/lib64/libcrypto.so.3.5.0)
==47==    by 0x940E759: ??? (in /usr/lib64/libcrypto.so.3.5.0)
==47==    by 0x51AF5F0: ncrypto::Cipher::FromNid(int) (ncrypto.cc:3173)
==47== 
==47== 24 bytes in 1 blocks are still reachable in loss record 152 of 361
==47==    at 0x4844784: malloc (in /usr/libexec/valgrind/vgpreload_memcheck-amd64-linux.so)
==47==    by 0x9433890: CRYPTO_malloc (in /usr/lib64/libcrypto.so.3.5.0)
==47==    by 0x9509458: OBJ_NAME_add (in /usr/lib64/libcrypto.so.3.5.0)
==47==    by 0x93DFC26: ??? (in /usr/lib64/libcrypto.so.3.5.0)
==47==    by 0x9432788: ??? (in /usr/lib64/libcrypto.so.3.5.0)
==47==    by 0x8E341AE: __pthread_once_slow (in /usr/lib64/libc.so.6)
==47==    by 0x9447E78: CRYPTO_THREAD_run_once (in /usr/lib64/libcrypto.so.3.5.0)
==47==    by 0x9432DC6: OPENSSL_init_crypto (in /usr/lib64/libcrypto.so.3.5.0)
==47==    by 0x940E759: ??? (in /usr/lib64/libcrypto.so.3.5.0)
==47==    by 0x51AF5F0: ncrypto::Cipher::FromNid(int) (ncrypto.cc:3173)
==47==    by 0x4CCAF6D: __static_initialization_and_destruction_0 (ncrypto.cc:3181)
==47==    by 0x4CCAF6D: _GLOBAL__sub_I_ncrypto.cc (ncrypto.cc:5046)
==47==    by 0x400459D: call_init (in /usr/lib64/ld-linux-x86-64.so.2)
==47== 
==47== 24 bytes in 1 blocks are still reachable in loss record 153 of 361
==47==    at 0x4844784: malloc (in /usr/libexec/valgrind/vgpreload_memcheck-amd64-linux.so)
==47==    by 0x9433890: CRYPTO_malloc (in /usr/lib64/libcrypto.so.3.5.0)
==47==    by 0x9509458: OBJ_NAME_add (in /usr/lib64/libcrypto.so.3.5.0)
==47==    by 0x940E63F: EVP_add_cipher (in /usr/lib64/libcrypto.so.3.5.0)
==47==    by 0x93DFC33: ??? (in /usr/lib64/libcrypto.so.3.5.0)
==47==    by 0x9432788: ??? (in /usr/lib64/libcrypto.so.3.5.0)
==47==    by 0x8E341AE: __pthread_once_slow (in /usr/lib64/libc.so.6)
==47==    by 0x9447E78: CRYPTO_THREAD_run_once (in /usr/lib64/libcrypto.so.3.5.0)
==47==    by 0x9432DC6: OPENSSL_init_crypto (in /usr/lib64/libcrypto.so.3.5.0)
==47==    by 0x940E759: ??? (in /usr/lib64/libcrypto.so.3.5.0)
==47==    by 0x51AF5F0: ncrypto::Cipher::FromNid(int) (ncrypto.cc:3173)
==47==    by 0x4CCAF6D: __static_initialization_and_destruction_0 (ncrypto.cc:3181)
==47==    by 0x4CCAF6D: _GLOBAL__sub_I_ncrypto.cc (ncrypto.cc:5046)
==47== 
==47== 24 bytes in 1 blocks are still reachable in loss record 154 of 361
==47==    at 0x4844784: malloc (in /usr/libexec/valgrind/vgpreload_memcheck-amd64-linux.so)
==47==    by 0x9433890: CRYPTO_malloc (in /usr/lib64/libcrypto.so.3.5.0)
==47==    by 0x942C995: OPENSSL_LH_insert (in /usr/lib64/libcrypto.so.3.5.0)
==47==    by 0x95094A0: OBJ_NAME_add (in /usr/lib64/libcrypto.so.3.5.0)
==47==    by 0x940E63F: EVP_add_cipher (in /usr/lib64/libcrypto.so.3.5.0)
==47==    by 0x93DFC33: ??? (in /usr/lib64/libcrypto.so.3.5.0)
==47==    by 0x9432788: ??? (in /usr/lib64/libcrypto.so.3.5.0)
==47==    by 0x8E341AE: __pthread_once_slow (in /usr/lib64/libc.so.6)
==47==    by 0x9447E78: CRYPTO_THREAD_run_once (in /usr/lib64/libcrypto.so.3.5.0)
==47==    by 0x9432DC6: OPENSSL_init_crypto (in /usr/lib64/libcrypto.so.3.5.0)
==47==    by 0x940E759: ??? (in /usr/lib64/libcrypto.so.3.5.0)
==47==    by 0x51AF5F0: ncrypto::Cipher::FromNid(int) (ncrypto.cc:3173)
==47== 
==47== 24 bytes in 1 blocks are still reachable in loss record 155 of 361
==47==    at 0x4844784: malloc (in /usr/libexec/valgrind/vgpreload_memcheck-amd64-linux.so)
==47==    by 0x9433890: CRYPTO_malloc (in /usr/lib64/libcrypto.so.3.5.0)
==47==    by 0x9509458: OBJ_NAME_add (in /usr/lib64/libcrypto.so.3.5.0)
==47==    by 0x93DFC33: ??? (in /usr/lib64/libcrypto.so.3.5.0)
==47==    by 0x9432788: ??? (in /usr/lib64/libcrypto.so.3.5.0)
==47==    by 0x8E341AE: __pthread_once_slow (in /usr/lib64/libc.so.6)
==47==    by 0x9447E78: CRYPTO_THREAD_run_once (in /usr/lib64/libcrypto.so.3.5.0)
==47==    by 0x9432DC6: OPENSSL_init_crypto (in /usr/lib64/libcrypto.so.3.5.0)
==47==    by 0x940E759: ??? (in /usr/lib64/libcrypto.so.3.5.0)
==47==    by 0x51AF5F0: ncrypto::Cipher::FromNid(int) (ncrypto.cc:3173)
==47==    by 0x4CCAF6D: __static_initialization_and_destruction_0 (ncrypto.cc:3181)
==47==    by 0x4CCAF6D: _GLOBAL__sub_I_ncrypto.cc (ncrypto.cc:5046)
==47==    by 0x400459D: call_init (in /usr/lib64/ld-linux-x86-64.so.2)
==47== 
==47== 24 bytes in 1 blocks are still reachable in loss record 156 of 361
==47==    at 0x4844784: malloc (in /usr/libexec/valgrind/vgpreload_memcheck-amd64-linux.so)
==47==    by 0x9433890: CRYPTO_malloc (in /usr/lib64/libcrypto.so.3.5.0)
==47==    by 0x942C995: OPENSSL_LH_insert (in /usr/lib64/libcrypto.so.3.5.0)
==47==    by 0x95094A0: OBJ_NAME_add (in /usr/lib64/libcrypto.so.3.5.0)
==47==    by 0x93DFC33: ??? (in /usr/lib64/libcrypto.so.3.5.0)
==47==    by 0x9432788: ??? (in /usr/lib64/libcrypto.so.3.5.0)
==47==    by 0x8E341AE: __pthread_once_slow (in /usr/lib64/libc.so.6)
==47==    by 0x9447E78: CRYPTO_THREAD_run_once (in /usr/lib64/libcrypto.so.3.5.0)
==47==    by 0x9432DC6: OPENSSL_init_crypto (in /usr/lib64/libcrypto.so.3.5.0)
==47==    by 0x940E759: ??? (in /usr/lib64/libcrypto.so.3.5.0)
==47==    by 0x51AF5F0: ncrypto::Cipher::FromNid(int) (ncrypto.cc:3173)
==47==    by 0x4CCAF6D: __static_initialization_and_destruction_0 (ncrypto.cc:3181)
==47==    by 0x4CCAF6D: _GLOBAL__sub_I_ncrypto.cc (ncrypto.cc:5046)
==47== 
==47== 24 bytes in 1 blocks are still reachable in loss record 157 of 361
==47==    at 0x4844784: malloc (in /usr/libexec/valgrind/vgpreload_memcheck-amd64-linux.so)
==47==    by 0x9433890: CRYPTO_malloc (in /usr/lib64/libcrypto.so.3.5.0)
==47==    by 0x942C995: OPENSSL_LH_insert (in /usr/lib64/libcrypto.so.3.5.0)
==47==    by 0x95094A0: OBJ_NAME_add (in /usr/lib64/libcrypto.so.3.5.0)
==47==    by 0x940E63F: EVP_add_cipher (in /usr/lib64/libcrypto.so.3.5.0)
==47==    by 0x93DFC40: ??? (in /usr/lib64/libcrypto.so.3.5.0)
==47==    by 0x9432788: ??? (in /usr/lib64/libcrypto.so.3.5.0)
==47==    by 0x8E341AE: __pthread_once_slow (in /usr/lib64/libc.so.6)
==47==    by 0x9447E78: CRYPTO_THREAD_run_once (in /usr/lib64/libcrypto.so.3.5.0)
==47==    by 0x9432DC6: OPENSSL_init_crypto (in /usr/lib64/libcrypto.so.3.5.0)
==47==    by 0x940E759: ??? (in /usr/lib64/libcrypto.so.3.5.0)
==47==    by 0x51AF5F0: ncrypto::Cipher::FromNid(int) (ncrypto.cc:3173)
==47== 
==47== 24 bytes in 1 blocks are still reachable in loss record 158 of 361
==47==    at 0x4844784: malloc (in /usr/libexec/valgrind/vgpreload_memcheck-amd64-linux.so)
==47==    by 0x9433890: CRYPTO_malloc (in /usr/lib64/libcrypto.so.3.5.0)
==47==    by 0x9509458: OBJ_NAME_add (in /usr/lib64/libcrypto.so.3.5.0)
==47==    by 0x93DFC40: ??? (in /usr/lib64/libcrypto.so.3.5.0)
==47==    by 0x9432788: ??? (in /usr/lib64/libcrypto.so.3.5.0)
==47==    by 0x8E341AE: __pthread_once_slow (in /usr/lib64/libc.so.6)
==47==    by 0x9447E78: CRYPTO_THREAD_run_once (in /usr/lib64/libcrypto.so.3.5.0)
==47==    by 0x9432DC6: OPENSSL_init_crypto (in /usr/lib64/libcrypto.so.3.5.0)
==47==    by 0x940E759: ??? (in /usr/lib64/libcrypto.so.3.5.0)
==47==    by 0x51AF5F0: ncrypto::Cipher::FromNid(int) (ncrypto.cc:3173)
==47==    by 0x4CCAF6D: __static_initialization_and_destruction_0 (ncrypto.cc:3181)
==47==    by 0x4CCAF6D: _GLOBAL__sub_I_ncrypto.cc (ncrypto.cc:5046)
==47==    by 0x400459D: call_init (in /usr/lib64/ld-linux-x86-64.so.2)
==47== 
==47== 24 bytes in 1 blocks are still reachable in loss record 159 of 361
==47==    at 0x4844784: malloc (in /usr/libexec/valgrind/vgpreload_memcheck-amd64-linux.so)
==47==    by 0x9433890: CRYPTO_malloc (in /usr/lib64/libcrypto.so.3.5.0)
==47==    by 0x9509458: OBJ_NAME_add (in /usr/lib64/libcrypto.so.3.5.0)
==47==    by 0x93DFC58: ??? (in /usr/lib64/libcrypto.so.3.5.0)
==47==    by 0x9432788: ??? (in /usr/lib64/libcrypto.so.3.5.0)
==47==    by 0x8E341AE: __pthread_once_slow (in /usr/lib64/libc.so.6)
==47==    by 0x9447E78: CRYPTO_THREAD_run_once (in /usr/lib64/libcrypto.so.3.5.0)
==47==    by 0x9432DC6: OPENSSL_init_crypto (in /usr/lib64/libcrypto.so.3.5.0)
==47==    by 0x940E759: ??? (in /usr/lib64/libcrypto.so.3.5.0)
==47==    by 0x51AF5F0: ncrypto::Cipher::FromNid(int) (ncrypto.cc:3173)
==47==    by 0x4CCAF6D: __static_initialization_and_destruction_0 (ncrypto.cc:3181)
==47==    by 0x4CCAF6D: _GLOBAL__sub_I_ncrypto.cc (ncrypto.cc:5046)
==47==    by 0x400459D: call_init (in /usr/lib64/ld-linux-x86-64.so.2)
==47== 
==47== 24 bytes in 1 blocks are still reachable in loss record 160 of 361
==47==    at 0x4844784: malloc (in /usr/libexec/valgrind/vgpreload_memcheck-amd64-linux.so)
==47==    by 0x9433890: CRYPTO_malloc (in /usr/lib64/libcrypto.so.3.5.0)
==47==    by 0x942C995: OPENSSL_LH_insert (in /usr/lib64/libcrypto.so.3.5.0)
==47==    by 0x95094A0: OBJ_NAME_add (in /usr/lib64/libcrypto.so.3.5.0)
==47==    by 0x93DFC58: ??? (in /usr/lib64/libcrypto.so.3.5.0)
==47==    by 0x9432788: ??? (in /usr/lib64/libcrypto.so.3.5.0)
==47==    by 0x8E341AE: __pthread_once_slow (in /usr/lib64/libc.so.6)
==47==    by 0x9447E78: CRYPTO_THREAD_run_once (in /usr/lib64/libcrypto.so.3.5.0)
==47==    by 0x9432DC6: OPENSSL_init_crypto (in /usr/lib64/libcrypto.so.3.5.0)
==47==    by 0x940E759: ??? (in /usr/lib64/libcrypto.so.3.5.0)
==47==    by 0x51AF5F0: ncrypto::Cipher::FromNid(int) (ncrypto.cc:3173)
==47==    by 0x4CCAF6D: __static_initialization_and_destruction_0 (ncrypto.cc:3181)
==47==    by 0x4CCAF6D: _GLOBAL__sub_I_ncrypto.cc (ncrypto.cc:5046)
==47== 
==47== 24 bytes in 1 blocks are still reachable in loss record 161 of 361
==47==    at 0x4844784: malloc (in /usr/libexec/valgrind/vgpreload_memcheck-amd64-linux.so)
==47==    by 0x9433890: CRYPTO_malloc (in /usr/lib64/libcrypto.so.3.5.0)
==47==    by 0x942C995: OPENSSL_LH_insert (in /usr/lib64/libcrypto.so.3.5.0)
==47==    by 0x95094A0: OBJ_NAME_add (in /usr/lib64/libcrypto.so.3.5.0)
==47==    by 0x940E63F: EVP_add_cipher (in /usr/lib64/libcrypto.so.3.5.0)
==47==    by 0x93DFC65: ??? (in /usr/lib64/libcrypto.so.3.5.0)
==47==    by 0x9432788: ??? (in /usr/lib64/libcrypto.so.3.5.0)
==47==    by 0x8E341AE: __pthread_once_slow (in /usr/lib64/libc.so.6)
==47==    by 0x9447E78: CRYPTO_THREAD_run_once (in /usr/lib64/libcrypto.so.3.5.0)
==47==    by 0x9432DC6: OPENSSL_init_crypto (in /usr/lib64/libcrypto.so.3.5.0)
==47==    by 0x940E759: ??? (in /usr/lib64/libcrypto.so.3.5.0)
==47==    by 0x51AF5F0: ncrypto::Cipher::FromNid(int) (ncrypto.cc:3173)
==47== 
==47== 24 bytes in 1 blocks are still reachable in loss record 162 of 361
==47==    at 0x4844784: malloc (in /usr/libexec/valgrind/vgpreload_memcheck-amd64-linux.so)
==47==    by 0x9433890: CRYPTO_malloc (in /usr/lib64/libcrypto.so.3.5.0)
==47==    by 0x9509458: OBJ_NAME_add (in /usr/lib64/libcrypto.so.3.5.0)
==47==    by 0x93DFC65: ??? (in /usr/lib64/libcrypto.so.3.5.0)
==47==    by 0x9432788: ??? (in /usr/lib64/libcrypto.so.3.5.0)
==47==    by 0x8E341AE: __pthread_once_slow (in /usr/lib64/libc.so.6)
==47==    by 0x9447E78: CRYPTO_THREAD_run_once (in /usr/lib64/libcrypto.so.3.5.0)
==47==    by 0x9432DC6: OPENSSL_init_crypto (in /usr/lib64/libcrypto.so.3.5.0)
==47==    by 0x940E759: ??? (in /usr/lib64/libcrypto.so.3.5.0)
==47==    by 0x51AF5F0: ncrypto::Cipher::FromNid(int) (ncrypto.cc:3173)
==47==    by 0x4CCAF6D: __static_initialization_and_destruction_0 (ncrypto.cc:3181)
==47==    by 0x4CCAF6D: _GLOBAL__sub_I_ncrypto.cc (ncrypto.cc:5046)
==47==    by 0x400459D: call_init (in /usr/lib64/ld-linux-x86-64.so.2)
==47== 
==47== 24 bytes in 1 blocks are still reachable in loss record 163 of 361
==47==    at 0x4844784: malloc (in /usr/libexec/valgrind/vgpreload_memcheck-amd64-linux.so)
==47==    by 0x9433890: CRYPTO_malloc (in /usr/lib64/libcrypto.so.3.5.0)
==47==    by 0x9509458: OBJ_NAME_add (in /usr/lib64/libcrypto.so.3.5.0)
==47==    by 0x93DFC7D: ??? (in /usr/lib64/libcrypto.so.3.5.0)
==47==    by 0x9432788: ??? (in /usr/lib64/libcrypto.so.3.5.0)
==47==    by 0x8E341AE: __pthread_once_slow (in /usr/lib64/libc.so.6)
==47==    by 0x9447E78: CRYPTO_THREAD_run_once (in /usr/lib64/libcrypto.so.3.5.0)
==47==    by 0x9432DC6: OPENSSL_init_crypto (in /usr/lib64/libcrypto.so.3.5.0)
==47==    by 0x940E759: ??? (in /usr/lib64/libcrypto.so.3.5.0)
==47==    by 0x51AF5F0: ncrypto::Cipher::FromNid(int) (ncrypto.cc:3173)
==47==    by 0x4CCAF6D: __static_initialization_and_destruction_0 (ncrypto.cc:3181)
==47==    by 0x4CCAF6D: _GLOBAL__sub_I_ncrypto.cc (ncrypto.cc:5046)
==47==    by 0x400459D: call_init (in /usr/lib64/ld-linux-x86-64.so.2)
==47== 
==47== 24 bytes in 1 blocks are still reachable in loss record 164 of 361
==47==    at 0x4844784: malloc (in /usr/libexec/valgrind/vgpreload_memcheck-amd64-linux.so)
==47==    by 0x9433890: CRYPTO_malloc (in /usr/lib64/libcrypto.so.3.5.0)
==47==    by 0x942C995: OPENSSL_LH_insert (in /usr/lib64/libcrypto.so.3.5.0)
==47==    by 0x95094A0: OBJ_NAME_add (in /usr/lib64/libcrypto.so.3.5.0)
==47==    by 0x93DFC7D: ??? (in /usr/lib64/libcrypto.so.3.5.0)
==47==    by 0x9432788: ??? (in /usr/lib64/libcrypto.so.3.5.0)
==47==    by 0x8E341AE: __pthread_once_slow (in /usr/lib64/libc.so.6)
==47==    by 0x9447E78: CRYPTO_THREAD_run_once (in /usr/lib64/libcrypto.so.3.5.0)
==47==    by 0x9432DC6: OPENSSL_init_crypto (in /usr/lib64/libcrypto.so.3.5.0)
==47==    by 0x940E759: ??? (in /usr/lib64/libcrypto.so.3.5.0)
==47==    by 0x51AF5F0: ncrypto::Cipher::FromNid(int) (ncrypto.cc:3173)
==47==    by 0x4CCAF6D: __static_initialization_and_destruction_0 (ncrypto.cc:3181)
==47==    by 0x4CCAF6D: _GLOBAL__sub_I_ncrypto.cc (ncrypto.cc:5046)
==47== 
==47== 24 bytes in 1 blocks are still reachable in loss record 165 of 361
==47==    at 0x4844784: malloc (in /usr/libexec/valgrind/vgpreload_memcheck-amd64-linux.so)
==47==    by 0x9433890: CRYPTO_malloc (in /usr/lib64/libcrypto.so.3.5.0)
==47==    by 0x942C995: OPENSSL_LH_insert (in /usr/lib64/libcrypto.so.3.5.0)
==47==    by 0x95094A0: OBJ_NAME_add (in /usr/lib64/libcrypto.so.3.5.0)
==47==    by 0x93DFC91: ??? (in /usr/lib64/libcrypto.so.3.5.0)
==47==    by 0x9432788: ??? (in /usr/lib64/libcrypto.so.3.5.0)
==47==    by 0x8E341AE: __pthread_once_slow (in /usr/lib64/libc.so.6)
==47==    by 0x9447E78: CRYPTO_THREAD_run_once (in /usr/lib64/libcrypto.so.3.5.0)
==47==    by 0x9432DC6: OPENSSL_init_crypto (in /usr/lib64/libcrypto.so.3.5.0)
==47==    by 0x940E759: ??? (in /usr/lib64/libcrypto.so.3.5.0)
==47==    by 0x51AF5F0: ncrypto::Cipher::FromNid(int) (ncrypto.cc:3173)
==47==    by 0x4CCAF6D: __static_initialization_and_destruction_0 (ncrypto.cc:3181)
==47==    by 0x4CCAF6D: _GLOBAL__sub_I_ncrypto.cc (ncrypto.cc:5046)
==47== 
==47== 24 bytes in 1 blocks are still reachable in loss record 166 of 361
==47==    at 0x4844784: malloc (in /usr/libexec/valgrind/vgpreload_memcheck-amd64-linux.so)
==47==    by 0x9433890: CRYPTO_malloc (in /usr/lib64/libcrypto.so.3.5.0)
==47==    by 0x9509458: OBJ_NAME_add (in /usr/lib64/libcrypto.so.3.5.0)
==47==    by 0x93DFCA5: ??? (in /usr/lib64/libcrypto.so.3.5.0)
==47==    by 0x9432788: ??? (in /usr/lib64/libcrypto.so.3.5.0)
==47==    by 0x8E341AE: __pthread_once_slow (in /usr/lib64/libc.so.6)
==47==    by 0x9447E78: CRYPTO_THREAD_run_once (in /usr/lib64/libcrypto.so.3.5.0)
==47==    by 0x9432DC6: OPENSSL_init_crypto (in /usr/lib64/libcrypto.so.3.5.0)
==47==    by 0x940E759: ??? (in /usr/lib64/libcrypto.so.3.5.0)
==47==    by 0x51AF5F0: ncrypto::Cipher::FromNid(int) (ncrypto.cc:3173)
==47==    by 0x4CCAF6D: __static_initialization_and_destruction_0 (ncrypto.cc:3181)
==47==    by 0x4CCAF6D: _GLOBAL__sub_I_ncrypto.cc (ncrypto.cc:5046)
==47==    by 0x400459D: call_init (in /usr/lib64/ld-linux-x86-64.so.2)
==47== 
==47== 24 bytes in 1 blocks are still reachable in loss record 167 of 361
==47==    at 0x4844784: malloc (in /usr/libexec/valgrind/vgpreload_memcheck-amd64-linux.so)
==47==    by 0x9433890: CRYPTO_malloc (in /usr/lib64/libcrypto.so.3.5.0)
==47==    by 0x942C995: OPENSSL_LH_insert (in /usr/lib64/libcrypto.so.3.5.0)
==47==    by 0x95094A0: OBJ_NAME_add (in /usr/lib64/libcrypto.so.3.5.0)
==47==    by 0x940E63F: EVP_add_cipher (in /usr/lib64/libcrypto.so.3.5.0)
==47==    by 0x93DFCB9: ??? (in /usr/lib64/libcrypto.so.3.5.0)
==47==    by 0x9432788: ??? (in /usr/lib64/libcrypto.so.3.5.0)
==47==    by 0x8E341AE: __pthread_once_slow (in /usr/lib64/libc.so.6)
==47==    by 0x9447E78: CRYPTO_THREAD_run_once (in /usr/lib64/libcrypto.so.3.5.0)
==47==    by 0x9432DC6: OPENSSL_init_crypto (in /usr/lib64/libcrypto.so.3.5.0)
==47==    by 0x940E759: ??? (in /usr/lib64/libcrypto.so.3.5.0)
==47==    by 0x51AF5F0: ncrypto::Cipher::FromNid(int) (ncrypto.cc:3173)
==47== 
==47== 24 bytes in 1 blocks are still reachable in loss record 168 of 361
==47==    at 0x4844784: malloc (in /usr/libexec/valgrind/vgpreload_memcheck-amd64-linux.so)
==47==    by 0x9433890: CRYPTO_malloc (in /usr/lib64/libcrypto.so.3.5.0)
==47==    by 0x9509458: OBJ_NAME_add (in /usr/lib64/libcrypto.so.3.5.0)
==47==    by 0x93DFCB9: ??? (in /usr/lib64/libcrypto.so.3.5.0)
==47==    by 0x9432788: ??? (in /usr/lib64/libcrypto.so.3.5.0)
==47==    by 0x8E341AE: __pthread_once_slow (in /usr/lib64/libc.so.6)
==47==    by 0x9447E78: CRYPTO_THREAD_run_once (in /usr/lib64/libcrypto.so.3.5.0)
==47==    by 0x9432DC6: OPENSSL_init_crypto (in /usr/lib64/libcrypto.so.3.5.0)
==47==    by 0x940E759: ??? (in /usr/lib64/libcrypto.so.3.5.0)
==47==    by 0x51AF5F0: ncrypto::Cipher::FromNid(int) (ncrypto.cc:3173)
==47==    by 0x4CCAF6D: __static_initialization_and_destruction_0 (ncrypto.cc:3181)
==47==    by 0x4CCAF6D: _GLOBAL__sub_I_ncrypto.cc (ncrypto.cc:5046)
==47==    by 0x400459D: call_init (in /usr/lib64/ld-linux-x86-64.so.2)
==47== 
==47== 24 bytes in 1 blocks are still reachable in loss record 169 of 361
==47==    at 0x4844784: malloc (in /usr/libexec/valgrind/vgpreload_memcheck-amd64-linux.so)
==47==    by 0x9433890: CRYPTO_malloc (in /usr/lib64/libcrypto.so.3.5.0)
==47==    by 0x942C995: OPENSSL_LH_insert (in /usr/lib64/libcrypto.so.3.5.0)
==47==    by 0x95094A0: OBJ_NAME_add (in /usr/lib64/libcrypto.so.3.5.0)
==47==    by 0x940E63F: EVP_add_cipher (in /usr/lib64/libcrypto.so.3.5.0)
==47==    by 0x93DFCC6: ??? (in /usr/lib64/libcrypto.so.3.5.0)
==47==    by 0x9432788: ??? (in /usr/lib64/libcrypto.so.3.5.0)
==47==    by 0x8E341AE: __pthread_once_slow (in /usr/lib64/libc.so.6)
==47==    by 0x9447E78: CRYPTO_THREAD_run_once (in /usr/lib64/libcrypto.so.3.5.0)
==47==    by 0x9432DC6: OPENSSL_init_crypto (in /usr/lib64/libcrypto.so.3.5.0)
==47==    by 0x940E759: ??? (in /usr/lib64/libcrypto.so.3.5.0)
==47==    by 0x51AF5F0: ncrypto::Cipher::FromNid(int) (ncrypto.cc:3173)
==47== 
==47== 24 bytes in 1 blocks are still reachable in loss record 170 of 361
==47==    at 0x4844784: malloc (in /usr/libexec/valgrind/vgpreload_memcheck-amd64-linux.so)
==47==    by 0x9433890: CRYPTO_malloc (in /usr/lib64/libcrypto.so.3.5.0)
==47==    by 0x9509458: OBJ_NAME_add (in /usr/lib64/libcrypto.so.3.5.0)
==47==    by 0x93DFCC6: ??? (in /usr/lib64/libcrypto.so.3.5.0)
==47==    by 0x9432788: ??? (in /usr/lib64/libcrypto.so.3.5.0)
==47==    by 0x8E341AE: __pthread_once_slow (in /usr/lib64/libc.so.6)
==47==    by 0x9447E78: CRYPTO_THREAD_run_once (in /usr/lib64/libcrypto.so.3.5.0)
==47==    by 0x9432DC6: OPENSSL_init_crypto (in /usr/lib64/libcrypto.so.3.5.0)
==47==    by 0x940E759: ??? (in /usr/lib64/libcrypto.so.3.5.0)
==47==    by 0x51AF5F0: ncrypto::Cipher::FromNid(int) (ncrypto.cc:3173)
==47==    by 0x4CCAF6D: __static_initialization_and_destruction_0 (ncrypto.cc:3181)
==47==    by 0x4CCAF6D: _GLOBAL__sub_I_ncrypto.cc (ncrypto.cc:5046)
==47==    by 0x400459D: call_init (in /usr/lib64/ld-linux-x86-64.so.2)
==47== 
==47== 24 bytes in 1 blocks are still reachable in loss record 171 of 361
==47==    at 0x4844784: malloc (in /usr/libexec/valgrind/vgpreload_memcheck-amd64-linux.so)
==47==    by 0x9433890: CRYPTO_malloc (in /usr/lib64/libcrypto.so.3.5.0)
==47==    by 0x942C995: OPENSSL_LH_insert (in /usr/lib64/libcrypto.so.3.5.0)
==47==    by 0x95094A0: OBJ_NAME_add (in /usr/lib64/libcrypto.so.3.5.0)
==47==    by 0x940E63F: EVP_add_cipher (in /usr/lib64/libcrypto.so.3.5.0)
==47==    by 0x93DFCD3: ??? (in /usr/lib64/libcrypto.so.3.5.0)
==47==    by 0x9432788: ??? (in /usr/lib64/libcrypto.so.3.5.0)
==47==    by 0x8E341AE: __pthread_once_slow (in /usr/lib64/libc.so.6)
==47==    by 0x9447E78: CRYPTO_THREAD_run_once (in /usr/lib64/libcrypto.so.3.5.0)
==47==    by 0x9432DC6: OPENSSL_init_crypto (in /usr/lib64/libcrypto.so.3.5.0)
==47==    by 0x940E759: ??? (in /usr/lib64/libcrypto.so.3.5.0)
==47==    by 0x51AF5F0: ncrypto::Cipher::FromNid(int) (ncrypto.cc:3173)
==47== 
==47== 24 bytes in 1 blocks are still reachable in loss record 172 of 361
==47==    at 0x4844784: malloc (in /usr/libexec/valgrind/vgpreload_memcheck-amd64-linux.so)
==47==    by 0x9433890: CRYPTO_malloc (in /usr/lib64/libcrypto.so.3.5.0)
==47==    by 0x9509458: OBJ_NAME_add (in /usr/lib64/libcrypto.so.3.5.0)
==47==    by 0x93DFCD3: ??? (in /usr/lib64/libcrypto.so.3.5.0)
==47==    by 0x9432788: ??? (in /usr/lib64/libcrypto.so.3.5.0)
==47==    by 0x8E341AE: __pthread_once_slow (in /usr/lib64/libc.so.6)
==47==    by 0x9447E78: CRYPTO_THREAD_run_once (in /usr/lib64/libcrypto.so.3.5.0)
==47==    by 0x9432DC6: OPENSSL_init_crypto (in /usr/lib64/libcrypto.so.3.5.0)
==47==    by 0x940E759: ??? (in /usr/lib64/libcrypto.so.3.5.0)
==47==    by 0x51AF5F0: ncrypto::Cipher::FromNid(int) (ncrypto.cc:3173)
==47==    by 0x4CCAF6D: __static_initialization_and_destruction_0 (ncrypto.cc:3181)
==47==    by 0x4CCAF6D: _GLOBAL__sub_I_ncrypto.cc (ncrypto.cc:5046)
==47==    by 0x400459D: call_init (in /usr/lib64/ld-linux-x86-64.so.2)
==47== 
==47== 24 bytes in 1 blocks are still reachable in loss record 173 of 361
==47==    at 0x4844784: malloc (in /usr/libexec/valgrind/vgpreload_memcheck-amd64-linux.so)
==47==    by 0x9433890: CRYPTO_malloc (in /usr/lib64/libcrypto.so.3.5.0)
==47==    by 0x942C995: OPENSSL_LH_insert (in /usr/lib64/libcrypto.so.3.5.0)
==47==    by 0x95094A0: OBJ_NAME_add (in /usr/lib64/libcrypto.so.3.5.0)
==47==    by 0x940E63F: EVP_add_cipher (in /usr/lib64/libcrypto.so.3.5.0)
==47==    by 0x93DFCE0: ??? (in /usr/lib64/libcrypto.so.3.5.0)
==47==    by 0x9432788: ??? (in /usr/lib64/libcrypto.so.3.5.0)
==47==    by 0x8E341AE: __pthread_once_slow (in /usr/lib64/libc.so.6)
==47==    by 0x9447E78: CRYPTO_THREAD_run_once (in /usr/lib64/libcrypto.so.3.5.0)
==47==    by 0x9432DC6: OPENSSL_init_crypto (in /usr/lib64/libcrypto.so.3.5.0)
==47==    by 0x940E759: ??? (in /usr/lib64/libcrypto.so.3.5.0)
==47==    by 0x51AF5F0: ncrypto::Cipher::FromNid(int) (ncrypto.cc:3173)
==47== 
==47== 24 bytes in 1 blocks are still reachable in loss record 174 of 361
==47==    at 0x4844784: malloc (in /usr/libexec/valgrind/vgpreload_memcheck-amd64-linux.so)
==47==    by 0x9433890: CRYPTO_malloc (in /usr/lib64/libcrypto.so.3.5.0)
==47==    by 0x9509458: OBJ_NAME_add (in /usr/lib64/libcrypto.so.3.5.0)
==47==    by 0x93DFCE0: ??? (in /usr/lib64/libcrypto.so.3.5.0)
==47==    by 0x9432788: ??? (in /usr/lib64/libcrypto.so.3.5.0)
==47==    by 0x8E341AE: __pthread_once_slow (in /usr/lib64/libc.so.6)
==47==    by 0x9447E78: CRYPTO_THREAD_run_once (in /usr/lib64/libcrypto.so.3.5.0)
==47==    by 0x9432DC6: OPENSSL_init_crypto (in /usr/lib64/libcrypto.so.3.5.0)
==47==    by 0x940E759: ??? (in /usr/lib64/libcrypto.so.3.5.0)
==47==    by 0x51AF5F0: ncrypto::Cipher::FromNid(int) (ncrypto.cc:3173)
==47==    by 0x4CCAF6D: __static_initialization_and_destruction_0 (ncrypto.cc:3181)
==47==    by 0x4CCAF6D: _GLOBAL__sub_I_ncrypto.cc (ncrypto.cc:5046)
==47==    by 0x400459D: call_init (in /usr/lib64/ld-linux-x86-64.so.2)
==47== 
==47== 24 bytes in 1 blocks are still reachable in loss record 175 of 361
==47==    at 0x4844784: malloc (in /usr/libexec/valgrind/vgpreload_memcheck-amd64-linux.so)
==47==    by 0x9433890: CRYPTO_malloc (in /usr/lib64/libcrypto.so.3.5.0)
==47==    by 0x942C995: OPENSSL_LH_insert (in /usr/lib64/libcrypto.so.3.5.0)
==47==    by 0x95094A0: OBJ_NAME_add (in /usr/lib64/libcrypto.so.3.5.0)
==47==    by 0x940E63F: EVP_add_cipher (in /usr/lib64/libcrypto.so.3.5.0)
==47==    by 0x93DFCED: ??? (in /usr/lib64/libcrypto.so.3.5.0)
==47==    by 0x9432788: ??? (in /usr/lib64/libcrypto.so.3.5.0)
==47==    by 0x8E341AE: __pthread_once_slow (in /usr/lib64/libc.so.6)
==47==    by 0x9447E78: CRYPTO_THREAD_run_once (in /usr/lib64/libcrypto.so.3.5.0)
==47==    by 0x9432DC6: OPENSSL_init_crypto (in /usr/lib64/libcrypto.so.3.5.0)
==47==    by 0x940E759: ??? (in /usr/lib64/libcrypto.so.3.5.0)
==47==    by 0x51AF5F0: ncrypto::Cipher::FromNid(int) (ncrypto.cc:3173)
==47== 
==47== 24 bytes in 1 blocks are still reachable in loss record 176 of 361
==47==    at 0x4844784: malloc (in /usr/libexec/valgrind/vgpreload_memcheck-amd64-linux.so)
==47==    by 0x9433890: CRYPTO_malloc (in /usr/lib64/libcrypto.so.3.5.0)
==47==    by 0x9509458: OBJ_NAME_add (in /usr/lib64/libcrypto.so.3.5.0)
==47==    by 0x93DFCED: ??? (in /usr/lib64/libcrypto.so.3.5.0)
==47==    by 0x9432788: ??? (in /usr/lib64/libcrypto.so.3.5.0)
==47==    by 0x8E341AE: __pthread_once_slow (in /usr/lib64/libc.so.6)
==47==    by 0x9447E78: CRYPTO_THREAD_run_once (in /usr/lib64/libcrypto.so.3.5.0)
==47==    by 0x9432DC6: OPENSSL_init_crypto (in /usr/lib64/libcrypto.so.3.5.0)
==47==    by 0x940E759: ??? (in /usr/lib64/libcrypto.so.3.5.0)
==47==    by 0x51AF5F0: ncrypto::Cipher::FromNid(int) (ncrypto.cc:3173)
==47==    by 0x4CCAF6D: __static_initialization_and_destruction_0 (ncrypto.cc:3181)
==47==    by 0x4CCAF6D: _GLOBAL__sub_I_ncrypto.cc (ncrypto.cc:5046)
==47==    by 0x400459D: call_init (in /usr/lib64/ld-linux-x86-64.so.2)
==47== 
==47== 24 bytes in 1 blocks are still reachable in loss record 177 of 361
==47==    at 0x4844784: malloc (in /usr/libexec/valgrind/vgpreload_memcheck-amd64-linux.so)
==47==    by 0x9433890: CRYPTO_malloc (in /usr/lib64/libcrypto.so.3.5.0)
==47==    by 0x942C995: OPENSSL_LH_insert (in /usr/lib64/libcrypto.so.3.5.0)
==47==    by 0x95094A0: OBJ_NAME_add (in /usr/lib64/libcrypto.so.3.5.0)
==47==    by 0x940E63F: EVP_add_cipher (in /usr/lib64/libcrypto.so.3.5.0)
==47==    by 0x93DFCFA: ??? (in /usr/lib64/libcrypto.so.3.5.0)
==47==    by 0x9432788: ??? (in /usr/lib64/libcrypto.so.3.5.0)
==47==    by 0x8E341AE: __pthread_once_slow (in /usr/lib64/libc.so.6)
==47==    by 0x9447E78: CRYPTO_THREAD_run_once (in /usr/lib64/libcrypto.so.3.5.0)
==47==    by 0x9432DC6: OPENSSL_init_crypto (in /usr/lib64/libcrypto.so.3.5.0)
==47==    by 0x940E759: ??? (in /usr/lib64/libcrypto.so.3.5.0)
==47==    by 0x51AF5F0: ncrypto::Cipher::FromNid(int) (ncrypto.cc:3173)
==47== 
==47== 24 bytes in 1 blocks are still reachable in loss record 178 of 361
==47==    at 0x4844784: malloc (in /usr/libexec/valgrind/vgpreload_memcheck-amd64-linux.so)
==47==    by 0x9433890: CRYPTO_malloc (in /usr/lib64/libcrypto.so.3.5.0)
==47==    by 0x9509458: OBJ_NAME_add (in /usr/lib64/libcrypto.so.3.5.0)
==47==    by 0x93DFCFA: ??? (in /usr/lib64/libcrypto.so.3.5.0)
==47==    by 0x9432788: ??? (in /usr/lib64/libcrypto.so.3.5.0)
==47==    by 0x8E341AE: __pthread_once_slow (in /usr/lib64/libc.so.6)
==47==    by 0x9447E78: CRYPTO_THREAD_run_once (in /usr/lib64/libcrypto.so.3.5.0)
==47==    by 0x9432DC6: OPENSSL_init_crypto (in /usr/lib64/libcrypto.so.3.5.0)
==47==    by 0x940E759: ??? (in /usr/lib64/libcrypto.so.3.5.0)
==47==    by 0x51AF5F0: ncrypto::Cipher::FromNid(int) (ncrypto.cc:3173)
==47==    by 0x4CCAF6D: __static_initialization_and_destruction_0 (ncrypto.cc:3181)
==47==    by 0x4CCAF6D: _GLOBAL__sub_I_ncrypto.cc (ncrypto.cc:5046)
==47==    by 0x400459D: call_init (in /usr/lib64/ld-linux-x86-64.so.2)
==47== 
==47== 24 bytes in 1 blocks are still reachable in loss record 179 of 361
==47==    at 0x4844784: malloc (in /usr/libexec/valgrind/vgpreload_memcheck-amd64-linux.so)
==47==    by 0x9433890: CRYPTO_malloc (in /usr/lib64/libcrypto.so.3.5.0)
==47==    by 0x942C995: OPENSSL_LH_insert (in /usr/lib64/libcrypto.so.3.5.0)
==47==    by 0x95094A0: OBJ_NAME_add (in /usr/lib64/libcrypto.so.3.5.0)
==47==    by 0x940E63F: EVP_add_cipher (in /usr/lib64/libcrypto.so.3.5.0)
==47==    by 0x93DFD07: ??? (in /usr/lib64/libcrypto.so.3.5.0)
==47==    by 0x9432788: ??? (in /usr/lib64/libcrypto.so.3.5.0)
==47==    by 0x8E341AE: __pthread_once_slow (in /usr/lib64/libc.so.6)
==47==    by 0x9447E78: CRYPTO_THREAD_run_once (in /usr/lib64/libcrypto.so.3.5.0)
==47==    by 0x9432DC6: OPENSSL_init_crypto (in /usr/lib64/libcrypto.so.3.5.0)
==47==    by 0x940E759: ??? (in /usr/lib64/libcrypto.so.3.5.0)
==47==    by 0x51AF5F0: ncrypto::Cipher::FromNid(int) (ncrypto.cc:3173)
==47== 
==47== 24 bytes in 1 blocks are still reachable in loss record 180 of 361
==47==    at 0x4844784: malloc (in /usr/libexec/valgrind/vgpreload_memcheck-amd64-linux.so)
==47==    by 0x9433890: CRYPTO_malloc (in /usr/lib64/libcrypto.so.3.5.0)
==47==    by 0x9509458: OBJ_NAME_add (in /usr/lib64/libcrypto.so.3.5.0)
==47==    by 0x93DFD07: ??? (in /usr/lib64/libcrypto.so.3.5.0)
==47==    by 0x9432788: ??? (in /usr/lib64/libcrypto.so.3.5.0)
==47==    by 0x8E341AE: __pthread_once_slow (in /usr/lib64/libc.so.6)
==47==    by 0x9447E78: CRYPTO_THREAD_run_once (in /usr/lib64/libcrypto.so.3.5.0)
==47==    by 0x9432DC6: OPENSSL_init_crypto (in /usr/lib64/libcrypto.so.3.5.0)
==47==    by 0x940E759: ??? (in /usr/lib64/libcrypto.so.3.5.0)
==47==    by 0x51AF5F0: ncrypto::Cipher::FromNid(int) (ncrypto.cc:3173)
==47==    by 0x4CCAF6D: __static_initialization_and_destruction_0 (ncrypto.cc:3181)
==47==    by 0x4CCAF6D: _GLOBAL__sub_I_ncrypto.cc (ncrypto.cc:5046)
==47==    by 0x400459D: call_init (in /usr/lib64/ld-linux-x86-64.so.2)
==47== 
==47== 24 bytes in 1 blocks are still reachable in loss record 181 of 361
==47==    at 0x4844784: malloc (in /usr/libexec/valgrind/vgpreload_memcheck-amd64-linux.so)
==47==    by 0x9433890: CRYPTO_malloc (in /usr/lib64/libcrypto.so.3.5.0)
==47==    by 0x9509458: OBJ_NAME_add (in /usr/lib64/libcrypto.so.3.5.0)
==47==    by 0x940E63F: EVP_add_cipher (in /usr/lib64/libcrypto.so.3.5.0)
==47==    by 0x93DFD14: ??? (in /usr/lib64/libcrypto.so.3.5.0)
==47==    by 0x9432788: ??? (in /usr/lib64/libcrypto.so.3.5.0)
==47==    by 0x8E341AE: __pthread_once_slow (in /usr/lib64/libc.so.6)
==47==    by 0x9447E78: CRYPTO_THREAD_run_once (in /usr/lib64/libcrypto.so.3.5.0)
==47==    by 0x9432DC6: OPENSSL_init_crypto (in /usr/lib64/libcrypto.so.3.5.0)
==47==    by 0x940E759: ??? (in /usr/lib64/libcrypto.so.3.5.0)
==47==    by 0x51AF5F0: ncrypto::Cipher::FromNid(int) (ncrypto.cc:3173)
==47==    by 0x4CCAF6D: __static_initialization_and_destruction_0 (ncrypto.cc:3181)
==47==    by 0x4CCAF6D: _GLOBAL__sub_I_ncrypto.cc (ncrypto.cc:5046)
==47== 
==47== 24 bytes in 1 blocks are still reachable in loss record 182 of 361
==47==    at 0x4844784: malloc (in /usr/libexec/valgrind/vgpreload_memcheck-amd64-linux.so)
==47==    by 0x9433890: CRYPTO_malloc (in /usr/lib64/libcrypto.so.3.5.0)
==47==    by 0x942C995: OPENSSL_LH_insert (in /usr/lib64/libcrypto.so.3.5.0)
==47==    by 0x95094A0: OBJ_NAME_add (in /usr/lib64/libcrypto.so.3.5.0)
==47==    by 0x940E63F: EVP_add_cipher (in /usr/lib64/libcrypto.so.3.5.0)
==47==    by 0x93DFD14: ??? (in /usr/lib64/libcrypto.so.3.5.0)
==47==    by 0x9432788: ??? (in /usr/lib64/libcrypto.so.3.5.0)
==47==    by 0x8E341AE: __pthread_once_slow (in /usr/lib64/libc.so.6)
==47==    by 0x9447E78: CRYPTO_THREAD_run_once (in /usr/lib64/libcrypto.so.3.5.0)
==47==    by 0x9432DC6: OPENSSL_init_crypto (in /usr/lib64/libcrypto.so.3.5.0)
==47==    by 0x940E759: ??? (in /usr/lib64/libcrypto.so.3.5.0)
==47==    by 0x51AF5F0: ncrypto::Cipher::FromNid(int) (ncrypto.cc:3173)
==47== 
==47== 24 bytes in 1 blocks are still reachable in loss record 183 of 361
==47==    at 0x4844784: malloc (in /usr/libexec/valgrind/vgpreload_memcheck-amd64-linux.so)
==47==    by 0x9433890: CRYPTO_malloc (in /usr/lib64/libcrypto.so.3.5.0)
==47==    by 0x9509458: OBJ_NAME_add (in /usr/lib64/libcrypto.so.3.5.0)
==47==    by 0x93DFD14: ??? (in /usr/lib64/libcrypto.so.3.5.0)
==47==    by 0x9432788: ??? (in /usr/lib64/libcrypto.so.3.5.0)
==47==    by 0x8E341AE: __pthread_once_slow (in /usr/lib64/libc.so.6)
==47==    by 0x9447E78: CRYPTO_THREAD_run_once (in /usr/lib64/libcrypto.so.3.5.0)
==47==    by 0x9432DC6: OPENSSL_init_crypto (in /usr/lib64/libcrypto.so.3.5.0)
==47==    by 0x940E759: ??? (in /usr/lib64/libcrypto.so.3.5.0)
==47==    by 0x51AF5F0: ncrypto::Cipher::FromNid(int) (ncrypto.cc:3173)
==47==    by 0x4CCAF6D: __static_initialization_and_destruction_0 (ncrypto.cc:3181)
==47==    by 0x4CCAF6D: _GLOBAL__sub_I_ncrypto.cc (ncrypto.cc:5046)
==47==    by 0x400459D: call_init (in /usr/lib64/ld-linux-x86-64.so.2)
==47== 
==47== 24 bytes in 1 blocks are still reachable in loss record 184 of 361
==47==    at 0x4844784: malloc (in /usr/libexec/valgrind/vgpreload_memcheck-amd64-linux.so)
==47==    by 0x9433890: CRYPTO_malloc (in /usr/lib64/libcrypto.so.3.5.0)
==47==    by 0x942C995: OPENSSL_LH_insert (in /usr/lib64/libcrypto.so.3.5.0)
==47==    by 0x95094A0: OBJ_NAME_add (in /usr/lib64/libcrypto.so.3.5.0)
==47==    by 0x93DFD14: ??? (in /usr/lib64/libcrypto.so.3.5.0)
==47==    by 0x9432788: ??? (in /usr/lib64/libcrypto.so.3.5.0)
==47==    by 0x8E341AE: __pthread_once_slow (in /usr/lib64/libc.so.6)
==47==    by 0x9447E78: CRYPTO_THREAD_run_once (in /usr/lib64/libcrypto.so.3.5.0)
==47==    by 0x9432DC6: OPENSSL_init_crypto (in /usr/lib64/libcrypto.so.3.5.0)
==47==    by 0x940E759: ??? (in /usr/lib64/libcrypto.so.3.5.0)
==47==    by 0x51AF5F0: ncrypto::Cipher::FromNid(int) (ncrypto.cc:3173)
==47==    by 0x4CCAF6D: __static_initialization_and_destruction_0 (ncrypto.cc:3181)
==47==    by 0x4CCAF6D: _GLOBAL__sub_I_ncrypto.cc (ncrypto.cc:5046)
==47== 
==47== 24 bytes in 1 blocks are still reachable in loss record 185 of 361
==47==    at 0x4844784: malloc (in /usr/libexec/valgrind/vgpreload_memcheck-amd64-linux.so)
==47==    by 0x9433890: CRYPTO_malloc (in /usr/lib64/libcrypto.so.3.5.0)
==47==    by 0x942C995: OPENSSL_LH_insert (in /usr/lib64/libcrypto.so.3.5.0)
==47==    by 0x95094A0: OBJ_NAME_add (in /usr/lib64/libcrypto.so.3.5.0)
==47==    by 0x940E63F: EVP_add_cipher (in /usr/lib64/libcrypto.so.3.5.0)
==47==    by 0x93DFD21: ??? (in /usr/lib64/libcrypto.so.3.5.0)
==47==    by 0x9432788: ??? (in /usr/lib64/libcrypto.so.3.5.0)
==47==    by 0x8E341AE: __pthread_once_slow (in /usr/lib64/libc.so.6)
==47==    by 0x9447E78: CRYPTO_THREAD_run_once (in /usr/lib64/libcrypto.so.3.5.0)
==47==    by 0x9432DC6: OPENSSL_init_crypto (in /usr/lib64/libcrypto.so.3.5.0)
==47==    by 0x940E759: ??? (in /usr/lib64/libcrypto.so.3.5.0)
==47==    by 0x51AF5F0: ncrypto::Cipher::FromNid(int) (ncrypto.cc:3173)
==47== 
==47== 24 bytes in 1 blocks are still reachable in loss record 186 of 361
==47==    at 0x4844784: malloc (in /usr/libexec/valgrind/vgpreload_memcheck-amd64-linux.so)
==47==    by 0x9433890: CRYPTO_malloc (in /usr/lib64/libcrypto.so.3.5.0)
==47==    by 0x9509458: OBJ_NAME_add (in /usr/lib64/libcrypto.so.3.5.0)
==47==    by 0x93DFD21: ??? (in /usr/lib64/libcrypto.so.3.5.0)
==47==    by 0x9432788: ??? (in /usr/lib64/libcrypto.so.3.5.0)
==47==    by 0x8E341AE: __pthread_once_slow (in /usr/lib64/libc.so.6)
==47==    by 0x9447E78: CRYPTO_THREAD_run_once (in /usr/lib64/libcrypto.so.3.5.0)
==47==    by 0x9432DC6: OPENSSL_init_crypto (in /usr/lib64/libcrypto.so.3.5.0)
==47==    by 0x940E759: ??? (in /usr/lib64/libcrypto.so.3.5.0)
==47==    by 0x51AF5F0: ncrypto::Cipher::FromNid(int) (ncrypto.cc:3173)
==47==    by 0x4CCAF6D: __static_initialization_and_destruction_0 (ncrypto.cc:3181)
==47==    by 0x4CCAF6D: _GLOBAL__sub_I_ncrypto.cc (ncrypto.cc:5046)
==47==    by 0x400459D: call_init (in /usr/lib64/ld-linux-x86-64.so.2)
==47== 
==47== 24 bytes in 1 blocks are still reachable in loss record 187 of 361
==47==    at 0x4844784: malloc (in /usr/libexec/valgrind/vgpreload_memcheck-amd64-linux.so)
==47==    by 0x9433890: CRYPTO_malloc (in /usr/lib64/libcrypto.so.3.5.0)
==47==    by 0x9509458: OBJ_NAME_add (in /usr/lib64/libcrypto.so.3.5.0)
==47==    by 0x940E63F: EVP_add_cipher (in /usr/lib64/libcrypto.so.3.5.0)
==47==    by 0x93DFD2E: ??? (in /usr/lib64/libcrypto.so.3.5.0)
==47==    by 0x9432788: ??? (in /usr/lib64/libcrypto.so.3.5.0)
==47==    by 0x8E341AE: __pthread_once_slow (in /usr/lib64/libc.so.6)
==47==    by 0x9447E78: CRYPTO_THREAD_run_once (in /usr/lib64/libcrypto.so.3.5.0)
==47==    by 0x9432DC6: OPENSSL_init_crypto (in /usr/lib64/libcrypto.so.3.5.0)
==47==    by 0x940E759: ??? (in /usr/lib64/libcrypto.so.3.5.0)
==47==    by 0x51AF5F0: ncrypto::Cipher::FromNid(int) (ncrypto.cc:3173)
==47==    by 0x4CCAF6D: __static_initialization_and_destruction_0 (ncrypto.cc:3181)
==47==    by 0x4CCAF6D: _GLOBAL__sub_I_ncrypto.cc (ncrypto.cc:5046)
==47== 
==47== 24 bytes in 1 blocks are still reachable in loss record 188 of 361
==47==    at 0x4844784: malloc (in /usr/libexec/valgrind/vgpreload_memcheck-amd64-linux.so)
==47==    by 0x9433890: CRYPTO_malloc (in /usr/lib64/libcrypto.so.3.5.0)
==47==    by 0x942C995: OPENSSL_LH_insert (in /usr/lib64/libcrypto.so.3.5.0)
==47==    by 0x95094A0: OBJ_NAME_add (in /usr/lib64/libcrypto.so.3.5.0)
==47==    by 0x940E63F: EVP_add_cipher (in /usr/lib64/libcrypto.so.3.5.0)
==47==    by 0x93DFD2E: ??? (in /usr/lib64/libcrypto.so.3.5.0)
==47==    by 0x9432788: ??? (in /usr/lib64/libcrypto.so.3.5.0)
==47==    by 0x8E341AE: __pthread_once_slow (in /usr/lib64/libc.so.6)
==47==    by 0x9447E78: CRYPTO_THREAD_run_once (in /usr/lib64/libcrypto.so.3.5.0)
==47==    by 0x9432DC6: OPENSSL_init_crypto (in /usr/lib64/libcrypto.so.3.5.0)
==47==    by 0x940E759: ??? (in /usr/lib64/libcrypto.so.3.5.0)
==47==    by 0x51AF5F0: ncrypto::Cipher::FromNid(int) (ncrypto.cc:3173)
==47== 
==47== 24 bytes in 1 blocks are still reachable in loss record 189 of 361
==47==    at 0x4844784: malloc (in /usr/libexec/valgrind/vgpreload_memcheck-amd64-linux.so)
==47==    by 0x9433890: CRYPTO_malloc (in /usr/lib64/libcrypto.so.3.5.0)
==47==    by 0x9509458: OBJ_NAME_add (in /usr/lib64/libcrypto.so.3.5.0)
==47==    by 0x93DFD2E: ??? (in /usr/lib64/libcrypto.so.3.5.0)
==47==    by 0x9432788: ??? (in /usr/lib64/libcrypto.so.3.5.0)
==47==    by 0x8E341AE: __pthread_once_slow (in /usr/lib64/libc.so.6)
==47==    by 0x9447E78: CRYPTO_THREAD_run_once (in /usr/lib64/libcrypto.so.3.5.0)
==47==    by 0x9432DC6: OPENSSL_init_crypto (in /usr/lib64/libcrypto.so.3.5.0)
==47==    by 0x940E759: ??? (in /usr/lib64/libcrypto.so.3.5.0)
==47==    by 0x51AF5F0: ncrypto::Cipher::FromNid(int) (ncrypto.cc:3173)
==47==    by 0x4CCAF6D: __static_initialization_and_destruction_0 (ncrypto.cc:3181)
==47==    by 0x4CCAF6D: _GLOBAL__sub_I_ncrypto.cc (ncrypto.cc:5046)
==47==    by 0x400459D: call_init (in /usr/lib64/ld-linux-x86-64.so.2)
==47== 
==47== 24 bytes in 1 blocks are still reachable in loss record 190 of 361
==47==    at 0x4844784: malloc (in /usr/libexec/valgrind/vgpreload_memcheck-amd64-linux.so)
==47==    by 0x9433890: CRYPTO_malloc (in /usr/lib64/libcrypto.so.3.5.0)
==47==    by 0x942C995: OPENSSL_LH_insert (in /usr/lib64/libcrypto.so.3.5.0)
==47==    by 0x95094A0: OBJ_NAME_add (in /usr/lib64/libcrypto.so.3.5.0)
==47==    by 0x93DFD2E: ??? (in /usr/lib64/libcrypto.so.3.5.0)
==47==    by 0x9432788: ??? (in /usr/lib64/libcrypto.so.3.5.0)
==47==    by 0x8E341AE: __pthread_once_slow (in /usr/lib64/libc.so.6)
==47==    by 0x9447E78: CRYPTO_THREAD_run_once (in /usr/lib64/libcrypto.so.3.5.0)
==47==    by 0x9432DC6: OPENSSL_init_crypto (in /usr/lib64/libcrypto.so.3.5.0)
==47==    by 0x940E759: ??? (in /usr/lib64/libcrypto.so.3.5.0)
==47==    by 0x51AF5F0: ncrypto::Cipher::FromNid(int) (ncrypto.cc:3173)
==47==    by 0x4CCAF6D: __static_initialization_and_destruction_0 (ncrypto.cc:3181)
==47==    by 0x4CCAF6D: _GLOBAL__sub_I_ncrypto.cc (ncrypto.cc:5046)
==47== 
==47== 24 bytes in 1 blocks are still reachable in loss record 191 of 361
==47==    at 0x4844784: malloc (in /usr/libexec/valgrind/vgpreload_memcheck-amd64-linux.so)
==47==    by 0x9433890: CRYPTO_malloc (in /usr/lib64/libcrypto.so.3.5.0)
==47==    by 0x942C995: OPENSSL_LH_insert (in /usr/lib64/libcrypto.so.3.5.0)
==47==    by 0x95094A0: OBJ_NAME_add (in /usr/lib64/libcrypto.so.3.5.0)
==47==    by 0x940E63F: EVP_add_cipher (in /usr/lib64/libcrypto.so.3.5.0)
==47==    by 0x93DFD3B: ??? (in /usr/lib64/libcrypto.so.3.5.0)
==47==    by 0x9432788: ??? (in /usr/lib64/libcrypto.so.3.5.0)
==47==    by 0x8E341AE: __pthread_once_slow (in /usr/lib64/libc.so.6)
==47==    by 0x9447E78: CRYPTO_THREAD_run_once (in /usr/lib64/libcrypto.so.3.5.0)
==47==    by 0x9432DC6: OPENSSL_init_crypto (in /usr/lib64/libcrypto.so.3.5.0)
==47==    by 0x940E759: ??? (in /usr/lib64/libcrypto.so.3.5.0)
==47==    by 0x51AF5F0: ncrypto::Cipher::FromNid(int) (ncrypto.cc:3173)
==47== 
==47== 24 bytes in 1 blocks are still reachable in loss record 192 of 361
==47==    at 0x4844784: malloc (in /usr/libexec/valgrind/vgpreload_memcheck-amd64-linux.so)
==47==    by 0x9433890: CRYPTO_malloc (in /usr/lib64/libcrypto.so.3.5.0)
==47==    by 0x9509458: OBJ_NAME_add (in /usr/lib64/libcrypto.so.3.5.0)
==47==    by 0x93DFD3B: ??? (in /usr/lib64/libcrypto.so.3.5.0)
==47==    by 0x9432788: ??? (in /usr/lib64/libcrypto.so.3.5.0)
==47==    by 0x8E341AE: __pthread_once_slow (in /usr/lib64/libc.so.6)
==47==    by 0x9447E78: CRYPTO_THREAD_run_once (in /usr/lib64/libcrypto.so.3.5.0)
==47==    by 0x9432DC6: OPENSSL_init_crypto (in /usr/lib64/libcrypto.so.3.5.0)
==47==    by 0x940E759: ??? (in /usr/lib64/libcrypto.so.3.5.0)
==47==    by 0x51AF5F0: ncrypto::Cipher::FromNid(int) (ncrypto.cc:3173)
==47==    by 0x4CCAF6D: __static_initialization_and_destruction_0 (ncrypto.cc:3181)
==47==    by 0x4CCAF6D: _GLOBAL__sub_I_ncrypto.cc (ncrypto.cc:5046)
==47==    by 0x400459D: call_init (in /usr/lib64/ld-linux-x86-64.so.2)
==47== 
==47== 24 bytes in 1 blocks are still reachable in loss record 193 of 361
==47==    at 0x4844784: malloc (in /usr/libexec/valgrind/vgpreload_memcheck-amd64-linux.so)
==47==    by 0x9433890: CRYPTO_malloc (in /usr/lib64/libcrypto.so.3.5.0)
==47==    by 0x9509458: OBJ_NAME_add (in /usr/lib64/libcrypto.so.3.5.0)
==47==    by 0x93DFD53: ??? (in /usr/lib64/libcrypto.so.3.5.0)
==47==    by 0x9432788: ??? (in /usr/lib64/libcrypto.so.3.5.0)
==47==    by 0x8E341AE: __pthread_once_slow (in /usr/lib64/libc.so.6)
==47==    by 0x9447E78: CRYPTO_THREAD_run_once (in /usr/lib64/libcrypto.so.3.5.0)
==47==    by 0x9432DC6: OPENSSL_init_crypto (in /usr/lib64/libcrypto.so.3.5.0)
==47==    by 0x940E759: ??? (in /usr/lib64/libcrypto.so.3.5.0)
==47==    by 0x51AF5F0: ncrypto::Cipher::FromNid(int) (ncrypto.cc:3173)
==47==    by 0x4CCAF6D: __static_initialization_and_destruction_0 (ncrypto.cc:3181)
==47==    by 0x4CCAF6D: _GLOBAL__sub_I_ncrypto.cc (ncrypto.cc:5046)
==47==    by 0x400459D: call_init (in /usr/lib64/ld-linux-x86-64.so.2)
==47== 
==47== 24 bytes in 1 blocks are still reachable in loss record 194 of 361
==47==    at 0x4844784: malloc (in /usr/libexec/valgrind/vgpreload_memcheck-amd64-linux.so)
==47==    by 0x9433890: CRYPTO_malloc (in /usr/lib64/libcrypto.so.3.5.0)
==47==    by 0x942C995: OPENSSL_LH_insert (in /usr/lib64/libcrypto.so.3.5.0)
==47==    by 0x95094A0: OBJ_NAME_add (in /usr/lib64/libcrypto.so.3.5.0)
==47==    by 0x93DFD53: ??? (in /usr/lib64/libcrypto.so.3.5.0)
==47==    by 0x9432788: ??? (in /usr/lib64/libcrypto.so.3.5.0)
==47==    by 0x8E341AE: __pthread_once_slow (in /usr/lib64/libc.so.6)
==47==    by 0x9447E78: CRYPTO_THREAD_run_once (in /usr/lib64/libcrypto.so.3.5.0)
==47==    by 0x9432DC6: OPENSSL_init_crypto (in /usr/lib64/libcrypto.so.3.5.0)
==47==    by 0x940E759: ??? (in /usr/lib64/libcrypto.so.3.5.0)
==47==    by 0x51AF5F0: ncrypto::Cipher::FromNid(int) (ncrypto.cc:3173)
==47==    by 0x4CCAF6D: __static_initialization_and_destruction_0 (ncrypto.cc:3181)
==47==    by 0x4CCAF6D: _GLOBAL__sub_I_ncrypto.cc (ncrypto.cc:5046)
==47== 
==47== 24 bytes in 1 blocks are still reachable in loss record 195 of 361
==47==    at 0x4844784: malloc (in /usr/libexec/valgrind/vgpreload_memcheck-amd64-linux.so)
==47==    by 0x9433890: CRYPTO_malloc (in /usr/lib64/libcrypto.so.3.5.0)
==47==    by 0x942C995: OPENSSL_LH_insert (in /usr/lib64/libcrypto.so.3.5.0)
==47==    by 0x95094A0: OBJ_NAME_add (in /usr/lib64/libcrypto.so.3.5.0)
==47==    by 0x940E63F: EVP_add_cipher (in /usr/lib64/libcrypto.so.3.5.0)
==47==    by 0x93DFD60: ??? (in /usr/lib64/libcrypto.so.3.5.0)
==47==    by 0x9432788: ??? (in /usr/lib64/libcrypto.so.3.5.0)
==47==    by 0x8E341AE: __pthread_once_slow (in /usr/lib64/libc.so.6)
==47==    by 0x9447E78: CRYPTO_THREAD_run_once (in /usr/lib64/libcrypto.so.3.5.0)
==47==    by 0x9432DC6: OPENSSL_init_crypto (in /usr/lib64/libcrypto.so.3.5.0)
==47==    by 0x940E759: ??? (in /usr/lib64/libcrypto.so.3.5.0)
==47==    by 0x51AF5F0: ncrypto::Cipher::FromNid(int) (ncrypto.cc:3173)
==47== 
==47== 24 bytes in 1 blocks are still reachable in loss record 196 of 361
==47==    at 0x4844784: malloc (in /usr/libexec/valgrind/vgpreload_memcheck-amd64-linux.so)
==47==    by 0x9433890: CRYPTO_malloc (in /usr/lib64/libcrypto.so.3.5.0)
==47==    by 0x9509458: OBJ_NAME_add (in /usr/lib64/libcrypto.so.3.5.0)
==47==    by 0x93DFD60: ??? (in /usr/lib64/libcrypto.so.3.5.0)
==47==    by 0x9432788: ??? (in /usr/lib64/libcrypto.so.3.5.0)
==47==    by 0x8E341AE: __pthread_once_slow (in /usr/lib64/libc.so.6)
==47==    by 0x9447E78: CRYPTO_THREAD_run_once (in /usr/lib64/libcrypto.so.3.5.0)
==47==    by 0x9432DC6: OPENSSL_init_crypto (in /usr/lib64/libcrypto.so.3.5.0)
==47==    by 0x940E759: ??? (in /usr/lib64/libcrypto.so.3.5.0)
==47==    by 0x51AF5F0: ncrypto::Cipher::FromNid(int) (ncrypto.cc:3173)
==47==    by 0x4CCAF6D: __static_initialization_and_destruction_0 (ncrypto.cc:3181)
==47==    by 0x4CCAF6D: _GLOBAL__sub_I_ncrypto.cc (ncrypto.cc:5046)
==47==    by 0x400459D: call_init (in /usr/lib64/ld-linux-x86-64.so.2)
==47== 
==47== 24 bytes in 1 blocks are still reachable in loss record 197 of 361
==47==    at 0x4844784: malloc (in /usr/libexec/valgrind/vgpreload_memcheck-amd64-linux.so)
==47==    by 0x9433890: CRYPTO_malloc (in /usr/lib64/libcrypto.so.3.5.0)
==47==    by 0x9509458: OBJ_NAME_add (in /usr/lib64/libcrypto.so.3.5.0)
==47==    by 0x93DFD78: ??? (in /usr/lib64/libcrypto.so.3.5.0)
==47==    by 0x9432788: ??? (in /usr/lib64/libcrypto.so.3.5.0)
==47==    by 0x8E341AE: __pthread_once_slow (in /usr/lib64/libc.so.6)
==47==    by 0x9447E78: CRYPTO_THREAD_run_once (in /usr/lib64/libcrypto.so.3.5.0)
==47==    by 0x9432DC6: OPENSSL_init_crypto (in /usr/lib64/libcrypto.so.3.5.0)
==47==    by 0x940E759: ??? (in /usr/lib64/libcrypto.so.3.5.0)
==47==    by 0x51AF5F0: ncrypto::Cipher::FromNid(int) (ncrypto.cc:3173)
==47==    by 0x4CCAF6D: __static_initialization_and_destruction_0 (ncrypto.cc:3181)
==47==    by 0x4CCAF6D: _GLOBAL__sub_I_ncrypto.cc (ncrypto.cc:5046)
==47==    by 0x400459D: call_init (in /usr/lib64/ld-linux-x86-64.so.2)
==47== 
==47== 24 bytes in 1 blocks are still reachable in loss record 198 of 361
==47==    at 0x4844784: malloc (in /usr/libexec/valgrind/vgpreload_memcheck-amd64-linux.so)
==47==    by 0x9433890: CRYPTO_malloc (in /usr/lib64/libcrypto.so.3.5.0)
==47==    by 0x942C995: OPENSSL_LH_insert (in /usr/lib64/libcrypto.so.3.5.0)
==47==    by 0x95094A0: OBJ_NAME_add (in /usr/lib64/libcrypto.so.3.5.0)
==47==    by 0x93DFD78: ??? (in /usr/lib64/libcrypto.so.3.5.0)
==47==    by 0x9432788: ??? (in /usr/lib64/libcrypto.so.3.5.0)
==47==    by 0x8E341AE: __pthread_once_slow (in /usr/lib64/libc.so.6)
==47==    by 0x9447E78: CRYPTO_THREAD_run_once (in /usr/lib64/libcrypto.so.3.5.0)
==47==    by 0x9432DC6: OPENSSL_init_crypto (in /usr/lib64/libcrypto.so.3.5.0)
==47==    by 0x940E759: ??? (in /usr/lib64/libcrypto.so.3.5.0)
==47==    by 0x51AF5F0: ncrypto::Cipher::FromNid(int) (ncrypto.cc:3173)
==47==    by 0x4CCAF6D: __static_initialization_and_destruction_0 (ncrypto.cc:3181)
==47==    by 0x4CCAF6D: _GLOBAL__sub_I_ncrypto.cc (ncrypto.cc:5046)
==47== 
==47== 24 bytes in 1 blocks are still reachable in loss record 199 of 361
==47==    at 0x4844784: malloc (in /usr/libexec/valgrind/vgpreload_memcheck-amd64-linux.so)
==47==    by 0x9433890: CRYPTO_malloc (in /usr/lib64/libcrypto.so.3.5.0)
==47==    by 0x942C995: OPENSSL_LH_insert (in /usr/lib64/libcrypto.so.3.5.0)
==47==    by 0x95094A0: OBJ_NAME_add (in /usr/lib64/libcrypto.so.3.5.0)
==47==    by 0x93DFD8C: ??? (in /usr/lib64/libcrypto.so.3.5.0)
==47==    by 0x9432788: ??? (in /usr/lib64/libcrypto.so.3.5.0)
==47==    by 0x8E341AE: __pthread_once_slow (in /usr/lib64/libc.so.6)
==47==    by 0x9447E78: CRYPTO_THREAD_run_once (in /usr/lib64/libcrypto.so.3.5.0)
==47==    by 0x9432DC6: OPENSSL_init_crypto (in /usr/lib64/libcrypto.so.3.5.0)
==47==    by 0x940E759: ??? (in /usr/lib64/libcrypto.so.3.5.0)
==47==    by 0x51AF5F0: ncrypto::Cipher::FromNid(int) (ncrypto.cc:3173)
==47==    by 0x4CCAF6D: __static_initialization_and_destruction_0 (ncrypto.cc:3181)
==47==    by 0x4CCAF6D: _GLOBAL__sub_I_ncrypto.cc (ncrypto.cc:5046)
==47== 
==47== 24 bytes in 1 blocks are still reachable in loss record 200 of 361
==47==    at 0x4844784: malloc (in /usr/libexec/valgrind/vgpreload_memcheck-amd64-linux.so)
==47==    by 0x9433890: CRYPTO_malloc (in /usr/lib64/libcrypto.so.3.5.0)
==47==    by 0x9509458: OBJ_NAME_add (in /usr/lib64/libcrypto.so.3.5.0)
==47==    by 0x93DFDA0: ??? (in /usr/lib64/libcrypto.so.3.5.0)
==47==    by 0x9432788: ??? (in /usr/lib64/libcrypto.so.3.5.0)
==47==    by 0x8E341AE: __pthread_once_slow (in /usr/lib64/libc.so.6)
==47==    by 0x9447E78: CRYPTO_THREAD_run_once (in /usr/lib64/libcrypto.so.3.5.0)
==47==    by 0x9432DC6: OPENSSL_init_crypto (in /usr/lib64/libcrypto.so.3.5.0)
==47==    by 0x940E759: ??? (in /usr/lib64/libcrypto.so.3.5.0)
==47==    by 0x51AF5F0: ncrypto::Cipher::FromNid(int) (ncrypto.cc:3173)
==47==    by 0x4CCAF6D: __static_initialization_and_destruction_0 (ncrypto.cc:3181)
==47==    by 0x4CCAF6D: _GLOBAL__sub_I_ncrypto.cc (ncrypto.cc:5046)
==47==    by 0x400459D: call_init (in /usr/lib64/ld-linux-x86-64.so.2)
==47== 
==47== 24 bytes in 1 blocks are still reachable in loss record 201 of 361
==47==    at 0x4844784: malloc (in /usr/libexec/valgrind/vgpreload_memcheck-amd64-linux.so)
==47==    by 0x9433890: CRYPTO_malloc (in /usr/lib64/libcrypto.so.3.5.0)
==47==    by 0x942C995: OPENSSL_LH_insert (in /usr/lib64/libcrypto.so.3.5.0)
==47==    by 0x95094A0: OBJ_NAME_add (in /usr/lib64/libcrypto.so.3.5.0)
==47==    by 0x940E63F: EVP_add_cipher (in /usr/lib64/libcrypto.so.3.5.0)
==47==    by 0x93DFDB4: ??? (in /usr/lib64/libcrypto.so.3.5.0)
==47==    by 0x9432788: ??? (in /usr/lib64/libcrypto.so.3.5.0)
==47==    by 0x8E341AE: __pthread_once_slow (in /usr/lib64/libc.so.6)
==47==    by 0x9447E78: CRYPTO_THREAD_run_once (in /usr/lib64/libcrypto.so.3.5.0)
==47==    by 0x9432DC6: OPENSSL_init_crypto (in /usr/lib64/libcrypto.so.3.5.0)
==47==    by 0x940E759: ??? (in /usr/lib64/libcrypto.so.3.5.0)
==47==    by 0x51AF5F0: ncrypto::Cipher::FromNid(int) (ncrypto.cc:3173)
==47== 
==47== 24 bytes in 1 blocks are still reachable in loss record 202 of 361
==47==    at 0x4844784: malloc (in /usr/libexec/valgrind/vgpreload_memcheck-amd64-linux.so)
==47==    by 0x9433890: CRYPTO_malloc (in /usr/lib64/libcrypto.so.3.5.0)
==47==    by 0x9509458: OBJ_NAME_add (in /usr/lib64/libcrypto.so.3.5.0)
==47==    by 0x93DFDB4: ??? (in /usr/lib64/libcrypto.so.3.5.0)
==47==    by 0x9432788: ??? (in /usr/lib64/libcrypto.so.3.5.0)
==47==    by 0x8E341AE: __pthread_once_slow (in /usr/lib64/libc.so.6)
==47==    by 0x9447E78: CRYPTO_THREAD_run_once (in /usr/lib64/libcrypto.so.3.5.0)
==47==    by 0x9432DC6: OPENSSL_init_crypto (in /usr/lib64/libcrypto.so.3.5.0)
==47==    by 0x940E759: ??? (in /usr/lib64/libcrypto.so.3.5.0)
==47==    by 0x51AF5F0: ncrypto::Cipher::FromNid(int) (ncrypto.cc:3173)
==47==    by 0x4CCAF6D: __static_initialization_and_destruction_0 (ncrypto.cc:3181)
==47==    by 0x4CCAF6D: _GLOBAL__sub_I_ncrypto.cc (ncrypto.cc:5046)
==47==    by 0x400459D: call_init (in /usr/lib64/ld-linux-x86-64.so.2)
==47== 
==47== 24 bytes in 1 blocks are still reachable in loss record 203 of 361
==47==    at 0x4844784: malloc (in /usr/libexec/valgrind/vgpreload_memcheck-amd64-linux.so)
==47==    by 0x9433890: CRYPTO_malloc (in /usr/lib64/libcrypto.so.3.5.0)
==47==    by 0x942C995: OPENSSL_LH_insert (in /usr/lib64/libcrypto.so.3.5.0)
==47==    by 0x95094A0: OBJ_NAME_add (in /usr/lib64/libcrypto.so.3.5.0)
==47==    by 0x940E63F: EVP_add_cipher (in /usr/lib64/libcrypto.so.3.5.0)
==47==    by 0x93DFDC1: ??? (in /usr/lib64/libcrypto.so.3.5.0)
==47==    by 0x9432788: ??? (in /usr/lib64/libcrypto.so.3.5.0)
==47==    by 0x8E341AE: __pthread_once_slow (in /usr/lib64/libc.so.6)
==47==    by 0x9447E78: CRYPTO_THREAD_run_once (in /usr/lib64/libcrypto.so.3.5.0)
==47==    by 0x9432DC6: OPENSSL_init_crypto (in /usr/lib64/libcrypto.so.3.5.0)
==47==    by 0x940E759: ??? (in /usr/lib64/libcrypto.so.3.5.0)
==47==    by 0x51AF5F0: ncrypto::Cipher::FromNid(int) (ncrypto.cc:3173)
==47== 
==47== 24 bytes in 1 blocks are still reachable in loss record 204 of 361
==47==    at 0x4844784: malloc (in /usr/libexec/valgrind/vgpreload_memcheck-amd64-linux.so)
==47==    by 0x9433890: CRYPTO_malloc (in /usr/lib64/libcrypto.so.3.5.0)
==47==    by 0x9509458: OBJ_NAME_add (in /usr/lib64/libcrypto.so.3.5.0)
==47==    by 0x93DFDC1: ??? (in /usr/lib64/libcrypto.so.3.5.0)
==47==    by 0x9432788: ??? (in /usr/lib64/libcrypto.so.3.5.0)
==47==    by 0x8E341AE: __pthread_once_slow (in /usr/lib64/libc.so.6)
==47==    by 0x9447E78: CRYPTO_THREAD_run_once (in /usr/lib64/libcrypto.so.3.5.0)
==47==    by 0x9432DC6: OPENSSL_init_crypto (in /usr/lib64/libcrypto.so.3.5.0)
==47==    by 0x940E759: ??? (in /usr/lib64/libcrypto.so.3.5.0)
==47==    by 0x51AF5F0: ncrypto::Cipher::FromNid(int) (ncrypto.cc:3173)
==47==    by 0x4CCAF6D: __static_initialization_and_destruction_0 (ncrypto.cc:3181)
==47==    by 0x4CCAF6D: _GLOBAL__sub_I_ncrypto.cc (ncrypto.cc:5046)
==47==    by 0x400459D: call_init (in /usr/lib64/ld-linux-x86-64.so.2)
==47== 
==47== 24 bytes in 1 blocks are still reachable in loss record 205 of 361
==47==    at 0x4844784: malloc (in /usr/libexec/valgrind/vgpreload_memcheck-amd64-linux.so)
==47==    by 0x9433890: CRYPTO_malloc (in /usr/lib64/libcrypto.so.3.5.0)
==47==    by 0x942C995: OPENSSL_LH_insert (in /usr/lib64/libcrypto.so.3.5.0)
==47==    by 0x95094A0: OBJ_NAME_add (in /usr/lib64/libcrypto.so.3.5.0)
==47==    by 0x940E63F: EVP_add_cipher (in /usr/lib64/libcrypto.so.3.5.0)
==47==    by 0x93DFDCE: ??? (in /usr/lib64/libcrypto.so.3.5.0)
==47==    by 0x9432788: ??? (in /usr/lib64/libcrypto.so.3.5.0)
==47==    by 0x8E341AE: __pthread_once_slow (in /usr/lib64/libc.so.6)
==47==    by 0x9447E78: CRYPTO_THREAD_run_once (in /usr/lib64/libcrypto.so.3.5.0)
==47==    by 0x9432DC6: OPENSSL_init_crypto (in /usr/lib64/libcrypto.so.3.5.0)
==47==    by 0x940E759: ??? (in /usr/lib64/libcrypto.so.3.5.0)
==47==    by 0x51AF5F0: ncrypto::Cipher::FromNid(int) (ncrypto.cc:3173)
==47== 
==47== 24 bytes in 1 blocks are still reachable in loss record 206 of 361
==47==    at 0x4844784: malloc (in /usr/libexec/valgrind/vgpreload_memcheck-amd64-linux.so)
==47==    by 0x9433890: CRYPTO_malloc (in /usr/lib64/libcrypto.so.3.5.0)
==47==    by 0x9509458: OBJ_NAME_add (in /usr/lib64/libcrypto.so.3.5.0)
==47==    by 0x93DFDCE: ??? (in /usr/lib64/libcrypto.so.3.5.0)
==47==    by 0x9432788: ??? (in /usr/lib64/libcrypto.so.3.5.0)
==47==    by 0x8E341AE: __pthread_once_slow (in /usr/lib64/libc.so.6)
==47==    by 0x9447E78: CRYPTO_THREAD_run_once (in /usr/lib64/libcrypto.so.3.5.0)
==47==    by 0x9432DC6: OPENSSL_init_crypto (in /usr/lib64/libcrypto.so.3.5.0)
==47==    by 0x940E759: ??? (in /usr/lib64/libcrypto.so.3.5.0)
==47==    by 0x51AF5F0: ncrypto::Cipher::FromNid(int) (ncrypto.cc:3173)
==47==    by 0x4CCAF6D: __static_initialization_and_destruction_0 (ncrypto.cc:3181)
==47==    by 0x4CCAF6D: _GLOBAL__sub_I_ncrypto.cc (ncrypto.cc:5046)
==47==    by 0x400459D: call_init (in /usr/lib64/ld-linux-x86-64.so.2)
==47== 
==47== 24 bytes in 1 blocks are still reachable in loss record 207 of 361
==47==    at 0x4844784: malloc (in /usr/libexec/valgrind/vgpreload_memcheck-amd64-linux.so)
==47==    by 0x9433890: CRYPTO_malloc (in /usr/lib64/libcrypto.so.3.5.0)
==47==    by 0x942C995: OPENSSL_LH_insert (in /usr/lib64/libcrypto.so.3.5.0)
==47==    by 0x95094A0: OBJ_NAME_add (in /usr/lib64/libcrypto.so.3.5.0)
==47==    by 0x940E63F: EVP_add_cipher (in /usr/lib64/libcrypto.so.3.5.0)
==47==    by 0x93DFDDB: ??? (in /usr/lib64/libcrypto.so.3.5.0)
==47==    by 0x9432788: ??? (in /usr/lib64/libcrypto.so.3.5.0)
==47==    by 0x8E341AE: __pthread_once_slow (in /usr/lib64/libc.so.6)
==47==    by 0x9447E78: CRYPTO_THREAD_run_once (in /usr/lib64/libcrypto.so.3.5.0)
==47==    by 0x9432DC6: OPENSSL_init_crypto (in /usr/lib64/libcrypto.so.3.5.0)
==47==    by 0x940E759: ??? (in /usr/lib64/libcrypto.so.3.5.0)
==47==    by 0x51AF5F0: ncrypto::Cipher::FromNid(int) (ncrypto.cc:3173)
==47== 
==47== 24 bytes in 1 blocks are still reachable in loss record 208 of 361
==47==    at 0x4844784: malloc (in /usr/libexec/valgrind/vgpreload_memcheck-amd64-linux.so)
==47==    by 0x9433890: CRYPTO_malloc (in /usr/lib64/libcrypto.so.3.5.0)
==47==    by 0x9509458: OBJ_NAME_add (in /usr/lib64/libcrypto.so.3.5.0)
==47==    by 0x93DFDDB: ??? (in /usr/lib64/libcrypto.so.3.5.0)
==47==    by 0x9432788: ??? (in /usr/lib64/libcrypto.so.3.5.0)
==47==    by 0x8E341AE: __pthread_once_slow (in /usr/lib64/libc.so.6)
==47==    by 0x9447E78: CRYPTO_THREAD_run_once (in /usr/lib64/libcrypto.so.3.5.0)
==47==    by 0x9432DC6: OPENSSL_init_crypto (in /usr/lib64/libcrypto.so.3.5.0)
==47==    by 0x940E759: ??? (in /usr/lib64/libcrypto.so.3.5.0)
==47==    by 0x51AF5F0: ncrypto::Cipher::FromNid(int) (ncrypto.cc:3173)
==47==    by 0x4CCAF6D: __static_initialization_and_destruction_0 (ncrypto.cc:3181)
==47==    by 0x4CCAF6D: _GLOBAL__sub_I_ncrypto.cc (ncrypto.cc:5046)
==47==    by 0x400459D: call_init (in /usr/lib64/ld-linux-x86-64.so.2)
==47== 
==47== 24 bytes in 1 blocks are still reachable in loss record 209 of 361
==47==    at 0x4844784: malloc (in /usr/libexec/valgrind/vgpreload_memcheck-amd64-linux.so)
==47==    by 0x9433890: CRYPTO_malloc (in /usr/lib64/libcrypto.so.3.5.0)
==47==    by 0x942C995: OPENSSL_LH_insert (in /usr/lib64/libcrypto.so.3.5.0)
==47==    by 0x95094A0: OBJ_NAME_add (in /usr/lib64/libcrypto.so.3.5.0)
==47==    by 0x940E63F: EVP_add_cipher (in /usr/lib64/libcrypto.so.3.5.0)
==47==    by 0x93DFDE8: ??? (in /usr/lib64/libcrypto.so.3.5.0)
==47==    by 0x9432788: ??? (in /usr/lib64/libcrypto.so.3.5.0)
==47==    by 0x8E341AE: __pthread_once_slow (in /usr/lib64/libc.so.6)
==47==    by 0x9447E78: CRYPTO_THREAD_run_once (in /usr/lib64/libcrypto.so.3.5.0)
==47==    by 0x9432DC6: OPENSSL_init_crypto (in /usr/lib64/libcrypto.so.3.5.0)
==47==    by 0x940E759: ??? (in /usr/lib64/libcrypto.so.3.5.0)
==47==    by 0x51AF5F0: ncrypto::Cipher::FromNid(int) (ncrypto.cc:3173)
==47== 
==47== 24 bytes in 1 blocks are still reachable in loss record 210 of 361
==47==    at 0x4844784: malloc (in /usr/libexec/valgrind/vgpreload_memcheck-amd64-linux.so)
==47==    by 0x9433890: CRYPTO_malloc (in /usr/lib64/libcrypto.so.3.5.0)
==47==    by 0x9509458: OBJ_NAME_add (in /usr/lib64/libcrypto.so.3.5.0)
==47==    by 0x93DFDE8: ??? (in /usr/lib64/libcrypto.so.3.5.0)
==47==    by 0x9432788: ??? (in /usr/lib64/libcrypto.so.3.5.0)
==47==    by 0x8E341AE: __pthread_once_slow (in /usr/lib64/libc.so.6)
==47==    by 0x9447E78: CRYPTO_THREAD_run_once (in /usr/lib64/libcrypto.so.3.5.0)
==47==    by 0x9432DC6: OPENSSL_init_crypto (in /usr/lib64/libcrypto.so.3.5.0)
==47==    by 0x940E759: ??? (in /usr/lib64/libcrypto.so.3.5.0)
==47==    by 0x51AF5F0: ncrypto::Cipher::FromNid(int) (ncrypto.cc:3173)
==47==    by 0x4CCAF6D: __static_initialization_and_destruction_0 (ncrypto.cc:3181)
==47==    by 0x4CCAF6D: _GLOBAL__sub_I_ncrypto.cc (ncrypto.cc:5046)
==47==    by 0x400459D: call_init (in /usr/lib64/ld-linux-x86-64.so.2)
==47== 
==47== 24 bytes in 1 blocks are still reachable in loss record 211 of 361
==47==    at 0x4844784: malloc (in /usr/libexec/valgrind/vgpreload_memcheck-amd64-linux.so)
==47==    by 0x9433890: CRYPTO_malloc (in /usr/lib64/libcrypto.so.3.5.0)
==47==    by 0x942C995: OPENSSL_LH_insert (in /usr/lib64/libcrypto.so.3.5.0)
==47==    by 0x95094A0: OBJ_NAME_add (in /usr/lib64/libcrypto.so.3.5.0)
==47==    by 0x940E63F: EVP_add_cipher (in /usr/lib64/libcrypto.so.3.5.0)
==47==    by 0x93DFDF5: ??? (in /usr/lib64/libcrypto.so.3.5.0)
==47==    by 0x9432788: ??? (in /usr/lib64/libcrypto.so.3.5.0)
==47==    by 0x8E341AE: __pthread_once_slow (in /usr/lib64/libc.so.6)
==47==    by 0x9447E78: CRYPTO_THREAD_run_once (in /usr/lib64/libcrypto.so.3.5.0)
==47==    by 0x9432DC6: OPENSSL_init_crypto (in /usr/lib64/libcrypto.so.3.5.0)
==47==    by 0x940E759: ??? (in /usr/lib64/libcrypto.so.3.5.0)
==47==    by 0x51AF5F0: ncrypto::Cipher::FromNid(int) (ncrypto.cc:3173)
==47== 
==47== 24 bytes in 1 blocks are still reachable in loss record 212 of 361
==47==    at 0x4844784: malloc (in /usr/libexec/valgrind/vgpreload_memcheck-amd64-linux.so)
==47==    by 0x9433890: CRYPTO_malloc (in /usr/lib64/libcrypto.so.3.5.0)
==47==    by 0x9509458: OBJ_NAME_add (in /usr/lib64/libcrypto.so.3.5.0)
==47==    by 0x93DFDF5: ??? (in /usr/lib64/libcrypto.so.3.5.0)
==47==    by 0x9432788: ??? (in /usr/lib64/libcrypto.so.3.5.0)
==47==    by 0x8E341AE: __pthread_once_slow (in /usr/lib64/libc.so.6)
==47==    by 0x9447E78: CRYPTO_THREAD_run_once (in /usr/lib64/libcrypto.so.3.5.0)
==47==    by 0x9432DC6: OPENSSL_init_crypto (in /usr/lib64/libcrypto.so.3.5.0)
==47==    by 0x940E759: ??? (in /usr/lib64/libcrypto.so.3.5.0)
==47==    by 0x51AF5F0: ncrypto::Cipher::FromNid(int) (ncrypto.cc:3173)
==47==    by 0x4CCAF6D: __static_initialization_and_destruction_0 (ncrypto.cc:3181)
==47==    by 0x4CCAF6D: _GLOBAL__sub_I_ncrypto.cc (ncrypto.cc:5046)
==47==    by 0x400459D: call_init (in /usr/lib64/ld-linux-x86-64.so.2)
==47== 
==47== 24 bytes in 1 blocks are still reachable in loss record 213 of 361
==47==    at 0x4844784: malloc (in /usr/libexec/valgrind/vgpreload_memcheck-amd64-linux.so)
==47==    by 0x9433890: CRYPTO_malloc (in /usr/lib64/libcrypto.so.3.5.0)
==47==    by 0x942C995: OPENSSL_LH_insert (in /usr/lib64/libcrypto.so.3.5.0)
==47==    by 0x95094A0: OBJ_NAME_add (in /usr/lib64/libcrypto.so.3.5.0)
==47==    by 0x940E63F: EVP_add_cipher (in /usr/lib64/libcrypto.so.3.5.0)
==47==    by 0x93DFE02: ??? (in /usr/lib64/libcrypto.so.3.5.0)
==47==    by 0x9432788: ??? (in /usr/lib64/libcrypto.so.3.5.0)
==47==    by 0x8E341AE: __pthread_once_slow (in /usr/lib64/libc.so.6)
==47==    by 0x9447E78: CRYPTO_THREAD_run_once (in /usr/lib64/libcrypto.so.3.5.0)
==47==    by 0x9432DC6: OPENSSL_init_crypto (in /usr/lib64/libcrypto.so.3.5.0)
==47==    by 0x940E759: ??? (in /usr/lib64/libcrypto.so.3.5.0)
==47==    by 0x51AF5F0: ncrypto::Cipher::FromNid(int) (ncrypto.cc:3173)
==47== 
==47== 24 bytes in 1 blocks are still reachable in loss record 214 of 361
==47==    at 0x4844784: malloc (in /usr/libexec/valgrind/vgpreload_memcheck-amd64-linux.so)
==47==    by 0x9433890: CRYPTO_malloc (in /usr/lib64/libcrypto.so.3.5.0)
==47==    by 0x9509458: OBJ_NAME_add (in /usr/lib64/libcrypto.so.3.5.0)
==47==    by 0x93DFE02: ??? (in /usr/lib64/libcrypto.so.3.5.0)
==47==    by 0x9432788: ??? (in /usr/lib64/libcrypto.so.3.5.0)
==47==    by 0x8E341AE: __pthread_once_slow (in /usr/lib64/libc.so.6)
==47==    by 0x9447E78: CRYPTO_THREAD_run_once (in /usr/lib64/libcrypto.so.3.5.0)
==47==    by 0x9432DC6: OPENSSL_init_crypto (in /usr/lib64/libcrypto.so.3.5.0)
==47==    by 0x940E759: ??? (in /usr/lib64/libcrypto.so.3.5.0)
==47==    by 0x51AF5F0: ncrypto::Cipher::FromNid(int) (ncrypto.cc:3173)
==47==    by 0x4CCAF6D: __static_initialization_and_destruction_0 (ncrypto.cc:3181)
==47==    by 0x4CCAF6D: _GLOBAL__sub_I_ncrypto.cc (ncrypto.cc:5046)
==47==    by 0x400459D: call_init (in /usr/lib64/ld-linux-x86-64.so.2)
==47== 
==47== 24 bytes in 1 blocks are still reachable in loss record 215 of 361
==47==    at 0x4844784: malloc (in /usr/libexec/valgrind/vgpreload_memcheck-amd64-linux.so)
==47==    by 0x9433890: CRYPTO_malloc (in /usr/lib64/libcrypto.so.3.5.0)
==47==    by 0x9509458: OBJ_NAME_add (in /usr/lib64/libcrypto.so.3.5.0)
==47==    by 0x940E63F: EVP_add_cipher (in /usr/lib64/libcrypto.so.3.5.0)
==47==    by 0x93DFE0F: ??? (in /usr/lib64/libcrypto.so.3.5.0)
==47==    by 0x9432788: ??? (in /usr/lib64/libcrypto.so.3.5.0)
==47==    by 0x8E341AE: __pthread_once_slow (in /usr/lib64/libc.so.6)
==47==    by 0x9447E78: CRYPTO_THREAD_run_once (in /usr/lib64/libcrypto.so.3.5.0)
==47==    by 0x9432DC6: OPENSSL_init_crypto (in /usr/lib64/libcrypto.so.3.5.0)
==47==    by 0x940E759: ??? (in /usr/lib64/libcrypto.so.3.5.0)
==47==    by 0x51AF5F0: ncrypto::Cipher::FromNid(int) (ncrypto.cc:3173)
==47==    by 0x4CCAF6D: __static_initialization_and_destruction_0 (ncrypto.cc:3181)
==47==    by 0x4CCAF6D: _GLOBAL__sub_I_ncrypto.cc (ncrypto.cc:5046)
==47== 
==47== 24 bytes in 1 blocks are still reachable in loss record 216 of 361
==47==    at 0x4844784: malloc (in /usr/libexec/valgrind/vgpreload_memcheck-amd64-linux.so)
==47==    by 0x9433890: CRYPTO_malloc (in /usr/lib64/libcrypto.so.3.5.0)
==47==    by 0x942C995: OPENSSL_LH_insert (in /usr/lib64/libcrypto.so.3.5.0)
==47==    by 0x95094A0: OBJ_NAME_add (in /usr/lib64/libcrypto.so.3.5.0)
==47==    by 0x940E63F: EVP_add_cipher (in /usr/lib64/libcrypto.so.3.5.0)
==47==    by 0x93DFE0F: ??? (in /usr/lib64/libcrypto.so.3.5.0)
==47==    by 0x9432788: ??? (in /usr/lib64/libcrypto.so.3.5.0)
==47==    by 0x8E341AE: __pthread_once_slow (in /usr/lib64/libc.so.6)
==47==    by 0x9447E78: CRYPTO_THREAD_run_once (in /usr/lib64/libcrypto.so.3.5.0)
==47==    by 0x9432DC6: OPENSSL_init_crypto (in /usr/lib64/libcrypto.so.3.5.0)
==47==    by 0x940E759: ??? (in /usr/lib64/libcrypto.so.3.5.0)
==47==    by 0x51AF5F0: ncrypto::Cipher::FromNid(int) (ncrypto.cc:3173)
==47== 
==47== 24 bytes in 1 blocks are still reachable in loss record 217 of 361
==47==    at 0x4844784: malloc (in /usr/libexec/valgrind/vgpreload_memcheck-amd64-linux.so)
==47==    by 0x9433890: CRYPTO_malloc (in /usr/lib64/libcrypto.so.3.5.0)
==47==    by 0x9509458: OBJ_NAME_add (in /usr/lib64/libcrypto.so.3.5.0)
==47==    by 0x93DFE0F: ??? (in /usr/lib64/libcrypto.so.3.5.0)
==47==    by 0x9432788: ??? (in /usr/lib64/libcrypto.so.3.5.0)
==47==    by 0x8E341AE: __pthread_once_slow (in /usr/lib64/libc.so.6)
==47==    by 0x9447E78: CRYPTO_THREAD_run_once (in /usr/lib64/libcrypto.so.3.5.0)
==47==    by 0x9432DC6: OPENSSL_init_crypto (in /usr/lib64/libcrypto.so.3.5.0)
==47==    by 0x940E759: ??? (in /usr/lib64/libcrypto.so.3.5.0)
==47==    by 0x51AF5F0: ncrypto::Cipher::FromNid(int) (ncrypto.cc:3173)
==47==    by 0x4CCAF6D: __static_initialization_and_destruction_0 (ncrypto.cc:3181)
==47==    by 0x4CCAF6D: _GLOBAL__sub_I_ncrypto.cc (ncrypto.cc:5046)
==47==    by 0x400459D: call_init (in /usr/lib64/ld-linux-x86-64.so.2)
==47== 
==47== 24 bytes in 1 blocks are still reachable in loss record 218 of 361
==47==    at 0x4844784: malloc (in /usr/libexec/valgrind/vgpreload_memcheck-amd64-linux.so)
==47==    by 0x9433890: CRYPTO_malloc (in /usr/lib64/libcrypto.so.3.5.0)
==47==    by 0x942C995: OPENSSL_LH_insert (in /usr/lib64/libcrypto.so.3.5.0)
==47==    by 0x95094A0: OBJ_NAME_add (in /usr/lib64/libcrypto.so.3.5.0)
==47==    by 0x93DFE0F: ??? (in /usr/lib64/libcrypto.so.3.5.0)
==47==    by 0x9432788: ??? (in /usr/lib64/libcrypto.so.3.5.0)
==47==    by 0x8E341AE: __pthread_once_slow (in /usr/lib64/libc.so.6)
==47==    by 0x9447E78: CRYPTO_THREAD_run_once (in /usr/lib64/libcrypto.so.3.5.0)
==47==    by 0x9432DC6: OPENSSL_init_crypto (in /usr/lib64/libcrypto.so.3.5.0)
==47==    by 0x940E759: ??? (in /usr/lib64/libcrypto.so.3.5.0)
==47==    by 0x51AF5F0: ncrypto::Cipher::FromNid(int) (ncrypto.cc:3173)
==47==    by 0x4CCAF6D: __static_initialization_and_destruction_0 (ncrypto.cc:3181)
==47==    by 0x4CCAF6D: _GLOBAL__sub_I_ncrypto.cc (ncrypto.cc:5046)
==47== 
==47== 24 bytes in 1 blocks are still reachable in loss record 219 of 361
==47==    at 0x4844784: malloc (in /usr/libexec/valgrind/vgpreload_memcheck-amd64-linux.so)
==47==    by 0x9433890: CRYPTO_malloc (in /usr/lib64/libcrypto.so.3.5.0)
==47==    by 0x942C995: OPENSSL_LH_insert (in /usr/lib64/libcrypto.so.3.5.0)
==47==    by 0x95094A0: OBJ_NAME_add (in /usr/lib64/libcrypto.so.3.5.0)
==47==    by 0x940E63F: EVP_add_cipher (in /usr/lib64/libcrypto.so.3.5.0)
==47==    by 0x93DFE1C: ??? (in /usr/lib64/libcrypto.so.3.5.0)
==47==    by 0x9432788: ??? (in /usr/lib64/libcrypto.so.3.5.0)
==47==    by 0x8E341AE: __pthread_once_slow (in /usr/lib64/libc.so.6)
==47==    by 0x9447E78: CRYPTO_THREAD_run_once (in /usr/lib64/libcrypto.so.3.5.0)
==47==    by 0x9432DC6: OPENSSL_init_crypto (in /usr/lib64/libcrypto.so.3.5.0)
==47==    by 0x940E759: ??? (in /usr/lib64/libcrypto.so.3.5.0)
==47==    by 0x51AF5F0: ncrypto::Cipher::FromNid(int) (ncrypto.cc:3173)
==47== 
==47== 24 bytes in 1 blocks are still reachable in loss record 220 of 361
==47==    at 0x4844784: malloc (in /usr/libexec/valgrind/vgpreload_memcheck-amd64-linux.so)
==47==    by 0x9433890: CRYPTO_malloc (in /usr/lib64/libcrypto.so.3.5.0)
==47==    by 0x9509458: OBJ_NAME_add (in /usr/lib64/libcrypto.so.3.5.0)
==47==    by 0x93DFE1C: ??? (in /usr/lib64/libcrypto.so.3.5.0)
==47==    by 0x9432788: ??? (in /usr/lib64/libcrypto.so.3.5.0)
==47==    by 0x8E341AE: __pthread_once_slow (in /usr/lib64/libc.so.6)
==47==    by 0x9447E78: CRYPTO_THREAD_run_once (in /usr/lib64/libcrypto.so.3.5.0)
==47==    by 0x9432DC6: OPENSSL_init_crypto (in /usr/lib64/libcrypto.so.3.5.0)
==47==    by 0x940E759: ??? (in /usr/lib64/libcrypto.so.3.5.0)
==47==    by 0x51AF5F0: ncrypto::Cipher::FromNid(int) (ncrypto.cc:3173)
==47==    by 0x4CCAF6D: __static_initialization_and_destruction_0 (ncrypto.cc:3181)
==47==    by 0x4CCAF6D: _GLOBAL__sub_I_ncrypto.cc (ncrypto.cc:5046)
==47==    by 0x400459D: call_init (in /usr/lib64/ld-linux-x86-64.so.2)
==47== 
==47== 24 bytes in 1 blocks are still reachable in loss record 221 of 361
==47==    at 0x4844784: malloc (in /usr/libexec/valgrind/vgpreload_memcheck-amd64-linux.so)
==47==    by 0x9433890: CRYPTO_malloc (in /usr/lib64/libcrypto.so.3.5.0)
==47==    by 0x942C995: OPENSSL_LH_insert (in /usr/lib64/libcrypto.so.3.5.0)
==47==    by 0x95094A0: OBJ_NAME_add (in /usr/lib64/libcrypto.so.3.5.0)
==47==    by 0x940E63F: EVP_add_cipher (in /usr/lib64/libcrypto.so.3.5.0)
==47==    by 0x93DFE29: ??? (in /usr/lib64/libcrypto.so.3.5.0)
==47==    by 0x9432788: ??? (in /usr/lib64/libcrypto.so.3.5.0)
==47==    by 0x8E341AE: __pthread_once_slow (in /usr/lib64/libc.so.6)
==47==    by 0x9447E78: CRYPTO_THREAD_run_once (in /usr/lib64/libcrypto.so.3.5.0)
==47==    by 0x9432DC6: OPENSSL_init_crypto (in /usr/lib64/libcrypto.so.3.5.0)
==47==    by 0x940E759: ??? (in /usr/lib64/libcrypto.so.3.5.0)
==47==    by 0x51AF5F0: ncrypto::Cipher::FromNid(int) (ncrypto.cc:3173)
==47== 
==47== 24 bytes in 1 blocks are still reachable in loss record 222 of 361
==47==    at 0x4844784: malloc (in /usr/libexec/valgrind/vgpreload_memcheck-amd64-linux.so)
==47==    by 0x9433890: CRYPTO_malloc (in /usr/lib64/libcrypto.so.3.5.0)
==47==    by 0x9509458: OBJ_NAME_add (in /usr/lib64/libcrypto.so.3.5.0)
==47==    by 0x93DFE29: ??? (in /usr/lib64/libcrypto.so.3.5.0)
==47==    by 0x9432788: ??? (in /usr/lib64/libcrypto.so.3.5.0)
==47==    by 0x8E341AE: __pthread_once_slow (in /usr/lib64/libc.so.6)
==47==    by 0x9447E78: CRYPTO_THREAD_run_once (in /usr/lib64/libcrypto.so.3.5.0)
==47==    by 0x9432DC6: OPENSSL_init_crypto (in /usr/lib64/libcrypto.so.3.5.0)
==47==    by 0x940E759: ??? (in /usr/lib64/libcrypto.so.3.5.0)
==47==    by 0x51AF5F0: ncrypto::Cipher::FromNid(int) (ncrypto.cc:3173)
==47==    by 0x4CCAF6D: __static_initialization_and_destruction_0 (ncrypto.cc:3181)
==47==    by 0x4CCAF6D: _GLOBAL__sub_I_ncrypto.cc (ncrypto.cc:5046)
==47==    by 0x400459D: call_init (in /usr/lib64/ld-linux-x86-64.so.2)
==47== 
==47== 24 bytes in 1 blocks are still reachable in loss record 223 of 361
==47==    at 0x4844784: malloc (in /usr/libexec/valgrind/vgpreload_memcheck-amd64-linux.so)
==47==    by 0x9433890: CRYPTO_malloc (in /usr/lib64/libcrypto.so.3.5.0)
==47==    by 0x9509458: OBJ_NAME_add (in /usr/lib64/libcrypto.so.3.5.0)
==47==    by 0x940E63F: EVP_add_cipher (in /usr/lib64/libcrypto.so.3.5.0)
==47==    by 0x93DFE36: ??? (in /usr/lib64/libcrypto.so.3.5.0)
==47==    by 0x9432788: ??? (in /usr/lib64/libcrypto.so.3.5.0)
==47==    by 0x8E341AE: __pthread_once_slow (in /usr/lib64/libc.so.6)
==47==    by 0x9447E78: CRYPTO_THREAD_run_once (in /usr/lib64/libcrypto.so.3.5.0)
==47==    by 0x9432DC6: OPENSSL_init_crypto (in /usr/lib64/libcrypto.so.3.5.0)
==47==    by 0x940E759: ??? (in /usr/lib64/libcrypto.so.3.5.0)
==47==    by 0x51AF5F0: ncrypto::Cipher::FromNid(int) (ncrypto.cc:3173)
==47==    by 0x4CCAF6D: __static_initialization_and_destruction_0 (ncrypto.cc:3181)
==47==    by 0x4CCAF6D: _GLOBAL__sub_I_ncrypto.cc (ncrypto.cc:5046)
==47== 
==47== 24 bytes in 1 blocks are still reachable in loss record 224 of 361
==47==    at 0x4844784: malloc (in /usr/libexec/valgrind/vgpreload_memcheck-amd64-linux.so)
==47==    by 0x9433890: CRYPTO_malloc (in /usr/lib64/libcrypto.so.3.5.0)
==47==    by 0x942C995: OPENSSL_LH_insert (in /usr/lib64/libcrypto.so.3.5.0)
==47==    by 0x95094A0: OBJ_NAME_add (in /usr/lib64/libcrypto.so.3.5.0)
==47==    by 0x940E63F: EVP_add_cipher (in /usr/lib64/libcrypto.so.3.5.0)
==47==    by 0x93DFE36: ??? (in /usr/lib64/libcrypto.so.3.5.0)
==47==    by 0x9432788: ??? (in /usr/lib64/libcrypto.so.3.5.0)
==47==    by 0x8E341AE: __pthread_once_slow (in /usr/lib64/libc.so.6)
==47==    by 0x9447E78: CRYPTO_THREAD_run_once (in /usr/lib64/libcrypto.so.3.5.0)
==47==    by 0x9432DC6: OPENSSL_init_crypto (in /usr/lib64/libcrypto.so.3.5.0)
==47==    by 0x940E759: ??? (in /usr/lib64/libcrypto.so.3.5.0)
==47==    by 0x51AF5F0: ncrypto::Cipher::FromNid(int) (ncrypto.cc:3173)
==47== 
==47== 24 bytes in 1 blocks are still reachable in loss record 225 of 361
==47==    at 0x4844784: malloc (in /usr/libexec/valgrind/vgpreload_memcheck-amd64-linux.so)
==47==    by 0x9433890: CRYPTO_malloc (in /usr/lib64/libcrypto.so.3.5.0)
==47==    by 0x9509458: OBJ_NAME_add (in /usr/lib64/libcrypto.so.3.5.0)
==47==    by 0x93DFE36: ??? (in /usr/lib64/libcrypto.so.3.5.0)
==47==    by 0x9432788: ??? (in /usr/lib64/libcrypto.so.3.5.0)
==47==    by 0x8E341AE: __pthread_once_slow (in /usr/lib64/libc.so.6)
==47==    by 0x9447E78: CRYPTO_THREAD_run_once (in /usr/lib64/libcrypto.so.3.5.0)
==47==    by 0x9432DC6: OPENSSL_init_crypto (in /usr/lib64/libcrypto.so.3.5.0)
==47==    by 0x940E759: ??? (in /usr/lib64/libcrypto.so.3.5.0)
==47==    by 0x51AF5F0: ncrypto::Cipher::FromNid(int) (ncrypto.cc:3173)
==47==    by 0x4CCAF6D: __static_initialization_and_destruction_0 (ncrypto.cc:3181)
==47==    by 0x4CCAF6D: _GLOBAL__sub_I_ncrypto.cc (ncrypto.cc:5046)
==47==    by 0x400459D: call_init (in /usr/lib64/ld-linux-x86-64.so.2)
==47== 
==47== 24 bytes in 1 blocks are still reachable in loss record 226 of 361
==47==    at 0x4844784: malloc (in /usr/libexec/valgrind/vgpreload_memcheck-amd64-linux.so)
==47==    by 0x9433890: CRYPTO_malloc (in /usr/lib64/libcrypto.so.3.5.0)
==47==    by 0x942C995: OPENSSL_LH_insert (in /usr/lib64/libcrypto.so.3.5.0)
==47==    by 0x95094A0: OBJ_NAME_add (in /usr/lib64/libcrypto.so.3.5.0)
==47==    by 0x93DFE36: ??? (in /usr/lib64/libcrypto.so.3.5.0)
==47==    by 0x9432788: ??? (in /usr/lib64/libcrypto.so.3.5.0)
==47==    by 0x8E341AE: __pthread_once_slow (in /usr/lib64/libc.so.6)
==47==    by 0x9447E78: CRYPTO_THREAD_run_once (in /usr/lib64/libcrypto.so.3.5.0)
==47==    by 0x9432DC6: OPENSSL_init_crypto (in /usr/lib64/libcrypto.so.3.5.0)
==47==    by 0x940E759: ??? (in /usr/lib64/libcrypto.so.3.5.0)
==47==    by 0x51AF5F0: ncrypto::Cipher::FromNid(int) (ncrypto.cc:3173)
==47==    by 0x4CCAF6D: __static_initialization_and_destruction_0 (ncrypto.cc:3181)
==47==    by 0x4CCAF6D: _GLOBAL__sub_I_ncrypto.cc (ncrypto.cc:5046)
==47== 
==47== 24 bytes in 1 blocks are still reachable in loss record 227 of 361
==47==    at 0x4844784: malloc (in /usr/libexec/valgrind/vgpreload_memcheck-amd64-linux.so)
==47==    by 0x9433890: CRYPTO_malloc (in /usr/lib64/libcrypto.so.3.5.0)
==47==    by 0x942C995: OPENSSL_LH_insert (in /usr/lib64/libcrypto.so.3.5.0)
==47==    by 0x95094A0: OBJ_NAME_add (in /usr/lib64/libcrypto.so.3.5.0)
==47==    by 0x940E63F: EVP_add_cipher (in /usr/lib64/libcrypto.so.3.5.0)
==47==    by 0x93DFE43: ??? (in /usr/lib64/libcrypto.so.3.5.0)
==47==    by 0x9432788: ??? (in /usr/lib64/libcrypto.so.3.5.0)
==47==    by 0x8E341AE: __pthread_once_slow (in /usr/lib64/libc.so.6)
==47==    by 0x9447E78: CRYPTO_THREAD_run_once (in /usr/lib64/libcrypto.so.3.5.0)
==47==    by 0x9432DC6: OPENSSL_init_crypto (in /usr/lib64/libcrypto.so.3.5.0)
==47==    by 0x940E759: ??? (in /usr/lib64/libcrypto.so.3.5.0)
==47==    by 0x51AF5F0: ncrypto::Cipher::FromNid(int) (ncrypto.cc:3173)
==47== 
==47== 24 bytes in 1 blocks are still reachable in loss record 228 of 361
==47==    at 0x4844784: malloc (in /usr/libexec/valgrind/vgpreload_memcheck-amd64-linux.so)
==47==    by 0x9433890: CRYPTO_malloc (in /usr/lib64/libcrypto.so.3.5.0)
==47==    by 0x9509458: OBJ_NAME_add (in /usr/lib64/libcrypto.so.3.5.0)
==47==    by 0x93DFE43: ??? (in /usr/lib64/libcrypto.so.3.5.0)
==47==    by 0x9432788: ??? (in /usr/lib64/libcrypto.so.3.5.0)
==47==    by 0x8E341AE: __pthread_once_slow (in /usr/lib64/libc.so.6)
==47==    by 0x9447E78: CRYPTO_THREAD_run_once (in /usr/lib64/libcrypto.so.3.5.0)
==47==    by 0x9432DC6: OPENSSL_init_crypto (in /usr/lib64/libcrypto.so.3.5.0)
==47==    by 0x940E759: ??? (in /usr/lib64/libcrypto.so.3.5.0)
==47==    by 0x51AF5F0: ncrypto::Cipher::FromNid(int) (ncrypto.cc:3173)
==47==    by 0x4CCAF6D: __static_initialization_and_destruction_0 (ncrypto.cc:3181)
==47==    by 0x4CCAF6D: _GLOBAL__sub_I_ncrypto.cc (ncrypto.cc:5046)
==47==    by 0x400459D: call_init (in /usr/lib64/ld-linux-x86-64.so.2)
==47== 
==47== 24 bytes in 1 blocks are still reachable in loss record 229 of 361
==47==    at 0x4844784: malloc (in /usr/libexec/valgrind/vgpreload_memcheck-amd64-linux.so)
==47==    by 0x9433890: CRYPTO_malloc (in /usr/lib64/libcrypto.so.3.5.0)
==47==    by 0x9509458: OBJ_NAME_add (in /usr/lib64/libcrypto.so.3.5.0)
==47==    by 0x93DFE5B: ??? (in /usr/lib64/libcrypto.so.3.5.0)
==47==    by 0x9432788: ??? (in /usr/lib64/libcrypto.so.3.5.0)
==47==    by 0x8E341AE: __pthread_once_slow (in /usr/lib64/libc.so.6)
==47==    by 0x9447E78: CRYPTO_THREAD_run_once (in /usr/lib64/libcrypto.so.3.5.0)
==47==    by 0x9432DC6: OPENSSL_init_crypto (in /usr/lib64/libcrypto.so.3.5.0)
==47==    by 0x940E759: ??? (in /usr/lib64/libcrypto.so.3.5.0)
==47==    by 0x51AF5F0: ncrypto::Cipher::FromNid(int) (ncrypto.cc:3173)
==47==    by 0x4CCAF6D: __static_initialization_and_destruction_0 (ncrypto.cc:3181)
==47==    by 0x4CCAF6D: _GLOBAL__sub_I_ncrypto.cc (ncrypto.cc:5046)
==47==    by 0x400459D: call_init (in /usr/lib64/ld-linux-x86-64.so.2)
==47== 
==47== 24 bytes in 1 blocks are still reachable in loss record 230 of 361
==47==    at 0x4844784: malloc (in /usr/libexec/valgrind/vgpreload_memcheck-amd64-linux.so)
==47==    by 0x9433890: CRYPTO_malloc (in /usr/lib64/libcrypto.so.3.5.0)
==47==    by 0x942C995: OPENSSL_LH_insert (in /usr/lib64/libcrypto.so.3.5.0)
==47==    by 0x95094A0: OBJ_NAME_add (in /usr/lib64/libcrypto.so.3.5.0)
==47==    by 0x93DFE5B: ??? (in /usr/lib64/libcrypto.so.3.5.0)
==47==    by 0x9432788: ??? (in /usr/lib64/libcrypto.so.3.5.0)
==47==    by 0x8E341AE: __pthread_once_slow (in /usr/lib64/libc.so.6)
==47==    by 0x9447E78: CRYPTO_THREAD_run_once (in /usr/lib64/libcrypto.so.3.5.0)
==47==    by 0x9432DC6: OPENSSL_init_crypto (in /usr/lib64/libcrypto.so.3.5.0)
==47==    by 0x940E759: ??? (in /usr/lib64/libcrypto.so.3.5.0)
==47==    by 0x51AF5F0: ncrypto::Cipher::FromNid(int) (ncrypto.cc:3173)
==47==    by 0x4CCAF6D: __static_initialization_and_destruction_0 (ncrypto.cc:3181)
==47==    by 0x4CCAF6D: _GLOBAL__sub_I_ncrypto.cc (ncrypto.cc:5046)
==47== 
==47== 24 bytes in 1 blocks are still reachable in loss record 231 of 361
==47==    at 0x4844784: malloc (in /usr/libexec/valgrind/vgpreload_memcheck-amd64-linux.so)
==47==    by 0x9433890: CRYPTO_malloc (in /usr/lib64/libcrypto.so.3.5.0)
==47==    by 0x942C995: OPENSSL_LH_insert (in /usr/lib64/libcrypto.so.3.5.0)
==47==    by 0x95094A0: OBJ_NAME_add (in /usr/lib64/libcrypto.so.3.5.0)
==47==    by 0x940E63F: EVP_add_cipher (in /usr/lib64/libcrypto.so.3.5.0)
==47==    by 0x93DFE68: ??? (in /usr/lib64/libcrypto.so.3.5.0)
==47==    by 0x9432788: ??? (in /usr/lib64/libcrypto.so.3.5.0)
==47==    by 0x8E341AE: __pthread_once_slow (in /usr/lib64/libc.so.6)
==47==    by 0x9447E78: CRYPTO_THREAD_run_once (in /usr/lib64/libcrypto.so.3.5.0)
==47==    by 0x9432DC6: OPENSSL_init_crypto (in /usr/lib64/libcrypto.so.3.5.0)
==47==    by 0x940E759: ??? (in /usr/lib64/libcrypto.so.3.5.0)
==47==    by 0x51AF5F0: ncrypto::Cipher::FromNid(int) (ncrypto.cc:3173)
==47== 
==47== 24 bytes in 1 blocks are still reachable in loss record 232 of 361
==47==    at 0x4844784: malloc (in /usr/libexec/valgrind/vgpreload_memcheck-amd64-linux.so)
==47==    by 0x9433890: CRYPTO_malloc (in /usr/lib64/libcrypto.so.3.5.0)
==47==    by 0x9509458: OBJ_NAME_add (in /usr/lib64/libcrypto.so.3.5.0)
==47==    by 0x93DFE68: ??? (in /usr/lib64/libcrypto.so.3.5.0)
==47==    by 0x9432788: ??? (in /usr/lib64/libcrypto.so.3.5.0)
==47==    by 0x8E341AE: __pthread_once_slow (in /usr/lib64/libc.so.6)
==47==    by 0x9447E78: CRYPTO_THREAD_run_once (in /usr/lib64/libcrypto.so.3.5.0)
==47==    by 0x9432DC6: OPENSSL_init_crypto (in /usr/lib64/libcrypto.so.3.5.0)
==47==    by 0x940E759: ??? (in /usr/lib64/libcrypto.so.3.5.0)
==47==    by 0x51AF5F0: ncrypto::Cipher::FromNid(int) (ncrypto.cc:3173)
==47==    by 0x4CCAF6D: __static_initialization_and_destruction_0 (ncrypto.cc:3181)
==47==    by 0x4CCAF6D: _GLOBAL__sub_I_ncrypto.cc (ncrypto.cc:5046)
==47==    by 0x400459D: call_init (in /usr/lib64/ld-linux-x86-64.so.2)
==47== 
==47== 24 bytes in 1 blocks are still reachable in loss record 233 of 361
==47==    at 0x4844784: malloc (in /usr/libexec/valgrind/vgpreload_memcheck-amd64-linux.so)
==47==    by 0x9433890: CRYPTO_malloc (in /usr/lib64/libcrypto.so.3.5.0)
==47==    by 0x9509458: OBJ_NAME_add (in /usr/lib64/libcrypto.so.3.5.0)
==47==    by 0x93DFE80: ??? (in /usr/lib64/libcrypto.so.3.5.0)
==47==    by 0x9432788: ??? (in /usr/lib64/libcrypto.so.3.5.0)
==47==    by 0x8E341AE: __pthread_once_slow (in /usr/lib64/libc.so.6)
==47==    by 0x9447E78: CRYPTO_THREAD_run_once (in /usr/lib64/libcrypto.so.3.5.0)
==47==    by 0x9432DC6: OPENSSL_init_crypto (in /usr/lib64/libcrypto.so.3.5.0)
==47==    by 0x940E759: ??? (in /usr/lib64/libcrypto.so.3.5.0)
==47==    by 0x51AF5F0: ncrypto::Cipher::FromNid(int) (ncrypto.cc:3173)
==47==    by 0x4CCAF6D: __static_initialization_and_destruction_0 (ncrypto.cc:3181)
==47==    by 0x4CCAF6D: _GLOBAL__sub_I_ncrypto.cc (ncrypto.cc:5046)
==47==    by 0x400459D: call_init (in /usr/lib64/ld-linux-x86-64.so.2)
==47== 
==47== 24 bytes in 1 blocks are still reachable in loss record 234 of 361
==47==    at 0x4844784: malloc (in /usr/libexec/valgrind/vgpreload_memcheck-amd64-linux.so)
==47==    by 0x9433890: CRYPTO_malloc (in /usr/lib64/libcrypto.so.3.5.0)
==47==    by 0x942C995: OPENSSL_LH_insert (in /usr/lib64/libcrypto.so.3.5.0)
==47==    by 0x95094A0: OBJ_NAME_add (in /usr/lib64/libcrypto.so.3.5.0)
==47==    by 0x93DFE80: ??? (in /usr/lib64/libcrypto.so.3.5.0)
==47==    by 0x9432788: ??? (in /usr/lib64/libcrypto.so.3.5.0)
==47==    by 0x8E341AE: __pthread_once_slow (in /usr/lib64/libc.so.6)
==47==    by 0x9447E78: CRYPTO_THREAD_run_once (in /usr/lib64/libcrypto.so.3.5.0)
==47==    by 0x9432DC6: OPENSSL_init_crypto (in /usr/lib64/libcrypto.so.3.5.0)
==47==    by 0x940E759: ??? (in /usr/lib64/libcrypto.so.3.5.0)
==47==    by 0x51AF5F0: ncrypto::Cipher::FromNid(int) (ncrypto.cc:3173)
==47==    by 0x4CCAF6D: __static_initialization_and_destruction_0 (ncrypto.cc:3181)
==47==    by 0x4CCAF6D: _GLOBAL__sub_I_ncrypto.cc (ncrypto.cc:5046)
==47== 
==47== 24 bytes in 1 blocks are still reachable in loss record 235 of 361
==47==    at 0x4844784: malloc (in /usr/libexec/valgrind/vgpreload_memcheck-amd64-linux.so)
==47==    by 0x9433890: CRYPTO_malloc (in /usr/lib64/libcrypto.so.3.5.0)
==47==    by 0x942C995: OPENSSL_LH_insert (in /usr/lib64/libcrypto.so.3.5.0)
==47==    by 0x95094A0: OBJ_NAME_add (in /usr/lib64/libcrypto.so.3.5.0)
==47==    by 0x93DFE94: ??? (in /usr/lib64/libcrypto.so.3.5.0)
==47==    by 0x9432788: ??? (in /usr/lib64/libcrypto.so.3.5.0)
==47==    by 0x8E341AE: __pthread_once_slow (in /usr/lib64/libc.so.6)
==47==    by 0x9447E78: CRYPTO_THREAD_run_once (in /usr/lib64/libcrypto.so.3.5.0)
==47==    by 0x9432DC6: OPENSSL_init_crypto (in /usr/lib64/libcrypto.so.3.5.0)
==47==    by 0x940E759: ??? (in /usr/lib64/libcrypto.so.3.5.0)
==47==    by 0x51AF5F0: ncrypto::Cipher::FromNid(int) (ncrypto.cc:3173)
==47==    by 0x4CCAF6D: __static_initialization_and_destruction_0 (ncrypto.cc:3181)
==47==    by 0x4CCAF6D: _GLOBAL__sub_I_ncrypto.cc (ncrypto.cc:5046)
==47== 
==47== 24 bytes in 1 blocks are still reachable in loss record 236 of 361
==47==    at 0x4844784: malloc (in /usr/libexec/valgrind/vgpreload_memcheck-amd64-linux.so)
==47==    by 0x9433890: CRYPTO_malloc (in /usr/lib64/libcrypto.so.3.5.0)
==47==    by 0x9509458: OBJ_NAME_add (in /usr/lib64/libcrypto.so.3.5.0)
==47==    by 0x93DFEA8: ??? (in /usr/lib64/libcrypto.so.3.5.0)
==47==    by 0x9432788: ??? (in /usr/lib64/libcrypto.so.3.5.0)
==47==    by 0x8E341AE: __pthread_once_slow (in /usr/lib64/libc.so.6)
==47==    by 0x9447E78: CRYPTO_THREAD_run_once (in /usr/lib64/libcrypto.so.3.5.0)
==47==    by 0x9432DC6: OPENSSL_init_crypto (in /usr/lib64/libcrypto.so.3.5.0)
==47==    by 0x940E759: ??? (in /usr/lib64/libcrypto.so.3.5.0)
==47==    by 0x51AF5F0: ncrypto::Cipher::FromNid(int) (ncrypto.cc:3173)
==47==    by 0x4CCAF6D: __static_initialization_and_destruction_0 (ncrypto.cc:3181)
==47==    by 0x4CCAF6D: _GLOBAL__sub_I_ncrypto.cc (ncrypto.cc:5046)
==47==    by 0x400459D: call_init (in /usr/lib64/ld-linux-x86-64.so.2)
==47== 
==47== 24 bytes in 1 blocks are still reachable in loss record 237 of 361
==47==    at 0x4844784: malloc (in /usr/libexec/valgrind/vgpreload_memcheck-amd64-linux.so)
==47==    by 0x9433890: CRYPTO_malloc (in /usr/lib64/libcrypto.so.3.5.0)
==47==    by 0x942C995: OPENSSL_LH_insert (in /usr/lib64/libcrypto.so.3.5.0)
==47==    by 0x95094A0: OBJ_NAME_add (in /usr/lib64/libcrypto.so.3.5.0)
==47==    by 0x940E63F: EVP_add_cipher (in /usr/lib64/libcrypto.so.3.5.0)
==47==    by 0x93DFEBC: ??? (in /usr/lib64/libcrypto.so.3.5.0)
==47==    by 0x9432788: ??? (in /usr/lib64/libcrypto.so.3.5.0)
==47==    by 0x8E341AE: __pthread_once_slow (in /usr/lib64/libc.so.6)
==47==    by 0x9447E78: CRYPTO_THREAD_run_once (in /usr/lib64/libcrypto.so.3.5.0)
==47==    by 0x9432DC6: OPENSSL_init_crypto (in /usr/lib64/libcrypto.so.3.5.0)
==47==    by 0x940E759: ??? (in /usr/lib64/libcrypto.so.3.5.0)
==47==    by 0x51AF5F0: ncrypto::Cipher::FromNid(int) (ncrypto.cc:3173)
==47== 
==47== 24 bytes in 1 blocks are still reachable in loss record 238 of 361
==47==    at 0x4844784: malloc (in /usr/libexec/valgrind/vgpreload_memcheck-amd64-linux.so)
==47==    by 0x9433890: CRYPTO_malloc (in /usr/lib64/libcrypto.so.3.5.0)
==47==    by 0x9509458: OBJ_NAME_add (in /usr/lib64/libcrypto.so.3.5.0)
==47==    by 0x93DFEBC: ??? (in /usr/lib64/libcrypto.so.3.5.0)
==47==    by 0x9432788: ??? (in /usr/lib64/libcrypto.so.3.5.0)
==47==    by 0x8E341AE: __pthread_once_slow (in /usr/lib64/libc.so.6)
==47==    by 0x9447E78: CRYPTO_THREAD_run_once (in /usr/lib64/libcrypto.so.3.5.0)
==47==    by 0x9432DC6: OPENSSL_init_crypto (in /usr/lib64/libcrypto.so.3.5.0)
==47==    by 0x940E759: ??? (in /usr/lib64/libcrypto.so.3.5.0)
==47==    by 0x51AF5F0: ncrypto::Cipher::FromNid(int) (ncrypto.cc:3173)
==47==    by 0x4CCAF6D: __static_initialization_and_destruction_0 (ncrypto.cc:3181)
==47==    by 0x4CCAF6D: _GLOBAL__sub_I_ncrypto.cc (ncrypto.cc:5046)
==47==    by 0x400459D: call_init (in /usr/lib64/ld-linux-x86-64.so.2)
==47== 
==47== 24 bytes in 1 blocks are still reachable in loss record 239 of 361
==47==    at 0x4844784: malloc (in /usr/libexec/valgrind/vgpreload_memcheck-amd64-linux.so)
==47==    by 0x9433890: CRYPTO_malloc (in /usr/lib64/libcrypto.so.3.5.0)
==47==    by 0x942C995: OPENSSL_LH_insert (in /usr/lib64/libcrypto.so.3.5.0)
==47==    by 0x95094A0: OBJ_NAME_add (in /usr/lib64/libcrypto.so.3.5.0)
==47==    by 0x940E63F: EVP_add_cipher (in /usr/lib64/libcrypto.so.3.5.0)
==47==    by 0x93DFEC9: ??? (in /usr/lib64/libcrypto.so.3.5.0)
==47==    by 0x9432788: ??? (in /usr/lib64/libcrypto.so.3.5.0)
==47==    by 0x8E341AE: __pthread_once_slow (in /usr/lib64/libc.so.6)
==47==    by 0x9447E78: CRYPTO_THREAD_run_once (in /usr/lib64/libcrypto.so.3.5.0)
==47==    by 0x9432DC6: OPENSSL_init_crypto (in /usr/lib64/libcrypto.so.3.5.0)
==47==    by 0x940E759: ??? (in /usr/lib64/libcrypto.so.3.5.0)
==47==    by 0x51AF5F0: ncrypto::Cipher::FromNid(int) (ncrypto.cc:3173)
==47== 
==47== 24 bytes in 1 blocks are still reachable in loss record 240 of 361
==47==    at 0x4844784: malloc (in /usr/libexec/valgrind/vgpreload_memcheck-amd64-linux.so)
==47==    by 0x9433890: CRYPTO_malloc (in /usr/lib64/libcrypto.so.3.5.0)
==47==    by 0x9509458: OBJ_NAME_add (in /usr/lib64/libcrypto.so.3.5.0)
==47==    by 0x93DFEC9: ??? (in /usr/lib64/libcrypto.so.3.5.0)
==47==    by 0x9432788: ??? (in /usr/lib64/libcrypto.so.3.5.0)
==47==    by 0x8E341AE: __pthread_once_slow (in /usr/lib64/libc.so.6)
==47==    by 0x9447E78: CRYPTO_THREAD_run_once (in /usr/lib64/libcrypto.so.3.5.0)
==47==    by 0x9432DC6: OPENSSL_init_crypto (in /usr/lib64/libcrypto.so.3.5.0)
==47==    by 0x940E759: ??? (in /usr/lib64/libcrypto.so.3.5.0)
==47==    by 0x51AF5F0: ncrypto::Cipher::FromNid(int) (ncrypto.cc:3173)
==47==    by 0x4CCAF6D: __static_initialization_and_destruction_0 (ncrypto.cc:3181)
==47==    by 0x4CCAF6D: _GLOBAL__sub_I_ncrypto.cc (ncrypto.cc:5046)
==47==    by 0x400459D: call_init (in /usr/lib64/ld-linux-x86-64.so.2)
==47== 
==47== 24 bytes in 1 blocks are still reachable in loss record 241 of 361
==47==    at 0x4844784: malloc (in /usr/libexec/valgrind/vgpreload_memcheck-amd64-linux.so)
==47==    by 0x9433890: CRYPTO_malloc (in /usr/lib64/libcrypto.so.3.5.0)
==47==    by 0x942C995: OPENSSL_LH_insert (in /usr/lib64/libcrypto.so.3.5.0)
==47==    by 0x95094A0: OBJ_NAME_add (in /usr/lib64/libcrypto.so.3.5.0)
==47==    by 0x940E63F: EVP_add_cipher (in /usr/lib64/libcrypto.so.3.5.0)
==47==    by 0x93DFED6: ??? (in /usr/lib64/libcrypto.so.3.5.0)
==47==    by 0x9432788: ??? (in /usr/lib64/libcrypto.so.3.5.0)
==47==    by 0x8E341AE: __pthread_once_slow (in /usr/lib64/libc.so.6)
==47==    by 0x9447E78: CRYPTO_THREAD_run_once (in /usr/lib64/libcrypto.so.3.5.0)
==47==    by 0x9432DC6: OPENSSL_init_crypto (in /usr/lib64/libcrypto.so.3.5.0)
==47==    by 0x940E759: ??? (in /usr/lib64/libcrypto.so.3.5.0)
==47==    by 0x51AF5F0: ncrypto::Cipher::FromNid(int) (ncrypto.cc:3173)
==47== 
==47== 24 bytes in 1 blocks are still reachable in loss record 242 of 361
==47==    at 0x4844784: malloc (in /usr/libexec/valgrind/vgpreload_memcheck-amd64-linux.so)
==47==    by 0x9433890: CRYPTO_malloc (in /usr/lib64/libcrypto.so.3.5.0)
==47==    by 0x9509458: OBJ_NAME_add (in /usr/lib64/libcrypto.so.3.5.0)
==47==    by 0x93DFED6: ??? (in /usr/lib64/libcrypto.so.3.5.0)
==47==    by 0x9432788: ??? (in /usr/lib64/libcrypto.so.3.5.0)
==47==    by 0x8E341AE: __pthread_once_slow (in /usr/lib64/libc.so.6)
==47==    by 0x9447E78: CRYPTO_THREAD_run_once (in /usr/lib64/libcrypto.so.3.5.0)
==47==    by 0x9432DC6: OPENSSL_init_crypto (in /usr/lib64/libcrypto.so.3.5.0)
==47==    by 0x940E759: ??? (in /usr/lib64/libcrypto.so.3.5.0)
==47==    by 0x51AF5F0: ncrypto::Cipher::FromNid(int) (ncrypto.cc:3173)
==47==    by 0x4CCAF6D: __static_initialization_and_destruction_0 (ncrypto.cc:3181)
==47==    by 0x4CCAF6D: _GLOBAL__sub_I_ncrypto.cc (ncrypto.cc:5046)
==47==    by 0x400459D: call_init (in /usr/lib64/ld-linux-x86-64.so.2)
==47== 
==47== 24 bytes in 1 blocks are still reachable in loss record 243 of 361
==47==    at 0x4844784: malloc (in /usr/libexec/valgrind/vgpreload_memcheck-amd64-linux.so)
==47==    by 0x9433890: CRYPTO_malloc (in /usr/lib64/libcrypto.so.3.5.0)
==47==    by 0x942C995: OPENSSL_LH_insert (in /usr/lib64/libcrypto.so.3.5.0)
==47==    by 0x95094A0: OBJ_NAME_add (in /usr/lib64/libcrypto.so.3.5.0)
==47==    by 0x940E63F: EVP_add_cipher (in /usr/lib64/libcrypto.so.3.5.0)
==47==    by 0x93DFEE3: ??? (in /usr/lib64/libcrypto.so.3.5.0)
==47==    by 0x9432788: ??? (in /usr/lib64/libcrypto.so.3.5.0)
==47==    by 0x8E341AE: __pthread_once_slow (in /usr/lib64/libc.so.6)
==47==    by 0x9447E78: CRYPTO_THREAD_run_once (in /usr/lib64/libcrypto.so.3.5.0)
==47==    by 0x9432DC6: OPENSSL_init_crypto (in /usr/lib64/libcrypto.so.3.5.0)
==47==    by 0x940E759: ??? (in /usr/lib64/libcrypto.so.3.5.0)
==47==    by 0x51AF5F0: ncrypto::Cipher::FromNid(int) (ncrypto.cc:3173)
==47== 
==47== 24 bytes in 1 blocks are still reachable in loss record 244 of 361
==47==    at 0x4844784: malloc (in /usr/libexec/valgrind/vgpreload_memcheck-amd64-linux.so)
==47==    by 0x9433890: CRYPTO_malloc (in /usr/lib64/libcrypto.so.3.5.0)
==47==    by 0x9509458: OBJ_NAME_add (in /usr/lib64/libcrypto.so.3.5.0)
==47==    by 0x93DFEE3: ??? (in /usr/lib64/libcrypto.so.3.5.0)
==47==    by 0x9432788: ??? (in /usr/lib64/libcrypto.so.3.5.0)
==47==    by 0x8E341AE: __pthread_once_slow (in /usr/lib64/libc.so.6)
==47==    by 0x9447E78: CRYPTO_THREAD_run_once (in /usr/lib64/libcrypto.so.3.5.0)
==47==    by 0x9432DC6: OPENSSL_init_crypto (in /usr/lib64/libcrypto.so.3.5.0)
==47==    by 0x940E759: ??? (in /usr/lib64/libcrypto.so.3.5.0)
==47==    by 0x51AF5F0: ncrypto::Cipher::FromNid(int) (ncrypto.cc:3173)
==47==    by 0x4CCAF6D: __static_initialization_and_destruction_0 (ncrypto.cc:3181)
==47==    by 0x4CCAF6D: _GLOBAL__sub_I_ncrypto.cc (ncrypto.cc:5046)
==47==    by 0x400459D: call_init (in /usr/lib64/ld-linux-x86-64.so.2)
==47== 
==47== 24 bytes in 1 blocks are still reachable in loss record 245 of 361
==47==    at 0x4844784: malloc (in /usr/libexec/valgrind/vgpreload_memcheck-amd64-linux.so)
==47==    by 0x9433890: CRYPTO_malloc (in /usr/lib64/libcrypto.so.3.5.0)
==47==    by 0x942C995: OPENSSL_LH_insert (in /usr/lib64/libcrypto.so.3.5.0)
==47==    by 0x95094A0: OBJ_NAME_add (in /usr/lib64/libcrypto.so.3.5.0)
==47==    by 0x940E63F: EVP_add_cipher (in /usr/lib64/libcrypto.so.3.5.0)
==47==    by 0x93DFEF0: ??? (in /usr/lib64/libcrypto.so.3.5.0)
==47==    by 0x9432788: ??? (in /usr/lib64/libcrypto.so.3.5.0)
==47==    by 0x8E341AE: __pthread_once_slow (in /usr/lib64/libc.so.6)
==47==    by 0x9447E78: CRYPTO_THREAD_run_once (in /usr/lib64/libcrypto.so.3.5.0)
==47==    by 0x9432DC6: OPENSSL_init_crypto (in /usr/lib64/libcrypto.so.3.5.0)
==47==    by 0x940E759: ??? (in /usr/lib64/libcrypto.so.3.5.0)
==47==    by 0x51AF5F0: ncrypto::Cipher::FromNid(int) (ncrypto.cc:3173)
==47== 
==47== 24 bytes in 1 blocks are still reachable in loss record 246 of 361
==47==    at 0x4844784: malloc (in /usr/libexec/valgrind/vgpreload_memcheck-amd64-linux.so)
==47==    by 0x9433890: CRYPTO_malloc (in /usr/lib64/libcrypto.so.3.5.0)
==47==    by 0x9509458: OBJ_NAME_add (in /usr/lib64/libcrypto.so.3.5.0)
==47==    by 0x93DFEF0: ??? (in /usr/lib64/libcrypto.so.3.5.0)
==47==    by 0x9432788: ??? (in /usr/lib64/libcrypto.so.3.5.0)
==47==    by 0x8E341AE: __pthread_once_slow (in /usr/lib64/libc.so.6)
==47==    by 0x9447E78: CRYPTO_THREAD_run_once (in /usr/lib64/libcrypto.so.3.5.0)
==47==    by 0x9432DC6: OPENSSL_init_crypto (in /usr/lib64/libcrypto.so.3.5.0)
==47==    by 0x940E759: ??? (in /usr/lib64/libcrypto.so.3.5.0)
==47==    by 0x51AF5F0: ncrypto::Cipher::FromNid(int) (ncrypto.cc:3173)
==47==    by 0x4CCAF6D: __static_initialization_and_destruction_0 (ncrypto.cc:3181)
==47==    by 0x4CCAF6D: _GLOBAL__sub_I_ncrypto.cc (ncrypto.cc:5046)
==47==    by 0x400459D: call_init (in /usr/lib64/ld-linux-x86-64.so.2)
==47== 
==47== 24 bytes in 1 blocks are still reachable in loss record 247 of 361
==47==    at 0x4844784: malloc (in /usr/libexec/valgrind/vgpreload_memcheck-amd64-linux.so)
==47==    by 0x9433890: CRYPTO_malloc (in /usr/lib64/libcrypto.so.3.5.0)
==47==    by 0x942C995: OPENSSL_LH_insert (in /usr/lib64/libcrypto.so.3.5.0)
==47==    by 0x95094A0: OBJ_NAME_add (in /usr/lib64/libcrypto.so.3.5.0)
==47==    by 0x940E63F: EVP_add_cipher (in /usr/lib64/libcrypto.so.3.5.0)
==47==    by 0x93DFEFD: ??? (in /usr/lib64/libcrypto.so.3.5.0)
==47==    by 0x9432788: ??? (in /usr/lib64/libcrypto.so.3.5.0)
==47==    by 0x8E341AE: __pthread_once_slow (in /usr/lib64/libc.so.6)
==47==    by 0x9447E78: CRYPTO_THREAD_run_once (in /usr/lib64/libcrypto.so.3.5.0)
==47==    by 0x9432DC6: OPENSSL_init_crypto (in /usr/lib64/libcrypto.so.3.5.0)
==47==    by 0x940E759: ??? (in /usr/lib64/libcrypto.so.3.5.0)
==47==    by 0x51AF5F0: ncrypto::Cipher::FromNid(int) (ncrypto.cc:3173)
==47== 
==47== 24 bytes in 1 blocks are still reachable in loss record 248 of 361
==47==    at 0x4844784: malloc (in /usr/libexec/valgrind/vgpreload_memcheck-amd64-linux.so)
==47==    by 0x9433890: CRYPTO_malloc (in /usr/lib64/libcrypto.so.3.5.0)
==47==    by 0x9509458: OBJ_NAME_add (in /usr/lib64/libcrypto.so.3.5.0)
==47==    by 0x93DFEFD: ??? (in /usr/lib64/libcrypto.so.3.5.0)
==47==    by 0x9432788: ??? (in /usr/lib64/libcrypto.so.3.5.0)
==47==    by 0x8E341AE: __pthread_once_slow (in /usr/lib64/libc.so.6)
==47==    by 0x9447E78: CRYPTO_THREAD_run_once (in /usr/lib64/libcrypto.so.3.5.0)
==47==    by 0x9432DC6: OPENSSL_init_crypto (in /usr/lib64/libcrypto.so.3.5.0)
==47==    by 0x940E759: ??? (in /usr/lib64/libcrypto.so.3.5.0)
==47==    by 0x51AF5F0: ncrypto::Cipher::FromNid(int) (ncrypto.cc:3173)
==47==    by 0x4CCAF6D: __static_initialization_and_destruction_0 (ncrypto.cc:3181)
==47==    by 0x4CCAF6D: _GLOBAL__sub_I_ncrypto.cc (ncrypto.cc:5046)
==47==    by 0x400459D: call_init (in /usr/lib64/ld-linux-x86-64.so.2)
==47== 
==47== 24 bytes in 1 blocks are still reachable in loss record 249 of 361
==47==    at 0x4844784: malloc (in /usr/libexec/valgrind/vgpreload_memcheck-amd64-linux.so)
==47==    by 0x9433890: CRYPTO_malloc (in /usr/lib64/libcrypto.so.3.5.0)
==47==    by 0x942C995: OPENSSL_LH_insert (in /usr/lib64/libcrypto.so.3.5.0)
==47==    by 0x95094A0: OBJ_NAME_add (in /usr/lib64/libcrypto.so.3.5.0)
==47==    by 0x940E63F: EVP_add_cipher (in /usr/lib64/libcrypto.so.3.5.0)
==47==    by 0x93DFF0A: ??? (in /usr/lib64/libcrypto.so.3.5.0)
==47==    by 0x9432788: ??? (in /usr/lib64/libcrypto.so.3.5.0)
==47==    by 0x8E341AE: __pthread_once_slow (in /usr/lib64/libc.so.6)
==47==    by 0x9447E78: CRYPTO_THREAD_run_once (in /usr/lib64/libcrypto.so.3.5.0)
==47==    by 0x9432DC6: OPENSSL_init_crypto (in /usr/lib64/libcrypto.so.3.5.0)
==47==    by 0x940E759: ??? (in /usr/lib64/libcrypto.so.3.5.0)
==47==    by 0x51AF5F0: ncrypto::Cipher::FromNid(int) (ncrypto.cc:3173)
==47== 
==47== 24 bytes in 1 blocks are still reachable in loss record 250 of 361
==47==    at 0x4844784: malloc (in /usr/libexec/valgrind/vgpreload_memcheck-amd64-linux.so)
==47==    by 0x9433890: CRYPTO_malloc (in /usr/lib64/libcrypto.so.3.5.0)
==47==    by 0x9509458: OBJ_NAME_add (in /usr/lib64/libcrypto.so.3.5.0)
==47==    by 0x93DFF0A: ??? (in /usr/lib64/libcrypto.so.3.5.0)
==47==    by 0x9432788: ??? (in /usr/lib64/libcrypto.so.3.5.0)
==47==    by 0x8E341AE: __pthread_once_slow (in /usr/lib64/libc.so.6)
==47==    by 0x9447E78: CRYPTO_THREAD_run_once (in /usr/lib64/libcrypto.so.3.5.0)
==47==    by 0x9432DC6: OPENSSL_init_crypto (in /usr/lib64/libcrypto.so.3.5.0)
==47==    by 0x940E759: ??? (in /usr/lib64/libcrypto.so.3.5.0)
==47==    by 0x51AF5F0: ncrypto::Cipher::FromNid(int) (ncrypto.cc:3173)
==47==    by 0x4CCAF6D: __static_initialization_and_destruction_0 (ncrypto.cc:3181)
==47==    by 0x4CCAF6D: _GLOBAL__sub_I_ncrypto.cc (ncrypto.cc:5046)
==47==    by 0x400459D: call_init (in /usr/lib64/ld-linux-x86-64.so.2)
==47== 
==47== 24 bytes in 1 blocks are still reachable in loss record 251 of 361
==47==    at 0x4844784: malloc (in /usr/libexec/valgrind/vgpreload_memcheck-amd64-linux.so)
==47==    by 0x9433890: CRYPTO_malloc (in /usr/lib64/libcrypto.so.3.5.0)
==47==    by 0x942C995: OPENSSL_LH_insert (in /usr/lib64/libcrypto.so.3.5.0)
==47==    by 0x95094A0: OBJ_NAME_add (in /usr/lib64/libcrypto.so.3.5.0)
==47==    by 0x940E63F: EVP_add_cipher (in /usr/lib64/libcrypto.so.3.5.0)
==47==    by 0x93DFF17: ??? (in /usr/lib64/libcrypto.so.3.5.0)
==47==    by 0x9432788: ??? (in /usr/lib64/libcrypto.so.3.5.0)
==47==    by 0x8E341AE: __pthread_once_slow (in /usr/lib64/libc.so.6)
==47==    by 0x9447E78: CRYPTO_THREAD_run_once (in /usr/lib64/libcrypto.so.3.5.0)
==47==    by 0x9432DC6: OPENSSL_init_crypto (in /usr/lib64/libcrypto.so.3.5.0)
==47==    by 0x940E759: ??? (in /usr/lib64/libcrypto.so.3.5.0)
==47==    by 0x51AF5F0: ncrypto::Cipher::FromNid(int) (ncrypto.cc:3173)
==47== 
==47== 24 bytes in 1 blocks are still reachable in loss record 252 of 361
==47==    at 0x4844784: malloc (in /usr/libexec/valgrind/vgpreload_memcheck-amd64-linux.so)
==47==    by 0x9433890: CRYPTO_malloc (in /usr/lib64/libcrypto.so.3.5.0)
==47==    by 0x9509458: OBJ_NAME_add (in /usr/lib64/libcrypto.so.3.5.0)
==47==    by 0x93DFF17: ??? (in /usr/lib64/libcrypto.so.3.5.0)
==47==    by 0x9432788: ??? (in /usr/lib64/libcrypto.so.3.5.0)
==47==    by 0x8E341AE: __pthread_once_slow (in /usr/lib64/libc.so.6)
==47==    by 0x9447E78: CRYPTO_THREAD_run_once (in /usr/lib64/libcrypto.so.3.5.0)
==47==    by 0x9432DC6: OPENSSL_init_crypto (in /usr/lib64/libcrypto.so.3.5.0)
==47==    by 0x940E759: ??? (in /usr/lib64/libcrypto.so.3.5.0)
==47==    by 0x51AF5F0: ncrypto::Cipher::FromNid(int) (ncrypto.cc:3173)
==47==    by 0x4CCAF6D: __static_initialization_and_destruction_0 (ncrypto.cc:3181)
==47==    by 0x4CCAF6D: _GLOBAL__sub_I_ncrypto.cc (ncrypto.cc:5046)
==47==    by 0x400459D: call_init (in /usr/lib64/ld-linux-x86-64.so.2)
==47== 
==47== 24 bytes in 1 blocks are still reachable in loss record 253 of 361
==47==    at 0x4844784: malloc (in /usr/libexec/valgrind/vgpreload_memcheck-amd64-linux.so)
==47==    by 0x9433890: CRYPTO_malloc (in /usr/lib64/libcrypto.so.3.5.0)
==47==    by 0x942C995: OPENSSL_LH_insert (in /usr/lib64/libcrypto.so.3.5.0)
==47==    by 0x95094A0: OBJ_NAME_add (in /usr/lib64/libcrypto.so.3.5.0)
==47==    by 0x940E63F: EVP_add_cipher (in /usr/lib64/libcrypto.so.3.5.0)
==47==    by 0x93DFF24: ??? (in /usr/lib64/libcrypto.so.3.5.0)
==47==    by 0x9432788: ??? (in /usr/lib64/libcrypto.so.3.5.0)
==47==    by 0x8E341AE: __pthread_once_slow (in /usr/lib64/libc.so.6)
==47==    by 0x9447E78: CRYPTO_THREAD_run_once (in /usr/lib64/libcrypto.so.3.5.0)
==47==    by 0x9432DC6: OPENSSL_init_crypto (in /usr/lib64/libcrypto.so.3.5.0)
==47==    by 0x940E759: ??? (in /usr/lib64/libcrypto.so.3.5.0)
==47==    by 0x51AF5F0: ncrypto::Cipher::FromNid(int) (ncrypto.cc:3173)
==47== 
==47== 24 bytes in 1 blocks are still reachable in loss record 254 of 361
==47==    at 0x4844784: malloc (in /usr/libexec/valgrind/vgpreload_memcheck-amd64-linux.so)
==47==    by 0x9433890: CRYPTO_malloc (in /usr/lib64/libcrypto.so.3.5.0)
==47==    by 0x9509458: OBJ_NAME_add (in /usr/lib64/libcrypto.so.3.5.0)
==47==    by 0x93DFF24: ??? (in /usr/lib64/libcrypto.so.3.5.0)
==47==    by 0x9432788: ??? (in /usr/lib64/libcrypto.so.3.5.0)
==47==    by 0x8E341AE: __pthread_once_slow (in /usr/lib64/libc.so.6)
==47==    by 0x9447E78: CRYPTO_THREAD_run_once (in /usr/lib64/libcrypto.so.3.5.0)
==47==    by 0x9432DC6: OPENSSL_init_crypto (in /usr/lib64/libcrypto.so.3.5.0)
==47==    by 0x940E759: ??? (in /usr/lib64/libcrypto.so.3.5.0)
==47==    by 0x51AF5F0: ncrypto::Cipher::FromNid(int) (ncrypto.cc:3173)
==47==    by 0x4CCAF6D: __static_initialization_and_destruction_0 (ncrypto.cc:3181)
==47==    by 0x4CCAF6D: _GLOBAL__sub_I_ncrypto.cc (ncrypto.cc:5046)
==47==    by 0x400459D: call_init (in /usr/lib64/ld-linux-x86-64.so.2)
==47== 
==47== 24 bytes in 1 blocks are still reachable in loss record 255 of 361
==47==    at 0x4844784: malloc (in /usr/libexec/valgrind/vgpreload_memcheck-amd64-linux.so)
==47==    by 0x9433890: CRYPTO_malloc (in /usr/lib64/libcrypto.so.3.5.0)
==47==    by 0x942C995: OPENSSL_LH_insert (in /usr/lib64/libcrypto.so.3.5.0)
==47==    by 0x95094A0: OBJ_NAME_add (in /usr/lib64/libcrypto.so.3.5.0)
==47==    by 0x940E63F: EVP_add_cipher (in /usr/lib64/libcrypto.so.3.5.0)
==47==    by 0x93DFF31: ??? (in /usr/lib64/libcrypto.so.3.5.0)
==47==    by 0x9432788: ??? (in /usr/lib64/libcrypto.so.3.5.0)
==47==    by 0x8E341AE: __pthread_once_slow (in /usr/lib64/libc.so.6)
==47==    by 0x9447E78: CRYPTO_THREAD_run_once (in /usr/lib64/libcrypto.so.3.5.0)
==47==    by 0x9432DC6: OPENSSL_init_crypto (in /usr/lib64/libcrypto.so.3.5.0)
==47==    by 0x940E759: ??? (in /usr/lib64/libcrypto.so.3.5.0)
==47==    by 0x51AF5F0: ncrypto::Cipher::FromNid(int) (ncrypto.cc:3173)
==47== 
==47== 24 bytes in 1 blocks are still reachable in loss record 256 of 361
==47==    at 0x4844784: malloc (in /usr/libexec/valgrind/vgpreload_memcheck-amd64-linux.so)
==47==    by 0x9433890: CRYPTO_malloc (in /usr/lib64/libcrypto.so.3.5.0)
==47==    by 0x9509458: OBJ_NAME_add (in /usr/lib64/libcrypto.so.3.5.0)
==47==    by 0x93DFF31: ??? (in /usr/lib64/libcrypto.so.3.5.0)
==47==    by 0x9432788: ??? (in /usr/lib64/libcrypto.so.3.5.0)
==47==    by 0x8E341AE: __pthread_once_slow (in /usr/lib64/libc.so.6)
==47==    by 0x9447E78: CRYPTO_THREAD_run_once (in /usr/lib64/libcrypto.so.3.5.0)
==47==    by 0x9432DC6: OPENSSL_init_crypto (in /usr/lib64/libcrypto.so.3.5.0)
==47==    by 0x940E759: ??? (in /usr/lib64/libcrypto.so.3.5.0)
==47==    by 0x51AF5F0: ncrypto::Cipher::FromNid(int) (ncrypto.cc:3173)
==47==    by 0x4CCAF6D: __static_initialization_and_destruction_0 (ncrypto.cc:3181)
==47==    by 0x4CCAF6D: _GLOBAL__sub_I_ncrypto.cc (ncrypto.cc:5046)
==47==    by 0x400459D: call_init (in /usr/lib64/ld-linux-x86-64.so.2)
==47== 
==47== 24 bytes in 1 blocks are still reachable in loss record 257 of 361
==47==    at 0x4844784: malloc (in /usr/libexec/valgrind/vgpreload_memcheck-amd64-linux.so)
==47==    by 0x9433890: CRYPTO_malloc (in /usr/lib64/libcrypto.so.3.5.0)
==47==    by 0x942C995: OPENSSL_LH_insert (in /usr/lib64/libcrypto.so.3.5.0)
==47==    by 0x95094A0: OBJ_NAME_add (in /usr/lib64/libcrypto.so.3.5.0)
==47==    by 0x940E63F: EVP_add_cipher (in /usr/lib64/libcrypto.so.3.5.0)
==47==    by 0x93DFF3E: ??? (in /usr/lib64/libcrypto.so.3.5.0)
==47==    by 0x9432788: ??? (in /usr/lib64/libcrypto.so.3.5.0)
==47==    by 0x8E341AE: __pthread_once_slow (in /usr/lib64/libc.so.6)
==47==    by 0x9447E78: CRYPTO_THREAD_run_once (in /usr/lib64/libcrypto.so.3.5.0)
==47==    by 0x9432DC6: OPENSSL_init_crypto (in /usr/lib64/libcrypto.so.3.5.0)
==47==    by 0x940E759: ??? (in /usr/lib64/libcrypto.so.3.5.0)
==47==    by 0x51AF5F0: ncrypto::Cipher::FromNid(int) (ncrypto.cc:3173)
==47== 
==47== 24 bytes in 1 blocks are still reachable in loss record 258 of 361
==47==    at 0x4844784: malloc (in /usr/libexec/valgrind/vgpreload_memcheck-amd64-linux.so)
==47==    by 0x9433890: CRYPTO_malloc (in /usr/lib64/libcrypto.so.3.5.0)
==47==    by 0x9509458: OBJ_NAME_add (in /usr/lib64/libcrypto.so.3.5.0)
==47==    by 0x93DFF3E: ??? (in /usr/lib64/libcrypto.so.3.5.0)
==47==    by 0x9432788: ??? (in /usr/lib64/libcrypto.so.3.5.0)
==47==    by 0x8E341AE: __pthread_once_slow (in /usr/lib64/libc.so.6)
==47==    by 0x9447E78: CRYPTO_THREAD_run_once (in /usr/lib64/libcrypto.so.3.5.0)
==47==    by 0x9432DC6: OPENSSL_init_crypto (in /usr/lib64/libcrypto.so.3.5.0)
==47==    by 0x940E759: ??? (in /usr/lib64/libcrypto.so.3.5.0)
==47==    by 0x51AF5F0: ncrypto::Cipher::FromNid(int) (ncrypto.cc:3173)
==47==    by 0x4CCAF6D: __static_initialization_and_destruction_0 (ncrypto.cc:3181)
==47==    by 0x4CCAF6D: _GLOBAL__sub_I_ncrypto.cc (ncrypto.cc:5046)
==47==    by 0x400459D: call_init (in /usr/lib64/ld-linux-x86-64.so.2)
==47== 
==47== 24 bytes in 1 blocks are still reachable in loss record 259 of 361
==47==    at 0x4844784: malloc (in /usr/libexec/valgrind/vgpreload_memcheck-amd64-linux.so)
==47==    by 0x9433890: CRYPTO_malloc (in /usr/lib64/libcrypto.so.3.5.0)
==47==    by 0x942C995: OPENSSL_LH_insert (in /usr/lib64/libcrypto.so.3.5.0)
==47==    by 0x95094A0: OBJ_NAME_add (in /usr/lib64/libcrypto.so.3.5.0)
==47==    by 0x940E63F: EVP_add_cipher (in /usr/lib64/libcrypto.so.3.5.0)
==47==    by 0x93DFF4B: ??? (in /usr/lib64/libcrypto.so.3.5.0)
==47==    by 0x9432788: ??? (in /usr/lib64/libcrypto.so.3.5.0)
==47==    by 0x8E341AE: __pthread_once_slow (in /usr/lib64/libc.so.6)
==47==    by 0x9447E78: CRYPTO_THREAD_run_once (in /usr/lib64/libcrypto.so.3.5.0)
==47==    by 0x9432DC6: OPENSSL_init_crypto (in /usr/lib64/libcrypto.so.3.5.0)
==47==    by 0x940E759: ??? (in /usr/lib64/libcrypto.so.3.5.0)
==47==    by 0x51AF5F0: ncrypto::Cipher::FromNid(int) (ncrypto.cc:3173)
==47== 
==47== 24 bytes in 1 blocks are still reachable in loss record 260 of 361
==47==    at 0x4844784: malloc (in /usr/libexec/valgrind/vgpreload_memcheck-amd64-linux.so)
==47==    by 0x9433890: CRYPTO_malloc (in /usr/lib64/libcrypto.so.3.5.0)
==47==    by 0x9509458: OBJ_NAME_add (in /usr/lib64/libcrypto.so.3.5.0)
==47==    by 0x93DFF4B: ??? (in /usr/lib64/libcrypto.so.3.5.0)
==47==    by 0x9432788: ??? (in /usr/lib64/libcrypto.so.3.5.0)
==47==    by 0x8E341AE: __pthread_once_slow (in /usr/lib64/libc.so.6)
==47==    by 0x9447E78: CRYPTO_THREAD_run_once (in /usr/lib64/libcrypto.so.3.5.0)
==47==    by 0x9432DC6: OPENSSL_init_crypto (in /usr/lib64/libcrypto.so.3.5.0)
==47==    by 0x940E759: ??? (in /usr/lib64/libcrypto.so.3.5.0)
==47==    by 0x51AF5F0: ncrypto::Cipher::FromNid(int) (ncrypto.cc:3173)
==47==    by 0x4CCAF6D: __static_initialization_and_destruction_0 (ncrypto.cc:3181)
==47==    by 0x4CCAF6D: _GLOBAL__sub_I_ncrypto.cc (ncrypto.cc:5046)
==47==    by 0x400459D: call_init (in /usr/lib64/ld-linux-x86-64.so.2)
==47== 
==47== 24 bytes in 1 blocks are still reachable in loss record 261 of 361
==47==    at 0x4844784: malloc (in /usr/libexec/valgrind/vgpreload_memcheck-amd64-linux.so)
==47==    by 0x9433890: CRYPTO_malloc (in /usr/lib64/libcrypto.so.3.5.0)
==47==    by 0x942C995: OPENSSL_LH_insert (in /usr/lib64/libcrypto.so.3.5.0)
==47==    by 0x95094A0: OBJ_NAME_add (in /usr/lib64/libcrypto.so.3.5.0)
==47==    by 0x940E63F: EVP_add_cipher (in /usr/lib64/libcrypto.so.3.5.0)
==47==    by 0x93DFF58: ??? (in /usr/lib64/libcrypto.so.3.5.0)
==47==    by 0x9432788: ??? (in /usr/lib64/libcrypto.so.3.5.0)
==47==    by 0x8E341AE: __pthread_once_slow (in /usr/lib64/libc.so.6)
==47==    by 0x9447E78: CRYPTO_THREAD_run_once (in /usr/lib64/libcrypto.so.3.5.0)
==47==    by 0x9432DC6: OPENSSL_init_crypto (in /usr/lib64/libcrypto.so.3.5.0)
==47==    by 0x940E759: ??? (in /usr/lib64/libcrypto.so.3.5.0)
==47==    by 0x51AF5F0: ncrypto::Cipher::FromNid(int) (ncrypto.cc:3173)
==47== 
==47== 24 bytes in 1 blocks are still reachable in loss record 262 of 361
==47==    at 0x4844784: malloc (in /usr/libexec/valgrind/vgpreload_memcheck-amd64-linux.so)
==47==    by 0x9433890: CRYPTO_malloc (in /usr/lib64/libcrypto.so.3.5.0)
==47==    by 0x9509458: OBJ_NAME_add (in /usr/lib64/libcrypto.so.3.5.0)
==47==    by 0x93DFF58: ??? (in /usr/lib64/libcrypto.so.3.5.0)
==47==    by 0x9432788: ??? (in /usr/lib64/libcrypto.so.3.5.0)
==47==    by 0x8E341AE: __pthread_once_slow (in /usr/lib64/libc.so.6)
==47==    by 0x9447E78: CRYPTO_THREAD_run_once (in /usr/lib64/libcrypto.so.3.5.0)
==47==    by 0x9432DC6: OPENSSL_init_crypto (in /usr/lib64/libcrypto.so.3.5.0)
==47==    by 0x940E759: ??? (in /usr/lib64/libcrypto.so.3.5.0)
==47==    by 0x51AF5F0: ncrypto::Cipher::FromNid(int) (ncrypto.cc:3173)
==47==    by 0x4CCAF6D: __static_initialization_and_destruction_0 (ncrypto.cc:3181)
==47==    by 0x4CCAF6D: _GLOBAL__sub_I_ncrypto.cc (ncrypto.cc:5046)
==47==    by 0x400459D: call_init (in /usr/lib64/ld-linux-x86-64.so.2)
==47== 
==47== 24 bytes in 1 blocks are still reachable in loss record 263 of 361
==47==    at 0x4844784: malloc (in /usr/libexec/valgrind/vgpreload_memcheck-amd64-linux.so)
==47==    by 0x9433890: CRYPTO_malloc (in /usr/lib64/libcrypto.so.3.5.0)
==47==    by 0x942C995: OPENSSL_LH_insert (in /usr/lib64/libcrypto.so.3.5.0)
==47==    by 0x95094A0: OBJ_NAME_add (in /usr/lib64/libcrypto.so.3.5.0)
==47==    by 0x93DFF6C: ??? (in /usr/lib64/libcrypto.so.3.5.0)
==47==    by 0x9432788: ??? (in /usr/lib64/libcrypto.so.3.5.0)
==47==    by 0x8E341AE: __pthread_once_slow (in /usr/lib64/libc.so.6)
==47==    by 0x9447E78: CRYPTO_THREAD_run_once (in /usr/lib64/libcrypto.so.3.5.0)
==47==    by 0x9432DC6: OPENSSL_init_crypto (in /usr/lib64/libcrypto.so.3.5.0)
==47==    by 0x940E759: ??? (in /usr/lib64/libcrypto.so.3.5.0)
==47==    by 0x51AF5F0: ncrypto::Cipher::FromNid(int) (ncrypto.cc:3173)
==47==    by 0x4CCAF6D: __static_initialization_and_destruction_0 (ncrypto.cc:3181)
==47==    by 0x4CCAF6D: _GLOBAL__sub_I_ncrypto.cc (ncrypto.cc:5046)
==47== 
==47== 24 bytes in 1 blocks are still reachable in loss record 264 of 361
==47==    at 0x4844784: malloc (in /usr/libexec/valgrind/vgpreload_memcheck-amd64-linux.so)
==47==    by 0x9433890: CRYPTO_malloc (in /usr/lib64/libcrypto.so.3.5.0)
==47==    by 0x9509458: OBJ_NAME_add (in /usr/lib64/libcrypto.so.3.5.0)
==47==    by 0x93DFF80: ??? (in /usr/lib64/libcrypto.so.3.5.0)
==47==    by 0x9432788: ??? (in /usr/lib64/libcrypto.so.3.5.0)
==47==    by 0x8E341AE: __pthread_once_slow (in /usr/lib64/libc.so.6)
==47==    by 0x9447E78: CRYPTO_THREAD_run_once (in /usr/lib64/libcrypto.so.3.5.0)
==47==    by 0x9432DC6: OPENSSL_init_crypto (in /usr/lib64/libcrypto.so.3.5.0)
==47==    by 0x940E759: ??? (in /usr/lib64/libcrypto.so.3.5.0)
==47==    by 0x51AF5F0: ncrypto::Cipher::FromNid(int) (ncrypto.cc:3173)
==47==    by 0x4CCAF6D: __static_initialization_and_destruction_0 (ncrypto.cc:3181)
==47==    by 0x4CCAF6D: _GLOBAL__sub_I_ncrypto.cc (ncrypto.cc:5046)
==47==    by 0x400459D: call_init (in /usr/lib64/ld-linux-x86-64.so.2)
==47== 
==47== 24 bytes in 1 blocks are still reachable in loss record 265 of 361
==47==    at 0x4844784: malloc (in /usr/libexec/valgrind/vgpreload_memcheck-amd64-linux.so)
==47==    by 0x9433890: CRYPTO_malloc (in /usr/lib64/libcrypto.so.3.5.0)
==47==    by 0x942C995: OPENSSL_LH_insert (in /usr/lib64/libcrypto.so.3.5.0)
==47==    by 0x95094A0: OBJ_NAME_add (in /usr/lib64/libcrypto.so.3.5.0)
==47==    by 0x940E63F: EVP_add_cipher (in /usr/lib64/libcrypto.so.3.5.0)
==47==    by 0x93DFF94: ??? (in /usr/lib64/libcrypto.so.3.5.0)
==47==    by 0x9432788: ??? (in /usr/lib64/libcrypto.so.3.5.0)
==47==    by 0x8E341AE: __pthread_once_slow (in /usr/lib64/libc.so.6)
==47==    by 0x9447E78: CRYPTO_THREAD_run_once (in /usr/lib64/libcrypto.so.3.5.0)
==47==    by 0x9432DC6: OPENSSL_init_crypto (in /usr/lib64/libcrypto.so.3.5.0)
==47==    by 0x940E759: ??? (in /usr/lib64/libcrypto.so.3.5.0)
==47==    by 0x51AF5F0: ncrypto::Cipher::FromNid(int) (ncrypto.cc:3173)
==47== 
==47== 24 bytes in 1 blocks are still reachable in loss record 266 of 361
==47==    at 0x4844784: malloc (in /usr/libexec/valgrind/vgpreload_memcheck-amd64-linux.so)
==47==    by 0x9433890: CRYPTO_malloc (in /usr/lib64/libcrypto.so.3.5.0)
==47==    by 0x9509458: OBJ_NAME_add (in /usr/lib64/libcrypto.so.3.5.0)
==47==    by 0x93DFF94: ??? (in /usr/lib64/libcrypto.so.3.5.0)
==47==    by 0x9432788: ??? (in /usr/lib64/libcrypto.so.3.5.0)
==47==    by 0x8E341AE: __pthread_once_slow (in /usr/lib64/libc.so.6)
==47==    by 0x9447E78: CRYPTO_THREAD_run_once (in /usr/lib64/libcrypto.so.3.5.0)
==47==    by 0x9432DC6: OPENSSL_init_crypto (in /usr/lib64/libcrypto.so.3.5.0)
==47==    by 0x940E759: ??? (in /usr/lib64/libcrypto.so.3.5.0)
==47==    by 0x51AF5F0: ncrypto::Cipher::FromNid(int) (ncrypto.cc:3173)
==47==    by 0x4CCAF6D: __static_initialization_and_destruction_0 (ncrypto.cc:3181)
==47==    by 0x4CCAF6D: _GLOBAL__sub_I_ncrypto.cc (ncrypto.cc:5046)
==47==    by 0x400459D: call_init (in /usr/lib64/ld-linux-x86-64.so.2)
==47== 
==47== 24 bytes in 1 blocks are still reachable in loss record 267 of 361
==47==    at 0x4844784: malloc (in /usr/libexec/valgrind/vgpreload_memcheck-amd64-linux.so)
==47==    by 0x9433890: CRYPTO_malloc (in /usr/lib64/libcrypto.so.3.5.0)
==47==    by 0x942C995: OPENSSL_LH_insert (in /usr/lib64/libcrypto.so.3.5.0)
==47==    by 0x95094A0: OBJ_NAME_add (in /usr/lib64/libcrypto.so.3.5.0)
==47==    by 0x940E63F: EVP_add_cipher (in /usr/lib64/libcrypto.so.3.5.0)
==47==    by 0x93DFFA1: ??? (in /usr/lib64/libcrypto.so.3.5.0)
==47==    by 0x9432788: ??? (in /usr/lib64/libcrypto.so.3.5.0)
==47==    by 0x8E341AE: __pthread_once_slow (in /usr/lib64/libc.so.6)
==47==    by 0x9447E78: CRYPTO_THREAD_run_once (in /usr/lib64/libcrypto.so.3.5.0)
==47==    by 0x9432DC6: OPENSSL_init_crypto (in /usr/lib64/libcrypto.so.3.5.0)
==47==    by 0x940E759: ??? (in /usr/lib64/libcrypto.so.3.5.0)
==47==    by 0x51AF5F0: ncrypto::Cipher::FromNid(int) (ncrypto.cc:3173)
==47== 
==47== 24 bytes in 1 blocks are still reachable in loss record 268 of 361
==47==    at 0x4844784: malloc (in /usr/libexec/valgrind/vgpreload_memcheck-amd64-linux.so)
==47==    by 0x9433890: CRYPTO_malloc (in /usr/lib64/libcrypto.so.3.5.0)
==47==    by 0x9509458: OBJ_NAME_add (in /usr/lib64/libcrypto.so.3.5.0)
==47==    by 0x93DFFA1: ??? (in /usr/lib64/libcrypto.so.3.5.0)
==47==    by 0x9432788: ??? (in /usr/lib64/libcrypto.so.3.5.0)
==47==    by 0x8E341AE: __pthread_once_slow (in /usr/lib64/libc.so.6)
==47==    by 0x9447E78: CRYPTO_THREAD_run_once (in /usr/lib64/libcrypto.so.3.5.0)
==47==    by 0x9432DC6: OPENSSL_init_crypto (in /usr/lib64/libcrypto.so.3.5.0)
==47==    by 0x940E759: ??? (in /usr/lib64/libcrypto.so.3.5.0)
==47==    by 0x51AF5F0: ncrypto::Cipher::FromNid(int) (ncrypto.cc:3173)
==47==    by 0x4CCAF6D: __static_initialization_and_destruction_0 (ncrypto.cc:3181)
==47==    by 0x4CCAF6D: _GLOBAL__sub_I_ncrypto.cc (ncrypto.cc:5046)
==47==    by 0x400459D: call_init (in /usr/lib64/ld-linux-x86-64.so.2)
==47== 
==47== 24 bytes in 1 blocks are still reachable in loss record 269 of 361
==47==    at 0x4844784: malloc (in /usr/libexec/valgrind/vgpreload_memcheck-amd64-linux.so)
==47==    by 0x9433890: CRYPTO_malloc (in /usr/lib64/libcrypto.so.3.5.0)
==47==    by 0x942C995: OPENSSL_LH_insert (in /usr/lib64/libcrypto.so.3.5.0)
==47==    by 0x95094A0: OBJ_NAME_add (in /usr/lib64/libcrypto.so.3.5.0)
==47==    by 0x940E63F: EVP_add_cipher (in /usr/lib64/libcrypto.so.3.5.0)
==47==    by 0x93DFFAE: ??? (in /usr/lib64/libcrypto.so.3.5.0)
==47==    by 0x9432788: ??? (in /usr/lib64/libcrypto.so.3.5.0)
==47==    by 0x8E341AE: __pthread_once_slow (in /usr/lib64/libc.so.6)
==47==    by 0x9447E78: CRYPTO_THREAD_run_once (in /usr/lib64/libcrypto.so.3.5.0)
==47==    by 0x9432DC6: OPENSSL_init_crypto (in /usr/lib64/libcrypto.so.3.5.0)
==47==    by 0x940E759: ??? (in /usr/lib64/libcrypto.so.3.5.0)
==47==    by 0x51AF5F0: ncrypto::Cipher::FromNid(int) (ncrypto.cc:3173)
==47== 
==47== 24 bytes in 1 blocks are still reachable in loss record 270 of 361
==47==    at 0x4844784: malloc (in /usr/libexec/valgrind/vgpreload_memcheck-amd64-linux.so)
==47==    by 0x9433890: CRYPTO_malloc (in /usr/lib64/libcrypto.so.3.5.0)
==47==    by 0x9509458: OBJ_NAME_add (in /usr/lib64/libcrypto.so.3.5.0)
==47==    by 0x93DFFAE: ??? (in /usr/lib64/libcrypto.so.3.5.0)
==47==    by 0x9432788: ??? (in /usr/lib64/libcrypto.so.3.5.0)
==47==    by 0x8E341AE: __pthread_once_slow (in /usr/lib64/libc.so.6)
==47==    by 0x9447E78: CRYPTO_THREAD_run_once (in /usr/lib64/libcrypto.so.3.5.0)
==47==    by 0x9432DC6: OPENSSL_init_crypto (in /usr/lib64/libcrypto.so.3.5.0)
==47==    by 0x940E759: ??? (in /usr/lib64/libcrypto.so.3.5.0)
==47==    by 0x51AF5F0: ncrypto::Cipher::FromNid(int) (ncrypto.cc:3173)
==47==    by 0x4CCAF6D: __static_initialization_and_destruction_0 (ncrypto.cc:3181)
==47==    by 0x4CCAF6D: _GLOBAL__sub_I_ncrypto.cc (ncrypto.cc:5046)
==47==    by 0x400459D: call_init (in /usr/lib64/ld-linux-x86-64.so.2)
==47== 
==47== 24 bytes in 1 blocks are still reachable in loss record 271 of 361
==47==    at 0x4844784: malloc (in /usr/libexec/valgrind/vgpreload_memcheck-amd64-linux.so)
==47==    by 0x9433890: CRYPTO_malloc (in /usr/lib64/libcrypto.so.3.5.0)
==47==    by 0x942C995: OPENSSL_LH_insert (in /usr/lib64/libcrypto.so.3.5.0)
==47==    by 0x95094A0: OBJ_NAME_add (in /usr/lib64/libcrypto.so.3.5.0)
==47==    by 0x940E63F: EVP_add_cipher (in /usr/lib64/libcrypto.so.3.5.0)
==47==    by 0x93DFFBB: ??? (in /usr/lib64/libcrypto.so.3.5.0)
==47==    by 0x9432788: ??? (in /usr/lib64/libcrypto.so.3.5.0)
==47==    by 0x8E341AE: __pthread_once_slow (in /usr/lib64/libc.so.6)
==47==    by 0x9447E78: CRYPTO_THREAD_run_once (in /usr/lib64/libcrypto.so.3.5.0)
==47==    by 0x9432DC6: OPENSSL_init_crypto (in /usr/lib64/libcrypto.so.3.5.0)
==47==    by 0x940E759: ??? (in /usr/lib64/libcrypto.so.3.5.0)
==47==    by 0x51AF5F0: ncrypto::Cipher::FromNid(int) (ncrypto.cc:3173)
==47== 
==47== 24 bytes in 1 blocks are still reachable in loss record 272 of 361
==47==    at 0x4844784: malloc (in /usr/libexec/valgrind/vgpreload_memcheck-amd64-linux.so)
==47==    by 0x9433890: CRYPTO_malloc (in /usr/lib64/libcrypto.so.3.5.0)
==47==    by 0x9509458: OBJ_NAME_add (in /usr/lib64/libcrypto.so.3.5.0)
==47==    by 0x93DFFBB: ??? (in /usr/lib64/libcrypto.so.3.5.0)
==47==    by 0x9432788: ??? (in /usr/lib64/libcrypto.so.3.5.0)
==47==    by 0x8E341AE: __pthread_once_slow (in /usr/lib64/libc.so.6)
==47==    by 0x9447E78: CRYPTO_THREAD_run_once (in /usr/lib64/libcrypto.so.3.5.0)
==47==    by 0x9432DC6: OPENSSL_init_crypto (in /usr/lib64/libcrypto.so.3.5.0)
==47==    by 0x940E759: ??? (in /usr/lib64/libcrypto.so.3.5.0)
==47==    by 0x51AF5F0: ncrypto::Cipher::FromNid(int) (ncrypto.cc:3173)
==47==    by 0x4CCAF6D: __static_initialization_and_destruction_0 (ncrypto.cc:3181)
==47==    by 0x4CCAF6D: _GLOBAL__sub_I_ncrypto.cc (ncrypto.cc:5046)
==47==    by 0x400459D: call_init (in /usr/lib64/ld-linux-x86-64.so.2)
==47== 
==47== 24 bytes in 1 blocks are still reachable in loss record 273 of 361
==47==    at 0x4844784: malloc (in /usr/libexec/valgrind/vgpreload_memcheck-amd64-linux.so)
==47==    by 0x9433890: CRYPTO_malloc (in /usr/lib64/libcrypto.so.3.5.0)
==47==    by 0x942C995: OPENSSL_LH_insert (in /usr/lib64/libcrypto.so.3.5.0)
==47==    by 0x95094A0: OBJ_NAME_add (in /usr/lib64/libcrypto.so.3.5.0)
==47==    by 0x940E63F: EVP_add_cipher (in /usr/lib64/libcrypto.so.3.5.0)
==47==    by 0x93DFFC8: ??? (in /usr/lib64/libcrypto.so.3.5.0)
==47==    by 0x9432788: ??? (in /usr/lib64/libcrypto.so.3.5.0)
==47==    by 0x8E341AE: __pthread_once_slow (in /usr/lib64/libc.so.6)
==47==    by 0x9447E78: CRYPTO_THREAD_run_once (in /usr/lib64/libcrypto.so.3.5.0)
==47==    by 0x9432DC6: OPENSSL_init_crypto (in /usr/lib64/libcrypto.so.3.5.0)
==47==    by 0x940E759: ??? (in /usr/lib64/libcrypto.so.3.5.0)
==47==    by 0x51AF5F0: ncrypto::Cipher::FromNid(int) (ncrypto.cc:3173)
==47== 
==47== 24 bytes in 1 blocks are still reachable in loss record 274 of 361
==47==    at 0x4844784: malloc (in /usr/libexec/valgrind/vgpreload_memcheck-amd64-linux.so)
==47==    by 0x9433890: CRYPTO_malloc (in /usr/lib64/libcrypto.so.3.5.0)
==47==    by 0x9509458: OBJ_NAME_add (in /usr/lib64/libcrypto.so.3.5.0)
==47==    by 0x93DFFC8: ??? (in /usr/lib64/libcrypto.so.3.5.0)
==47==    by 0x9432788: ??? (in /usr/lib64/libcrypto.so.3.5.0)
==47==    by 0x8E341AE: __pthread_once_slow (in /usr/lib64/libc.so.6)
==47==    by 0x9447E78: CRYPTO_THREAD_run_once (in /usr/lib64/libcrypto.so.3.5.0)
==47==    by 0x9432DC6: OPENSSL_init_crypto (in /usr/lib64/libcrypto.so.3.5.0)
==47==    by 0x940E759: ??? (in /usr/lib64/libcrypto.so.3.5.0)
==47==    by 0x51AF5F0: ncrypto::Cipher::FromNid(int) (ncrypto.cc:3173)
==47==    by 0x4CCAF6D: __static_initialization_and_destruction_0 (ncrypto.cc:3181)
==47==    by 0x4CCAF6D: _GLOBAL__sub_I_ncrypto.cc (ncrypto.cc:5046)
==47==    by 0x400459D: call_init (in /usr/lib64/ld-linux-x86-64.so.2)
==47== 
==47== 24 bytes in 1 blocks are still reachable in loss record 275 of 361
==47==    at 0x4844784: malloc (in /usr/libexec/valgrind/vgpreload_memcheck-amd64-linux.so)
==47==    by 0x9433890: CRYPTO_malloc (in /usr/lib64/libcrypto.so.3.5.0)
==47==    by 0x942C995: OPENSSL_LH_insert (in /usr/lib64/libcrypto.so.3.5.0)
==47==    by 0x95094A0: OBJ_NAME_add (in /usr/lib64/libcrypto.so.3.5.0)
==47==    by 0x940E63F: EVP_add_cipher (in /usr/lib64/libcrypto.so.3.5.0)
==47==    by 0x93DFFD5: ??? (in /usr/lib64/libcrypto.so.3.5.0)
==47==    by 0x9432788: ??? (in /usr/lib64/libcrypto.so.3.5.0)
==47==    by 0x8E341AE: __pthread_once_slow (in /usr/lib64/libc.so.6)
==47==    by 0x9447E78: CRYPTO_THREAD_run_once (in /usr/lib64/libcrypto.so.3.5.0)
==47==    by 0x9432DC6: OPENSSL_init_crypto (in /usr/lib64/libcrypto.so.3.5.0)
==47==    by 0x940E759: ??? (in /usr/lib64/libcrypto.so.3.5.0)
==47==    by 0x51AF5F0: ncrypto::Cipher::FromNid(int) (ncrypto.cc:3173)
==47== 
==47== 24 bytes in 1 blocks are still reachable in loss record 276 of 361
==47==    at 0x4844784: malloc (in /usr/libexec/valgrind/vgpreload_memcheck-amd64-linux.so)
==47==    by 0x9433890: CRYPTO_malloc (in /usr/lib64/libcrypto.so.3.5.0)
==47==    by 0x9509458: OBJ_NAME_add (in /usr/lib64/libcrypto.so.3.5.0)
==47==    by 0x93DFFD5: ??? (in /usr/lib64/libcrypto.so.3.5.0)
==47==    by 0x9432788: ??? (in /usr/lib64/libcrypto.so.3.5.0)
==47==    by 0x8E341AE: __pthread_once_slow (in /usr/lib64/libc.so.6)
==47==    by 0x9447E78: CRYPTO_THREAD_run_once (in /usr/lib64/libcrypto.so.3.5.0)
==47==    by 0x9432DC6: OPENSSL_init_crypto (in /usr/lib64/libcrypto.so.3.5.0)
==47==    by 0x940E759: ??? (in /usr/lib64/libcrypto.so.3.5.0)
==47==    by 0x51AF5F0: ncrypto::Cipher::FromNid(int) (ncrypto.cc:3173)
==47==    by 0x4CCAF6D: __static_initialization_and_destruction_0 (ncrypto.cc:3181)
==47==    by 0x4CCAF6D: _GLOBAL__sub_I_ncrypto.cc (ncrypto.cc:5046)
==47==    by 0x400459D: call_init (in /usr/lib64/ld-linux-x86-64.so.2)
==47== 
==47== 24 bytes in 1 blocks are still reachable in loss record 277 of 361
==47==    at 0x4844784: malloc (in /usr/libexec/valgrind/vgpreload_memcheck-amd64-linux.so)
==47==    by 0x9433890: CRYPTO_malloc (in /usr/lib64/libcrypto.so.3.5.0)
==47==    by 0x942C995: OPENSSL_LH_insert (in /usr/lib64/libcrypto.so.3.5.0)
==47==    by 0x95094A0: OBJ_NAME_add (in /usr/lib64/libcrypto.so.3.5.0)
==47==    by 0x940E63F: EVP_add_cipher (in /usr/lib64/libcrypto.so.3.5.0)
==47==    by 0x93DFFE2: ??? (in /usr/lib64/libcrypto.so.3.5.0)
==47==    by 0x9432788: ??? (in /usr/lib64/libcrypto.so.3.5.0)
==47==    by 0x8E341AE: __pthread_once_slow (in /usr/lib64/libc.so.6)
==47==    by 0x9447E78: CRYPTO_THREAD_run_once (in /usr/lib64/libcrypto.so.3.5.0)
==47==    by 0x9432DC6: OPENSSL_init_crypto (in /usr/lib64/libcrypto.so.3.5.0)
==47==    by 0x940E759: ??? (in /usr/lib64/libcrypto.so.3.5.0)
==47==    by 0x51AF5F0: ncrypto::Cipher::FromNid(int) (ncrypto.cc:3173)
==47== 
==47== 24 bytes in 1 blocks are still reachable in loss record 278 of 361
==47==    at 0x4844784: malloc (in /usr/libexec/valgrind/vgpreload_memcheck-amd64-linux.so)
==47==    by 0x9433890: CRYPTO_malloc (in /usr/lib64/libcrypto.so.3.5.0)
==47==    by 0x9509458: OBJ_NAME_add (in /usr/lib64/libcrypto.so.3.5.0)
==47==    by 0x93DFFE2: ??? (in /usr/lib64/libcrypto.so.3.5.0)
==47==    by 0x9432788: ??? (in /usr/lib64/libcrypto.so.3.5.0)
==47==    by 0x8E341AE: __pthread_once_slow (in /usr/lib64/libc.so.6)
==47==    by 0x9447E78: CRYPTO_THREAD_run_once (in /usr/lib64/libcrypto.so.3.5.0)
==47==    by 0x9432DC6: OPENSSL_init_crypto (in /usr/lib64/libcrypto.so.3.5.0)
==47==    by 0x940E759: ??? (in /usr/lib64/libcrypto.so.3.5.0)
==47==    by 0x51AF5F0: ncrypto::Cipher::FromNid(int) (ncrypto.cc:3173)
==47==    by 0x4CCAF6D: __static_initialization_and_destruction_0 (ncrypto.cc:3181)
==47==    by 0x4CCAF6D: _GLOBAL__sub_I_ncrypto.cc (ncrypto.cc:5046)
==47==    by 0x400459D: call_init (in /usr/lib64/ld-linux-x86-64.so.2)
==47== 
==47== 24 bytes in 1 blocks are still reachable in loss record 279 of 361
==47==    at 0x4844784: malloc (in /usr/libexec/valgrind/vgpreload_memcheck-amd64-linux.so)
==47==    by 0x9433890: CRYPTO_malloc (in /usr/lib64/libcrypto.so.3.5.0)
==47==    by 0x942C995: OPENSSL_LH_insert (in /usr/lib64/libcrypto.so.3.5.0)
==47==    by 0x95094A0: OBJ_NAME_add (in /usr/lib64/libcrypto.so.3.5.0)
==47==    by 0x940E63F: EVP_add_cipher (in /usr/lib64/libcrypto.so.3.5.0)
==47==    by 0x93DFFEF: ??? (in /usr/lib64/libcrypto.so.3.5.0)
==47==    by 0x9432788: ??? (in /usr/lib64/libcrypto.so.3.5.0)
==47==    by 0x8E341AE: __pthread_once_slow (in /usr/lib64/libc.so.6)
==47==    by 0x9447E78: CRYPTO_THREAD_run_once (in /usr/lib64/libcrypto.so.3.5.0)
==47==    by 0x9432DC6: OPENSSL_init_crypto (in /usr/lib64/libcrypto.so.3.5.0)
==47==    by 0x940E759: ??? (in /usr/lib64/libcrypto.so.3.5.0)
==47==    by 0x51AF5F0: ncrypto::Cipher::FromNid(int) (ncrypto.cc:3173)
==47== 
==47== 24 bytes in 1 blocks are still reachable in loss record 280 of 361
==47==    at 0x4844784: malloc (in /usr/libexec/valgrind/vgpreload_memcheck-amd64-linux.so)
==47==    by 0x9433890: CRYPTO_malloc (in /usr/lib64/libcrypto.so.3.5.0)
==47==    by 0x9509458: OBJ_NAME_add (in /usr/lib64/libcrypto.so.3.5.0)
==47==    by 0x93DFFEF: ??? (in /usr/lib64/libcrypto.so.3.5.0)
==47==    by 0x9432788: ??? (in /usr/lib64/libcrypto.so.3.5.0)
==47==    by 0x8E341AE: __pthread_once_slow (in /usr/lib64/libc.so.6)
==47==    by 0x9447E78: CRYPTO_THREAD_run_once (in /usr/lib64/libcrypto.so.3.5.0)
==47==    by 0x9432DC6: OPENSSL_init_crypto (in /usr/lib64/libcrypto.so.3.5.0)
==47==    by 0x940E759: ??? (in /usr/lib64/libcrypto.so.3.5.0)
==47==    by 0x51AF5F0: ncrypto::Cipher::FromNid(int) (ncrypto.cc:3173)
==47==    by 0x4CCAF6D: __static_initialization_and_destruction_0 (ncrypto.cc:3181)
==47==    by 0x4CCAF6D: _GLOBAL__sub_I_ncrypto.cc (ncrypto.cc:5046)
==47==    by 0x400459D: call_init (in /usr/lib64/ld-linux-x86-64.so.2)
==47== 
==47== 24 bytes in 1 blocks are still reachable in loss record 281 of 361
==47==    at 0x4844784: malloc (in /usr/libexec/valgrind/vgpreload_memcheck-amd64-linux.so)
==47==    by 0x9433890: CRYPTO_malloc (in /usr/lib64/libcrypto.so.3.5.0)
==47==    by 0x942C995: OPENSSL_LH_insert (in /usr/lib64/libcrypto.so.3.5.0)
==47==    by 0x95094A0: OBJ_NAME_add (in /usr/lib64/libcrypto.so.3.5.0)
==47==    by 0x940E63F: EVP_add_cipher (in /usr/lib64/libcrypto.so.3.5.0)
==47==    by 0x93DFFFC: ??? (in /usr/lib64/libcrypto.so.3.5.0)
==47==    by 0x9432788: ??? (in /usr/lib64/libcrypto.so.3.5.0)
==47==    by 0x8E341AE: __pthread_once_slow (in /usr/lib64/libc.so.6)
==47==    by 0x9447E78: CRYPTO_THREAD_run_once (in /usr/lib64/libcrypto.so.3.5.0)
==47==    by 0x9432DC6: OPENSSL_init_crypto (in /usr/lib64/libcrypto.so.3.5.0)
==47==    by 0x940E759: ??? (in /usr/lib64/libcrypto.so.3.5.0)
==47==    by 0x51AF5F0: ncrypto::Cipher::FromNid(int) (ncrypto.cc:3173)
==47== 
==47== 24 bytes in 1 blocks are still reachable in loss record 282 of 361
==47==    at 0x4844784: malloc (in /usr/libexec/valgrind/vgpreload_memcheck-amd64-linux.so)
==47==    by 0x9433890: CRYPTO_malloc (in /usr/lib64/libcrypto.so.3.5.0)
==47==    by 0x9509458: OBJ_NAME_add (in /usr/lib64/libcrypto.so.3.5.0)
==47==    by 0x93DFFFC: ??? (in /usr/lib64/libcrypto.so.3.5.0)
==47==    by 0x9432788: ??? (in /usr/lib64/libcrypto.so.3.5.0)
==47==    by 0x8E341AE: __pthread_once_slow (in /usr/lib64/libc.so.6)
==47==    by 0x9447E78: CRYPTO_THREAD_run_once (in /usr/lib64/libcrypto.so.3.5.0)
==47==    by 0x9432DC6: OPENSSL_init_crypto (in /usr/lib64/libcrypto.so.3.5.0)
==47==    by 0x940E759: ??? (in /usr/lib64/libcrypto.so.3.5.0)
==47==    by 0x51AF5F0: ncrypto::Cipher::FromNid(int) (ncrypto.cc:3173)
==47==    by 0x4CCAF6D: __static_initialization_and_destruction_0 (ncrypto.cc:3181)
==47==    by 0x4CCAF6D: _GLOBAL__sub_I_ncrypto.cc (ncrypto.cc:5046)
==47==    by 0x400459D: call_init (in /usr/lib64/ld-linux-x86-64.so.2)
==47== 
==47== 24 bytes in 1 blocks are still reachable in loss record 283 of 361
==47==    at 0x4844784: malloc (in /usr/libexec/valgrind/vgpreload_memcheck-amd64-linux.so)
==47==    by 0x9433890: CRYPTO_malloc (in /usr/lib64/libcrypto.so.3.5.0)
==47==    by 0x942C995: OPENSSL_LH_insert (in /usr/lib64/libcrypto.so.3.5.0)
==47==    by 0x95094A0: OBJ_NAME_add (in /usr/lib64/libcrypto.so.3.5.0)
==47==    by 0x93E0010: ??? (in /usr/lib64/libcrypto.so.3.5.0)
==47==    by 0x9432788: ??? (in /usr/lib64/libcrypto.so.3.5.0)
==47==    by 0x8E341AE: __pthread_once_slow (in /usr/lib64/libc.so.6)
==47==    by 0x9447E78: CRYPTO_THREAD_run_once (in /usr/lib64/libcrypto.so.3.5.0)
==47==    by 0x9432DC6: OPENSSL_init_crypto (in /usr/lib64/libcrypto.so.3.5.0)
==47==    by 0x940E759: ??? (in /usr/lib64/libcrypto.so.3.5.0)
==47==    by 0x51AF5F0: ncrypto::Cipher::FromNid(int) (ncrypto.cc:3173)
==47==    by 0x4CCAF6D: __static_initialization_and_destruction_0 (ncrypto.cc:3181)
==47==    by 0x4CCAF6D: _GLOBAL__sub_I_ncrypto.cc (ncrypto.cc:5046)
==47== 
==47== 24 bytes in 1 blocks are still reachable in loss record 284 of 361
==47==    at 0x4844784: malloc (in /usr/libexec/valgrind/vgpreload_memcheck-amd64-linux.so)
==47==    by 0x9433890: CRYPTO_malloc (in /usr/lib64/libcrypto.so.3.5.0)
==47==    by 0x9509458: OBJ_NAME_add (in /usr/lib64/libcrypto.so.3.5.0)
==47==    by 0x93E0024: ??? (in /usr/lib64/libcrypto.so.3.5.0)
==47==    by 0x9432788: ??? (in /usr/lib64/libcrypto.so.3.5.0)
==47==    by 0x8E341AE: __pthread_once_slow (in /usr/lib64/libc.so.6)
==47==    by 0x9447E78: CRYPTO_THREAD_run_once (in /usr/lib64/libcrypto.so.3.5.0)
==47==    by 0x9432DC6: OPENSSL_init_crypto (in /usr/lib64/libcrypto.so.3.5.0)
==47==    by 0x940E759: ??? (in /usr/lib64/libcrypto.so.3.5.0)
==47==    by 0x51AF5F0: ncrypto::Cipher::FromNid(int) (ncrypto.cc:3173)
==47==    by 0x4CCAF6D: __static_initialization_and_destruction_0 (ncrypto.cc:3181)
==47==    by 0x4CCAF6D: _GLOBAL__sub_I_ncrypto.cc (ncrypto.cc:5046)
==47==    by 0x400459D: call_init (in /usr/lib64/ld-linux-x86-64.so.2)
==47== 
==47== 24 bytes in 1 blocks are still reachable in loss record 285 of 361
==47==    at 0x4844784: malloc (in /usr/libexec/valgrind/vgpreload_memcheck-amd64-linux.so)
==47==    by 0x9433890: CRYPTO_malloc (in /usr/lib64/libcrypto.so.3.5.0)
==47==    by 0x942C995: OPENSSL_LH_insert (in /usr/lib64/libcrypto.so.3.5.0)
==47==    by 0x95094A0: OBJ_NAME_add (in /usr/lib64/libcrypto.so.3.5.0)
==47==    by 0x940E63F: EVP_add_cipher (in /usr/lib64/libcrypto.so.3.5.0)
==47==    by 0x93E0038: ??? (in /usr/lib64/libcrypto.so.3.5.0)
==47==    by 0x9432788: ??? (in /usr/lib64/libcrypto.so.3.5.0)
==47==    by 0x8E341AE: __pthread_once_slow (in /usr/lib64/libc.so.6)
==47==    by 0x9447E78: CRYPTO_THREAD_run_once (in /usr/lib64/libcrypto.so.3.5.0)
==47==    by 0x9432DC6: OPENSSL_init_crypto (in /usr/lib64/libcrypto.so.3.5.0)
==47==    by 0x940E759: ??? (in /usr/lib64/libcrypto.so.3.5.0)
==47==    by 0x51AF5F0: ncrypto::Cipher::FromNid(int) (ncrypto.cc:3173)
==47== 
==47== 24 bytes in 1 blocks are still reachable in loss record 286 of 361
==47==    at 0x4844784: malloc (in /usr/libexec/valgrind/vgpreload_memcheck-amd64-linux.so)
==47==    by 0x9433890: CRYPTO_malloc (in /usr/lib64/libcrypto.so.3.5.0)
==47==    by 0x9509458: OBJ_NAME_add (in /usr/lib64/libcrypto.so.3.5.0)
==47==    by 0x93E0038: ??? (in /usr/lib64/libcrypto.so.3.5.0)
==47==    by 0x9432788: ??? (in /usr/lib64/libcrypto.so.3.5.0)
==47==    by 0x8E341AE: __pthread_once_slow (in /usr/lib64/libc.so.6)
==47==    by 0x9447E78: CRYPTO_THREAD_run_once (in /usr/lib64/libcrypto.so.3.5.0)
==47==    by 0x9432DC6: OPENSSL_init_crypto (in /usr/lib64/libcrypto.so.3.5.0)
==47==    by 0x940E759: ??? (in /usr/lib64/libcrypto.so.3.5.0)
==47==    by 0x51AF5F0: ncrypto::Cipher::FromNid(int) (ncrypto.cc:3173)
==47==    by 0x4CCAF6D: __static_initialization_and_destruction_0 (ncrypto.cc:3181)
==47==    by 0x4CCAF6D: _GLOBAL__sub_I_ncrypto.cc (ncrypto.cc:5046)
==47==    by 0x400459D: call_init (in /usr/lib64/ld-linux-x86-64.so.2)
==47== 
==47== 24 bytes in 1 blocks are still reachable in loss record 287 of 361
==47==    at 0x4844784: malloc (in /usr/libexec/valgrind/vgpreload_memcheck-amd64-linux.so)
==47==    by 0x9433890: CRYPTO_malloc (in /usr/lib64/libcrypto.so.3.5.0)
==47==    by 0x942C995: OPENSSL_LH_insert (in /usr/lib64/libcrypto.so.3.5.0)
==47==    by 0x95094A0: OBJ_NAME_add (in /usr/lib64/libcrypto.so.3.5.0)
==47==    by 0x940E63F: EVP_add_cipher (in /usr/lib64/libcrypto.so.3.5.0)
==47==    by 0x93E0045: ??? (in /usr/lib64/libcrypto.so.3.5.0)
==47==    by 0x9432788: ??? (in /usr/lib64/libcrypto.so.3.5.0)
==47==    by 0x8E341AE: __pthread_once_slow (in /usr/lib64/libc.so.6)
==47==    by 0x9447E78: CRYPTO_THREAD_run_once (in /usr/lib64/libcrypto.so.3.5.0)
==47==    by 0x9432DC6: OPENSSL_init_crypto (in /usr/lib64/libcrypto.so.3.5.0)
==47==    by 0x940E759: ??? (in /usr/lib64/libcrypto.so.3.5.0)
==47==    by 0x51AF5F0: ncrypto::Cipher::FromNid(int) (ncrypto.cc:3173)
==47== 
==47== 24 bytes in 1 blocks are still reachable in loss record 288 of 361
==47==    at 0x4844784: malloc (in /usr/libexec/valgrind/vgpreload_memcheck-amd64-linux.so)
==47==    by 0x9433890: CRYPTO_malloc (in /usr/lib64/libcrypto.so.3.5.0)
==47==    by 0x9509458: OBJ_NAME_add (in /usr/lib64/libcrypto.so.3.5.0)
==47==    by 0x93E0045: ??? (in /usr/lib64/libcrypto.so.3.5.0)
==47==    by 0x9432788: ??? (in /usr/lib64/libcrypto.so.3.5.0)
==47==    by 0x8E341AE: __pthread_once_slow (in /usr/lib64/libc.so.6)
==47==    by 0x9447E78: CRYPTO_THREAD_run_once (in /usr/lib64/libcrypto.so.3.5.0)
==47==    by 0x9432DC6: OPENSSL_init_crypto (in /usr/lib64/libcrypto.so.3.5.0)
==47==    by 0x940E759: ??? (in /usr/lib64/libcrypto.so.3.5.0)
==47==    by 0x51AF5F0: ncrypto::Cipher::FromNid(int) (ncrypto.cc:3173)
==47==    by 0x4CCAF6D: __static_initialization_and_destruction_0 (ncrypto.cc:3181)
==47==    by 0x4CCAF6D: _GLOBAL__sub_I_ncrypto.cc (ncrypto.cc:5046)
==47==    by 0x400459D: call_init (in /usr/lib64/ld-linux-x86-64.so.2)
==47== 
==47== 24 bytes in 1 blocks are still reachable in loss record 289 of 361
==47==    at 0x4844784: malloc (in /usr/libexec/valgrind/vgpreload_memcheck-amd64-linux.so)
==47==    by 0x9433890: CRYPTO_malloc (in /usr/lib64/libcrypto.so.3.5.0)
==47==    by 0x942C995: OPENSSL_LH_insert (in /usr/lib64/libcrypto.so.3.5.0)
==47==    by 0x95094A0: OBJ_NAME_add (in /usr/lib64/libcrypto.so.3.5.0)
==47==    by 0x940E63F: EVP_add_cipher (in /usr/lib64/libcrypto.so.3.5.0)
==47==    by 0x93E0052: ??? (in /usr/lib64/libcrypto.so.3.5.0)
==47==    by 0x9432788: ??? (in /usr/lib64/libcrypto.so.3.5.0)
==47==    by 0x8E341AE: __pthread_once_slow (in /usr/lib64/libc.so.6)
==47==    by 0x9447E78: CRYPTO_THREAD_run_once (in /usr/lib64/libcrypto.so.3.5.0)
==47==    by 0x9432DC6: OPENSSL_init_crypto (in /usr/lib64/libcrypto.so.3.5.0)
==47==    by 0x940E759: ??? (in /usr/lib64/libcrypto.so.3.5.0)
==47==    by 0x51AF5F0: ncrypto::Cipher::FromNid(int) (ncrypto.cc:3173)
==47== 
==47== 24 bytes in 1 blocks are still reachable in loss record 290 of 361
==47==    at 0x4844784: malloc (in /usr/libexec/valgrind/vgpreload_memcheck-amd64-linux.so)
==47==    by 0x9433890: CRYPTO_malloc (in /usr/lib64/libcrypto.so.3.5.0)
==47==    by 0x9509458: OBJ_NAME_add (in /usr/lib64/libcrypto.so.3.5.0)
==47==    by 0x93E0052: ??? (in /usr/lib64/libcrypto.so.3.5.0)
==47==    by 0x9432788: ??? (in /usr/lib64/libcrypto.so.3.5.0)
==47==    by 0x8E341AE: __pthread_once_slow (in /usr/lib64/libc.so.6)
==47==    by 0x9447E78: CRYPTO_THREAD_run_once (in /usr/lib64/libcrypto.so.3.5.0)
==47==    by 0x9432DC6: OPENSSL_init_crypto (in /usr/lib64/libcrypto.so.3.5.0)
==47==    by 0x940E759: ??? (in /usr/lib64/libcrypto.so.3.5.0)
==47==    by 0x51AF5F0: ncrypto::Cipher::FromNid(int) (ncrypto.cc:3173)
==47==    by 0x4CCAF6D: __static_initialization_and_destruction_0 (ncrypto.cc:3181)
==47==    by 0x4CCAF6D: _GLOBAL__sub_I_ncrypto.cc (ncrypto.cc:5046)
==47==    by 0x400459D: call_init (in /usr/lib64/ld-linux-x86-64.so.2)
==47== 
==47== 24 bytes in 1 blocks are still reachable in loss record 291 of 361
==47==    at 0x4844784: malloc (in /usr/libexec/valgrind/vgpreload_memcheck-amd64-linux.so)
==47==    by 0x9433890: CRYPTO_malloc (in /usr/lib64/libcrypto.so.3.5.0)
==47==    by 0x942C995: OPENSSL_LH_insert (in /usr/lib64/libcrypto.so.3.5.0)
==47==    by 0x95094A0: OBJ_NAME_add (in /usr/lib64/libcrypto.so.3.5.0)
==47==    by 0x940E63F: EVP_add_cipher (in /usr/lib64/libcrypto.so.3.5.0)
==47==    by 0x93E005F: ??? (in /usr/lib64/libcrypto.so.3.5.0)
==47==    by 0x9432788: ??? (in /usr/lib64/libcrypto.so.3.5.0)
==47==    by 0x8E341AE: __pthread_once_slow (in /usr/lib64/libc.so.6)
==47==    by 0x9447E78: CRYPTO_THREAD_run_once (in /usr/lib64/libcrypto.so.3.5.0)
==47==    by 0x9432DC6: OPENSSL_init_crypto (in /usr/lib64/libcrypto.so.3.5.0)
==47==    by 0x940E759: ??? (in /usr/lib64/libcrypto.so.3.5.0)
==47==    by 0x51AF5F0: ncrypto::Cipher::FromNid(int) (ncrypto.cc:3173)
==47== 
==47== 24 bytes in 1 blocks are still reachable in loss record 292 of 361
==47==    at 0x4844784: malloc (in /usr/libexec/valgrind/vgpreload_memcheck-amd64-linux.so)
==47==    by 0x9433890: CRYPTO_malloc (in /usr/lib64/libcrypto.so.3.5.0)
==47==    by 0x9509458: OBJ_NAME_add (in /usr/lib64/libcrypto.so.3.5.0)
==47==    by 0x93E005F: ??? (in /usr/lib64/libcrypto.so.3.5.0)
==47==    by 0x9432788: ??? (in /usr/lib64/libcrypto.so.3.5.0)
==47==    by 0x8E341AE: __pthread_once_slow (in /usr/lib64/libc.so.6)
==47==    by 0x9447E78: CRYPTO_THREAD_run_once (in /usr/lib64/libcrypto.so.3.5.0)
==47==    by 0x9432DC6: OPENSSL_init_crypto (in /usr/lib64/libcrypto.so.3.5.0)
==47==    by 0x940E759: ??? (in /usr/lib64/libcrypto.so.3.5.0)
==47==    by 0x51AF5F0: ncrypto::Cipher::FromNid(int) (ncrypto.cc:3173)
==47==    by 0x4CCAF6D: __static_initialization_and_destruction_0 (ncrypto.cc:3181)
==47==    by 0x4CCAF6D: _GLOBAL__sub_I_ncrypto.cc (ncrypto.cc:5046)
==47==    by 0x400459D: call_init (in /usr/lib64/ld-linux-x86-64.so.2)
==47== 
==47== 24 bytes in 1 blocks are still reachable in loss record 293 of 361
==47==    at 0x4844784: malloc (in /usr/libexec/valgrind/vgpreload_memcheck-amd64-linux.so)
==47==    by 0x9433890: CRYPTO_malloc (in /usr/lib64/libcrypto.so.3.5.0)
==47==    by 0x942C995: OPENSSL_LH_insert (in /usr/lib64/libcrypto.so.3.5.0)
==47==    by 0x95094A0: OBJ_NAME_add (in /usr/lib64/libcrypto.so.3.5.0)
==47==    by 0x940E63F: EVP_add_cipher (in /usr/lib64/libcrypto.so.3.5.0)
==47==    by 0x93E006C: ??? (in /usr/lib64/libcrypto.so.3.5.0)
==47==    by 0x9432788: ??? (in /usr/lib64/libcrypto.so.3.5.0)
==47==    by 0x8E341AE: __pthread_once_slow (in /usr/lib64/libc.so.6)
==47==    by 0x9447E78: CRYPTO_THREAD_run_once (in /usr/lib64/libcrypto.so.3.5.0)
==47==    by 0x9432DC6: OPENSSL_init_crypto (in /usr/lib64/libcrypto.so.3.5.0)
==47==    by 0x940E759: ??? (in /usr/lib64/libcrypto.so.3.5.0)
==47==    by 0x51AF5F0: ncrypto::Cipher::FromNid(int) (ncrypto.cc:3173)
==47== 
==47== 24 bytes in 1 blocks are still reachable in loss record 294 of 361
==47==    at 0x4844784: malloc (in /usr/libexec/valgrind/vgpreload_memcheck-amd64-linux.so)
==47==    by 0x9433890: CRYPTO_malloc (in /usr/lib64/libcrypto.so.3.5.0)
==47==    by 0x9509458: OBJ_NAME_add (in /usr/lib64/libcrypto.so.3.5.0)
==47==    by 0x93E006C: ??? (in /usr/lib64/libcrypto.so.3.5.0)
==47==    by 0x9432788: ??? (in /usr/lib64/libcrypto.so.3.5.0)
==47==    by 0x8E341AE: __pthread_once_slow (in /usr/lib64/libc.so.6)
==47==    by 0x9447E78: CRYPTO_THREAD_run_once (in /usr/lib64/libcrypto.so.3.5.0)
==47==    by 0x9432DC6: OPENSSL_init_crypto (in /usr/lib64/libcrypto.so.3.5.0)
==47==    by 0x940E759: ??? (in /usr/lib64/libcrypto.so.3.5.0)
==47==    by 0x51AF5F0: ncrypto::Cipher::FromNid(int) (ncrypto.cc:3173)
==47==    by 0x4CCAF6D: __static_initialization_and_destruction_0 (ncrypto.cc:3181)
==47==    by 0x4CCAF6D: _GLOBAL__sub_I_ncrypto.cc (ncrypto.cc:5046)
==47==    by 0x400459D: call_init (in /usr/lib64/ld-linux-x86-64.so.2)
==47== 
==47== 24 bytes in 1 blocks are still reachable in loss record 295 of 361
==47==    at 0x4844784: malloc (in /usr/libexec/valgrind/vgpreload_memcheck-amd64-linux.so)
==47==    by 0x9433890: CRYPTO_malloc (in /usr/lib64/libcrypto.so.3.5.0)
==47==    by 0x942C995: OPENSSL_LH_insert (in /usr/lib64/libcrypto.so.3.5.0)
==47==    by 0x95094A0: OBJ_NAME_add (in /usr/lib64/libcrypto.so.3.5.0)
==47==    by 0x940E63F: EVP_add_cipher (in /usr/lib64/libcrypto.so.3.5.0)
==47==    by 0x93E0079: ??? (in /usr/lib64/libcrypto.so.3.5.0)
==47==    by 0x9432788: ??? (in /usr/lib64/libcrypto.so.3.5.0)
==47==    by 0x8E341AE: __pthread_once_slow (in /usr/lib64/libc.so.6)
==47==    by 0x9447E78: CRYPTO_THREAD_run_once (in /usr/lib64/libcrypto.so.3.5.0)
==47==    by 0x9432DC6: OPENSSL_init_crypto (in /usr/lib64/libcrypto.so.3.5.0)
==47==    by 0x940E759: ??? (in /usr/lib64/libcrypto.so.3.5.0)
==47==    by 0x51AF5F0: ncrypto::Cipher::FromNid(int) (ncrypto.cc:3173)
==47== 
==47== 24 bytes in 1 blocks are still reachable in loss record 296 of 361
==47==    at 0x4844784: malloc (in /usr/libexec/valgrind/vgpreload_memcheck-amd64-linux.so)
==47==    by 0x9433890: CRYPTO_malloc (in /usr/lib64/libcrypto.so.3.5.0)
==47==    by 0x9509458: OBJ_NAME_add (in /usr/lib64/libcrypto.so.3.5.0)
==47==    by 0x93E0079: ??? (in /usr/lib64/libcrypto.so.3.5.0)
==47==    by 0x9432788: ??? (in /usr/lib64/libcrypto.so.3.5.0)
==47==    by 0x8E341AE: __pthread_once_slow (in /usr/lib64/libc.so.6)
==47==    by 0x9447E78: CRYPTO_THREAD_run_once (in /usr/lib64/libcrypto.so.3.5.0)
==47==    by 0x9432DC6: OPENSSL_init_crypto (in /usr/lib64/libcrypto.so.3.5.0)
==47==    by 0x940E759: ??? (in /usr/lib64/libcrypto.so.3.5.0)
==47==    by 0x51AF5F0: ncrypto::Cipher::FromNid(int) (ncrypto.cc:3173)
==47==    by 0x4CCAF6D: __static_initialization_and_destruction_0 (ncrypto.cc:3181)
==47==    by 0x4CCAF6D: _GLOBAL__sub_I_ncrypto.cc (ncrypto.cc:5046)
==47==    by 0x400459D: call_init (in /usr/lib64/ld-linux-x86-64.so.2)
==47== 
==47== 24 bytes in 1 blocks are still reachable in loss record 297 of 361
==47==    at 0x4844784: malloc (in /usr/libexec/valgrind/vgpreload_memcheck-amd64-linux.so)
==47==    by 0x9433890: CRYPTO_malloc (in /usr/lib64/libcrypto.so.3.5.0)
==47==    by 0x942C995: OPENSSL_LH_insert (in /usr/lib64/libcrypto.so.3.5.0)
==47==    by 0x95094A0: OBJ_NAME_add (in /usr/lib64/libcrypto.so.3.5.0)
==47==    by 0x940E63F: EVP_add_cipher (in /usr/lib64/libcrypto.so.3.5.0)
==47==    by 0x93E0086: ??? (in /usr/lib64/libcrypto.so.3.5.0)
==47==    by 0x9432788: ??? (in /usr/lib64/libcrypto.so.3.5.0)
==47==    by 0x8E341AE: __pthread_once_slow (in /usr/lib64/libc.so.6)
==47==    by 0x9447E78: CRYPTO_THREAD_run_once (in /usr/lib64/libcrypto.so.3.5.0)
==47==    by 0x9432DC6: OPENSSL_init_crypto (in /usr/lib64/libcrypto.so.3.5.0)
==47==    by 0x940E759: ??? (in /usr/lib64/libcrypto.so.3.5.0)
==47==    by 0x51AF5F0: ncrypto::Cipher::FromNid(int) (ncrypto.cc:3173)
==47== 
==47== 24 bytes in 1 blocks are still reachable in loss record 298 of 361
==47==    at 0x4844784: malloc (in /usr/libexec/valgrind/vgpreload_memcheck-amd64-linux.so)
==47==    by 0x9433890: CRYPTO_malloc (in /usr/lib64/libcrypto.so.3.5.0)
==47==    by 0x9509458: OBJ_NAME_add (in /usr/lib64/libcrypto.so.3.5.0)
==47==    by 0x93E0086: ??? (in /usr/lib64/libcrypto.so.3.5.0)
==47==    by 0x9432788: ??? (in /usr/lib64/libcrypto.so.3.5.0)
==47==    by 0x8E341AE: __pthread_once_slow (in /usr/lib64/libc.so.6)
==47==    by 0x9447E78: CRYPTO_THREAD_run_once (in /usr/lib64/libcrypto.so.3.5.0)
==47==    by 0x9432DC6: OPENSSL_init_crypto (in /usr/lib64/libcrypto.so.3.5.0)
==47==    by 0x940E759: ??? (in /usr/lib64/libcrypto.so.3.5.0)
==47==    by 0x51AF5F0: ncrypto::Cipher::FromNid(int) (ncrypto.cc:3173)
==47==    by 0x4CCAF6D: __static_initialization_and_destruction_0 (ncrypto.cc:3181)
==47==    by 0x4CCAF6D: _GLOBAL__sub_I_ncrypto.cc (ncrypto.cc:5046)
==47==    by 0x400459D: call_init (in /usr/lib64/ld-linux-x86-64.so.2)
==47== 
==47== 24 bytes in 1 blocks are still reachable in loss record 299 of 361
==47==    at 0x4844784: malloc (in /usr/libexec/valgrind/vgpreload_memcheck-amd64-linux.so)
==47==    by 0x9433890: CRYPTO_malloc (in /usr/lib64/libcrypto.so.3.5.0)
==47==    by 0x942C995: OPENSSL_LH_insert (in /usr/lib64/libcrypto.so.3.5.0)
==47==    by 0x95094A0: OBJ_NAME_add (in /usr/lib64/libcrypto.so.3.5.0)
==47==    by 0x940E63F: EVP_add_cipher (in /usr/lib64/libcrypto.so.3.5.0)
==47==    by 0x93E0093: ??? (in /usr/lib64/libcrypto.so.3.5.0)
==47==    by 0x9432788: ??? (in /usr/lib64/libcrypto.so.3.5.0)
==47==    by 0x8E341AE: __pthread_once_slow (in /usr/lib64/libc.so.6)
==47==    by 0x9447E78: CRYPTO_THREAD_run_once (in /usr/lib64/libcrypto.so.3.5.0)
==47==    by 0x9432DC6: OPENSSL_init_crypto (in /usr/lib64/libcrypto.so.3.5.0)
==47==    by 0x940E759: ??? (in /usr/lib64/libcrypto.so.3.5.0)
==47==    by 0x51AF5F0: ncrypto::Cipher::FromNid(int) (ncrypto.cc:3173)
==47== 
==47== 24 bytes in 1 blocks are still reachable in loss record 300 of 361
==47==    at 0x4844784: malloc (in /usr/libexec/valgrind/vgpreload_memcheck-amd64-linux.so)
==47==    by 0x9433890: CRYPTO_malloc (in /usr/lib64/libcrypto.so.3.5.0)
==47==    by 0x9509458: OBJ_NAME_add (in /usr/lib64/libcrypto.so.3.5.0)
==47==    by 0x93E0093: ??? (in /usr/lib64/libcrypto.so.3.5.0)
==47==    by 0x9432788: ??? (in /usr/lib64/libcrypto.so.3.5.0)
==47==    by 0x8E341AE: __pthread_once_slow (in /usr/lib64/libc.so.6)
==47==    by 0x9447E78: CRYPTO_THREAD_run_once (in /usr/lib64/libcrypto.so.3.5.0)
==47==    by 0x9432DC6: OPENSSL_init_crypto (in /usr/lib64/libcrypto.so.3.5.0)
==47==    by 0x940E759: ??? (in /usr/lib64/libcrypto.so.3.5.0)
==47==    by 0x51AF5F0: ncrypto::Cipher::FromNid(int) (ncrypto.cc:3173)
==47==    by 0x4CCAF6D: __static_initialization_and_destruction_0 (ncrypto.cc:3181)
==47==    by 0x4CCAF6D: _GLOBAL__sub_I_ncrypto.cc (ncrypto.cc:5046)
==47==    by 0x400459D: call_init (in /usr/lib64/ld-linux-x86-64.so.2)
==47== 
==47== 24 bytes in 1 blocks are still reachable in loss record 301 of 361
==47==    at 0x4844784: malloc (in /usr/libexec/valgrind/vgpreload_memcheck-amd64-linux.so)
==47==    by 0x9433890: CRYPTO_malloc (in /usr/lib64/libcrypto.so.3.5.0)
==47==    by 0x942C995: OPENSSL_LH_insert (in /usr/lib64/libcrypto.so.3.5.0)
==47==    by 0x95094A0: OBJ_NAME_add (in /usr/lib64/libcrypto.so.3.5.0)
==47==    by 0x940E63F: EVP_add_cipher (in /usr/lib64/libcrypto.so.3.5.0)
==47==    by 0x93E00A0: ??? (in /usr/lib64/libcrypto.so.3.5.0)
==47==    by 0x9432788: ??? (in /usr/lib64/libcrypto.so.3.5.0)
==47==    by 0x8E341AE: __pthread_once_slow (in /usr/lib64/libc.so.6)
==47==    by 0x9447E78: CRYPTO_THREAD_run_once (in /usr/lib64/libcrypto.so.3.5.0)
==47==    by 0x9432DC6: OPENSSL_init_crypto (in /usr/lib64/libcrypto.so.3.5.0)
==47==    by 0x940E759: ??? (in /usr/lib64/libcrypto.so.3.5.0)
==47==    by 0x51AF5F0: ncrypto::Cipher::FromNid(int) (ncrypto.cc:3173)
==47== 
==47== 24 bytes in 1 blocks are still reachable in loss record 302 of 361
==47==    at 0x4844784: malloc (in /usr/libexec/valgrind/vgpreload_memcheck-amd64-linux.so)
==47==    by 0x9433890: CRYPTO_malloc (in /usr/lib64/libcrypto.so.3.5.0)
==47==    by 0x9509458: OBJ_NAME_add (in /usr/lib64/libcrypto.so.3.5.0)
==47==    by 0x93E00A0: ??? (in /usr/lib64/libcrypto.so.3.5.0)
==47==    by 0x9432788: ??? (in /usr/lib64/libcrypto.so.3.5.0)
==47==    by 0x8E341AE: __pthread_once_slow (in /usr/lib64/libc.so.6)
==47==    by 0x9447E78: CRYPTO_THREAD_run_once (in /usr/lib64/libcrypto.so.3.5.0)
==47==    by 0x9432DC6: OPENSSL_init_crypto (in /usr/lib64/libcrypto.so.3.5.0)
==47==    by 0x940E759: ??? (in /usr/lib64/libcrypto.so.3.5.0)
==47==    by 0x51AF5F0: ncrypto::Cipher::FromNid(int) (ncrypto.cc:3173)
==47==    by 0x4CCAF6D: __static_initialization_and_destruction_0 (ncrypto.cc:3181)
==47==    by 0x4CCAF6D: _GLOBAL__sub_I_ncrypto.cc (ncrypto.cc:5046)
==47==    by 0x400459D: call_init (in /usr/lib64/ld-linux-x86-64.so.2)
==47== 
==47== 24 bytes in 1 blocks are still reachable in loss record 303 of 361
==47==    at 0x4844784: malloc (in /usr/libexec/valgrind/vgpreload_memcheck-amd64-linux.so)
==47==    by 0x9433890: CRYPTO_malloc (in /usr/lib64/libcrypto.so.3.5.0)
==47==    by 0x942C995: OPENSSL_LH_insert (in /usr/lib64/libcrypto.so.3.5.0)
==47==    by 0x95094A0: OBJ_NAME_add (in /usr/lib64/libcrypto.so.3.5.0)
==47==    by 0x93E00B4: ??? (in /usr/lib64/libcrypto.so.3.5.0)
==47==    by 0x9432788: ??? (in /usr/lib64/libcrypto.so.3.5.0)
==47==    by 0x8E341AE: __pthread_once_slow (in /usr/lib64/libc.so.6)
==47==    by 0x9447E78: CRYPTO_THREAD_run_once (in /usr/lib64/libcrypto.so.3.5.0)
==47==    by 0x9432DC6: OPENSSL_init_crypto (in /usr/lib64/libcrypto.so.3.5.0)
==47==    by 0x940E759: ??? (in /usr/lib64/libcrypto.so.3.5.0)
==47==    by 0x51AF5F0: ncrypto::Cipher::FromNid(int) (ncrypto.cc:3173)
==47==    by 0x4CCAF6D: __static_initialization_and_destruction_0 (ncrypto.cc:3181)
==47==    by 0x4CCAF6D: _GLOBAL__sub_I_ncrypto.cc (ncrypto.cc:5046)
==47== 
==47== 24 bytes in 1 blocks are still reachable in loss record 304 of 361
==47==    at 0x4844784: malloc (in /usr/libexec/valgrind/vgpreload_memcheck-amd64-linux.so)
==47==    by 0x9433890: CRYPTO_malloc (in /usr/lib64/libcrypto.so.3.5.0)
==47==    by 0x9509458: OBJ_NAME_add (in /usr/lib64/libcrypto.so.3.5.0)
==47==    by 0x93E00C8: ??? (in /usr/lib64/libcrypto.so.3.5.0)
==47==    by 0x9432788: ??? (in /usr/lib64/libcrypto.so.3.5.0)
==47==    by 0x8E341AE: __pthread_once_slow (in /usr/lib64/libc.so.6)
==47==    by 0x9447E78: CRYPTO_THREAD_run_once (in /usr/lib64/libcrypto.so.3.5.0)
==47==    by 0x9432DC6: OPENSSL_init_crypto (in /usr/lib64/libcrypto.so.3.5.0)
==47==    by 0x940E759: ??? (in /usr/lib64/libcrypto.so.3.5.0)
==47==    by 0x51AF5F0: ncrypto::Cipher::FromNid(int) (ncrypto.cc:3173)
==47==    by 0x4CCAF6D: __static_initialization_and_destruction_0 (ncrypto.cc:3181)
==47==    by 0x4CCAF6D: _GLOBAL__sub_I_ncrypto.cc (ncrypto.cc:5046)
==47==    by 0x400459D: call_init (in /usr/lib64/ld-linux-x86-64.so.2)
==47== 
==47== 24 bytes in 1 blocks are still reachable in loss record 305 of 361
==47==    at 0x4844784: malloc (in /usr/libexec/valgrind/vgpreload_memcheck-amd64-linux.so)
==47==    by 0x9433890: CRYPTO_malloc (in /usr/lib64/libcrypto.so.3.5.0)
==47==    by 0x942C995: OPENSSL_LH_insert (in /usr/lib64/libcrypto.so.3.5.0)
==47==    by 0x95094A0: OBJ_NAME_add (in /usr/lib64/libcrypto.so.3.5.0)
==47==    by 0x940E63F: EVP_add_cipher (in /usr/lib64/libcrypto.so.3.5.0)
==47==    by 0x93E00DC: ??? (in /usr/lib64/libcrypto.so.3.5.0)
==47==    by 0x9432788: ??? (in /usr/lib64/libcrypto.so.3.5.0)
==47==    by 0x8E341AE: __pthread_once_slow (in /usr/lib64/libc.so.6)
==47==    by 0x9447E78: CRYPTO_THREAD_run_once (in /usr/lib64/libcrypto.so.3.5.0)
==47==    by 0x9432DC6: OPENSSL_init_crypto (in /usr/lib64/libcrypto.so.3.5.0)
==47==    by 0x940E759: ??? (in /usr/lib64/libcrypto.so.3.5.0)
==47==    by 0x51AF5F0: ncrypto::Cipher::FromNid(int) (ncrypto.cc:3173)
==47== 
==47== 24 bytes in 1 blocks are still reachable in loss record 306 of 361
==47==    at 0x4844784: malloc (in /usr/libexec/valgrind/vgpreload_memcheck-amd64-linux.so)
==47==    by 0x9433890: CRYPTO_malloc (in /usr/lib64/libcrypto.so.3.5.0)
==47==    by 0x9509458: OBJ_NAME_add (in /usr/lib64/libcrypto.so.3.5.0)
==47==    by 0x93E00DC: ??? (in /usr/lib64/libcrypto.so.3.5.0)
==47==    by 0x9432788: ??? (in /usr/lib64/libcrypto.so.3.5.0)
==47==    by 0x8E341AE: __pthread_once_slow (in /usr/lib64/libc.so.6)
==47==    by 0x9447E78: CRYPTO_THREAD_run_once (in /usr/lib64/libcrypto.so.3.5.0)
==47==    by 0x9432DC6: OPENSSL_init_crypto (in /usr/lib64/libcrypto.so.3.5.0)
==47==    by 0x940E759: ??? (in /usr/lib64/libcrypto.so.3.5.0)
==47==    by 0x51AF5F0: ncrypto::Cipher::FromNid(int) (ncrypto.cc:3173)
==47==    by 0x4CCAF6D: __static_initialization_and_destruction_0 (ncrypto.cc:3181)
==47==    by 0x4CCAF6D: _GLOBAL__sub_I_ncrypto.cc (ncrypto.cc:5046)
==47==    by 0x400459D: call_init (in /usr/lib64/ld-linux-x86-64.so.2)
==47== 
==47== 24 bytes in 1 blocks are still reachable in loss record 307 of 361
==47==    at 0x4844784: malloc (in /usr/libexec/valgrind/vgpreload_memcheck-amd64-linux.so)
==47==    by 0x9433890: CRYPTO_malloc (in /usr/lib64/libcrypto.so.3.5.0)
==47==    by 0x942C995: OPENSSL_LH_insert (in /usr/lib64/libcrypto.so.3.5.0)
==47==    by 0x95094A0: OBJ_NAME_add (in /usr/lib64/libcrypto.so.3.5.0)
==47==    by 0x940E63F: EVP_add_cipher (in /usr/lib64/libcrypto.so.3.5.0)
==47==    by 0x93E00E9: ??? (in /usr/lib64/libcrypto.so.3.5.0)
==47==    by 0x9432788: ??? (in /usr/lib64/libcrypto.so.3.5.0)
==47==    by 0x8E341AE: __pthread_once_slow (in /usr/lib64/libc.so.6)
==47==    by 0x9447E78: CRYPTO_THREAD_run_once (in /usr/lib64/libcrypto.so.3.5.0)
==47==    by 0x9432DC6: OPENSSL_init_crypto (in /usr/lib64/libcrypto.so.3.5.0)
==47==    by 0x940E759: ??? (in /usr/lib64/libcrypto.so.3.5.0)
==47==    by 0x51AF5F0: ncrypto::Cipher::FromNid(int) (ncrypto.cc:3173)
==47== 
==47== 24 bytes in 1 blocks are still reachable in loss record 308 of 361
==47==    at 0x4844784: malloc (in /usr/libexec/valgrind/vgpreload_memcheck-amd64-linux.so)
==47==    by 0x9433890: CRYPTO_malloc (in /usr/lib64/libcrypto.so.3.5.0)
==47==    by 0x9509458: OBJ_NAME_add (in /usr/lib64/libcrypto.so.3.5.0)
==47==    by 0x93E00E9: ??? (in /usr/lib64/libcrypto.so.3.5.0)
==47==    by 0x9432788: ??? (in /usr/lib64/libcrypto.so.3.5.0)
==47==    by 0x8E341AE: __pthread_once_slow (in /usr/lib64/libc.so.6)
==47==    by 0x9447E78: CRYPTO_THREAD_run_once (in /usr/lib64/libcrypto.so.3.5.0)
==47==    by 0x9432DC6: OPENSSL_init_crypto (in /usr/lib64/libcrypto.so.3.5.0)
==47==    by 0x940E759: ??? (in /usr/lib64/libcrypto.so.3.5.0)
==47==    by 0x51AF5F0: ncrypto::Cipher::FromNid(int) (ncrypto.cc:3173)
==47==    by 0x4CCAF6D: __static_initialization_and_destruction_0 (ncrypto.cc:3181)
==47==    by 0x4CCAF6D: _GLOBAL__sub_I_ncrypto.cc (ncrypto.cc:5046)
==47==    by 0x400459D: call_init (in /usr/lib64/ld-linux-x86-64.so.2)
==47== 
==47== 24 bytes in 1 blocks are still reachable in loss record 309 of 361
==47==    at 0x4844784: malloc (in /usr/libexec/valgrind/vgpreload_memcheck-amd64-linux.so)
==47==    by 0x9433890: CRYPTO_malloc (in /usr/lib64/libcrypto.so.3.5.0)
==47==    by 0x942C995: OPENSSL_LH_insert (in /usr/lib64/libcrypto.so.3.5.0)
==47==    by 0x95094A0: OBJ_NAME_add (in /usr/lib64/libcrypto.so.3.5.0)
==47==    by 0x940E63F: EVP_add_cipher (in /usr/lib64/libcrypto.so.3.5.0)
==47==    by 0x93E00F6: ??? (in /usr/lib64/libcrypto.so.3.5.0)
==47==    by 0x9432788: ??? (in /usr/lib64/libcrypto.so.3.5.0)
==47==    by 0x8E341AE: __pthread_once_slow (in /usr/lib64/libc.so.6)
==47==    by 0x9447E78: CRYPTO_THREAD_run_once (in /usr/lib64/libcrypto.so.3.5.0)
==47==    by 0x9432DC6: OPENSSL_init_crypto (in /usr/lib64/libcrypto.so.3.5.0)
==47==    by 0x940E759: ??? (in /usr/lib64/libcrypto.so.3.5.0)
==47==    by 0x51AF5F0: ncrypto::Cipher::FromNid(int) (ncrypto.cc:3173)
==47== 
==47== 24 bytes in 1 blocks are still reachable in loss record 310 of 361
==47==    at 0x4844784: malloc (in /usr/libexec/valgrind/vgpreload_memcheck-amd64-linux.so)
==47==    by 0x9433890: CRYPTO_malloc (in /usr/lib64/libcrypto.so.3.5.0)
==47==    by 0x9509458: OBJ_NAME_add (in /usr/lib64/libcrypto.so.3.5.0)
==47==    by 0x93E00F6: ??? (in /usr/lib64/libcrypto.so.3.5.0)
==47==    by 0x9432788: ??? (in /usr/lib64/libcrypto.so.3.5.0)
==47==    by 0x8E341AE: __pthread_once_slow (in /usr/lib64/libc.so.6)
==47==    by 0x9447E78: CRYPTO_THREAD_run_once (in /usr/lib64/libcrypto.so.3.5.0)
==47==    by 0x9432DC6: OPENSSL_init_crypto (in /usr/lib64/libcrypto.so.3.5.0)
==47==    by 0x940E759: ??? (in /usr/lib64/libcrypto.so.3.5.0)
==47==    by 0x51AF5F0: ncrypto::Cipher::FromNid(int) (ncrypto.cc:3173)
==47==    by 0x4CCAF6D: __static_initialization_and_destruction_0 (ncrypto.cc:3181)
==47==    by 0x4CCAF6D: _GLOBAL__sub_I_ncrypto.cc (ncrypto.cc:5046)
==47==    by 0x400459D: call_init (in /usr/lib64/ld-linux-x86-64.so.2)
==47== 
==47== 24 bytes in 1 blocks are still reachable in loss record 311 of 361
==47==    at 0x4844784: malloc (in /usr/libexec/valgrind/vgpreload_memcheck-amd64-linux.so)
==47==    by 0x9433890: CRYPTO_malloc (in /usr/lib64/libcrypto.so.3.5.0)
==47==    by 0x942C995: OPENSSL_LH_insert (in /usr/lib64/libcrypto.so.3.5.0)
==47==    by 0x95094A0: OBJ_NAME_add (in /usr/lib64/libcrypto.so.3.5.0)
==47==    by 0x940E63F: EVP_add_cipher (in /usr/lib64/libcrypto.so.3.5.0)
==47==    by 0x93E0103: ??? (in /usr/lib64/libcrypto.so.3.5.0)
==47==    by 0x9432788: ??? (in /usr/lib64/libcrypto.so.3.5.0)
==47==    by 0x8E341AE: __pthread_once_slow (in /usr/lib64/libc.so.6)
==47==    by 0x9447E78: CRYPTO_THREAD_run_once (in /usr/lib64/libcrypto.so.3.5.0)
==47==    by 0x9432DC6: OPENSSL_init_crypto (in /usr/lib64/libcrypto.so.3.5.0)
==47==    by 0x940E759: ??? (in /usr/lib64/libcrypto.so.3.5.0)
==47==    by 0x51AF5F0: ncrypto::Cipher::FromNid(int) (ncrypto.cc:3173)
==47== 
==47== 24 bytes in 1 blocks are still reachable in loss record 312 of 361
==47==    at 0x4844784: malloc (in /usr/libexec/valgrind/vgpreload_memcheck-amd64-linux.so)
==47==    by 0x9433890: CRYPTO_malloc (in /usr/lib64/libcrypto.so.3.5.0)
==47==    by 0x9509458: OBJ_NAME_add (in /usr/lib64/libcrypto.so.3.5.0)
==47==    by 0x93E0103: ??? (in /usr/lib64/libcrypto.so.3.5.0)
==47==    by 0x9432788: ??? (in /usr/lib64/libcrypto.so.3.5.0)
==47==    by 0x8E341AE: __pthread_once_slow (in /usr/lib64/libc.so.6)
==47==    by 0x9447E78: CRYPTO_THREAD_run_once (in /usr/lib64/libcrypto.so.3.5.0)
==47==    by 0x9432DC6: OPENSSL_init_crypto (in /usr/lib64/libcrypto.so.3.5.0)
==47==    by 0x940E759: ??? (in /usr/lib64/libcrypto.so.3.5.0)
==47==    by 0x51AF5F0: ncrypto::Cipher::FromNid(int) (ncrypto.cc:3173)
==47==    by 0x4CCAF6D: __static_initialization_and_destruction_0 (ncrypto.cc:3181)
==47==    by 0x4CCAF6D: _GLOBAL__sub_I_ncrypto.cc (ncrypto.cc:5046)
==47==    by 0x400459D: call_init (in /usr/lib64/ld-linux-x86-64.so.2)
==47== 
==47== 24 bytes in 1 blocks are still reachable in loss record 313 of 361
==47==    at 0x4844784: malloc (in /usr/libexec/valgrind/vgpreload_memcheck-amd64-linux.so)
==47==    by 0x9433890: CRYPTO_malloc (in /usr/lib64/libcrypto.so.3.5.0)
==47==    by 0x942C995: OPENSSL_LH_insert (in /usr/lib64/libcrypto.so.3.5.0)
==47==    by 0x95094A0: OBJ_NAME_add (in /usr/lib64/libcrypto.so.3.5.0)
==47==    by 0x940E63F: EVP_add_cipher (in /usr/lib64/libcrypto.so.3.5.0)
==47==    by 0x93E0110: ??? (in /usr/lib64/libcrypto.so.3.5.0)
==47==    by 0x9432788: ??? (in /usr/lib64/libcrypto.so.3.5.0)
==47==    by 0x8E341AE: __pthread_once_slow (in /usr/lib64/libc.so.6)
==47==    by 0x9447E78: CRYPTO_THREAD_run_once (in /usr/lib64/libcrypto.so.3.5.0)
==47==    by 0x9432DC6: OPENSSL_init_crypto (in /usr/lib64/libcrypto.so.3.5.0)
==47==    by 0x940E759: ??? (in /usr/lib64/libcrypto.so.3.5.0)
==47==    by 0x51AF5F0: ncrypto::Cipher::FromNid(int) (ncrypto.cc:3173)
==47== 
==47== 24 bytes in 1 blocks are still reachable in loss record 314 of 361
==47==    at 0x4844784: malloc (in /usr/libexec/valgrind/vgpreload_memcheck-amd64-linux.so)
==47==    by 0x9433890: CRYPTO_malloc (in /usr/lib64/libcrypto.so.3.5.0)
==47==    by 0x9509458: OBJ_NAME_add (in /usr/lib64/libcrypto.so.3.5.0)
==47==    by 0x93E0110: ??? (in /usr/lib64/libcrypto.so.3.5.0)
==47==    by 0x9432788: ??? (in /usr/lib64/libcrypto.so.3.5.0)
==47==    by 0x8E341AE: __pthread_once_slow (in /usr/lib64/libc.so.6)
==47==    by 0x9447E78: CRYPTO_THREAD_run_once (in /usr/lib64/libcrypto.so.3.5.0)
==47==    by 0x9432DC6: OPENSSL_init_crypto (in /usr/lib64/libcrypto.so.3.5.0)
==47==    by 0x940E759: ??? (in /usr/lib64/libcrypto.so.3.5.0)
==47==    by 0x51AF5F0: ncrypto::Cipher::FromNid(int) (ncrypto.cc:3173)
==47==    by 0x4CCAF6D: __static_initialization_and_destruction_0 (ncrypto.cc:3181)
==47==    by 0x4CCAF6D: _GLOBAL__sub_I_ncrypto.cc (ncrypto.cc:5046)
==47==    by 0x400459D: call_init (in /usr/lib64/ld-linux-x86-64.so.2)
==47== 
==47== 24 bytes in 1 blocks are still reachable in loss record 315 of 361
==47==    at 0x4844784: malloc (in /usr/libexec/valgrind/vgpreload_memcheck-amd64-linux.so)
==47==    by 0x9433890: CRYPTO_malloc (in /usr/lib64/libcrypto.so.3.5.0)
==47==    by 0x942C995: OPENSSL_LH_insert (in /usr/lib64/libcrypto.so.3.5.0)
==47==    by 0x95094A0: OBJ_NAME_add (in /usr/lib64/libcrypto.so.3.5.0)
==47==    by 0x940E63F: EVP_add_cipher (in /usr/lib64/libcrypto.so.3.5.0)
==47==    by 0x93E011D: ??? (in /usr/lib64/libcrypto.so.3.5.0)
==47==    by 0x9432788: ??? (in /usr/lib64/libcrypto.so.3.5.0)
==47==    by 0x8E341AE: __pthread_once_slow (in /usr/lib64/libc.so.6)
==47==    by 0x9447E78: CRYPTO_THREAD_run_once (in /usr/lib64/libcrypto.so.3.5.0)
==47==    by 0x9432DC6: OPENSSL_init_crypto (in /usr/lib64/libcrypto.so.3.5.0)
==47==    by 0x940E759: ??? (in /usr/lib64/libcrypto.so.3.5.0)
==47==    by 0x51AF5F0: ncrypto::Cipher::FromNid(int) (ncrypto.cc:3173)
==47== 
==47== 24 bytes in 1 blocks are still reachable in loss record 316 of 361
==47==    at 0x4844784: malloc (in /usr/libexec/valgrind/vgpreload_memcheck-amd64-linux.so)
==47==    by 0x9433890: CRYPTO_malloc (in /usr/lib64/libcrypto.so.3.5.0)
==47==    by 0x9509458: OBJ_NAME_add (in /usr/lib64/libcrypto.so.3.5.0)
==47==    by 0x93E011D: ??? (in /usr/lib64/libcrypto.so.3.5.0)
==47==    by 0x9432788: ??? (in /usr/lib64/libcrypto.so.3.5.0)
==47==    by 0x8E341AE: __pthread_once_slow (in /usr/lib64/libc.so.6)
==47==    by 0x9447E78: CRYPTO_THREAD_run_once (in /usr/lib64/libcrypto.so.3.5.0)
==47==    by 0x9432DC6: OPENSSL_init_crypto (in /usr/lib64/libcrypto.so.3.5.0)
==47==    by 0x940E759: ??? (in /usr/lib64/libcrypto.so.3.5.0)
==47==    by 0x51AF5F0: ncrypto::Cipher::FromNid(int) (ncrypto.cc:3173)
==47==    by 0x4CCAF6D: __static_initialization_and_destruction_0 (ncrypto.cc:3181)
==47==    by 0x4CCAF6D: _GLOBAL__sub_I_ncrypto.cc (ncrypto.cc:5046)
==47==    by 0x400459D: call_init (in /usr/lib64/ld-linux-x86-64.so.2)
==47== 
==47== 24 bytes in 1 blocks are still reachable in loss record 317 of 361
==47==    at 0x4844784: malloc (in /usr/libexec/valgrind/vgpreload_memcheck-amd64-linux.so)
==47==    by 0x9433890: CRYPTO_malloc (in /usr/lib64/libcrypto.so.3.5.0)
==47==    by 0x942C995: OPENSSL_LH_insert (in /usr/lib64/libcrypto.so.3.5.0)
==47==    by 0x95094A0: OBJ_NAME_add (in /usr/lib64/libcrypto.so.3.5.0)
==47==    by 0x93E0131: ??? (in /usr/lib64/libcrypto.so.3.5.0)
==47==    by 0x9432788: ??? (in /usr/lib64/libcrypto.so.3.5.0)
==47==    by 0x8E341AE: __pthread_once_slow (in /usr/lib64/libc.so.6)
==47==    by 0x9447E78: CRYPTO_THREAD_run_once (in /usr/lib64/libcrypto.so.3.5.0)
==47==    by 0x9432DC6: OPENSSL_init_crypto (in /usr/lib64/libcrypto.so.3.5.0)
==47==    by 0x940E759: ??? (in /usr/lib64/libcrypto.so.3.5.0)
==47==    by 0x51AF5F0: ncrypto::Cipher::FromNid(int) (ncrypto.cc:3173)
==47==    by 0x4CCAF6D: __static_initialization_and_destruction_0 (ncrypto.cc:3181)
==47==    by 0x4CCAF6D: _GLOBAL__sub_I_ncrypto.cc (ncrypto.cc:5046)
==47== 
==47== 24 bytes in 1 blocks are still reachable in loss record 318 of 361
==47==    at 0x4844784: malloc (in /usr/libexec/valgrind/vgpreload_memcheck-amd64-linux.so)
==47==    by 0x9433890: CRYPTO_malloc (in /usr/lib64/libcrypto.so.3.5.0)
==47==    by 0x9509458: OBJ_NAME_add (in /usr/lib64/libcrypto.so.3.5.0)
==47==    by 0x93E0145: ??? (in /usr/lib64/libcrypto.so.3.5.0)
==47==    by 0x9432788: ??? (in /usr/lib64/libcrypto.so.3.5.0)
==47==    by 0x8E341AE: __pthread_once_slow (in /usr/lib64/libc.so.6)
==47==    by 0x9447E78: CRYPTO_THREAD_run_once (in /usr/lib64/libcrypto.so.3.5.0)
==47==    by 0x9432DC6: OPENSSL_init_crypto (in /usr/lib64/libcrypto.so.3.5.0)
==47==    by 0x940E759: ??? (in /usr/lib64/libcrypto.so.3.5.0)
==47==    by 0x51AF5F0: ncrypto::Cipher::FromNid(int) (ncrypto.cc:3173)
==47==    by 0x4CCAF6D: __static_initialization_and_destruction_0 (ncrypto.cc:3181)
==47==    by 0x4CCAF6D: _GLOBAL__sub_I_ncrypto.cc (ncrypto.cc:5046)
==47==    by 0x400459D: call_init (in /usr/lib64/ld-linux-x86-64.so.2)
==47== 
==47== 24 bytes in 1 blocks are still reachable in loss record 319 of 361
==47==    at 0x4844784: malloc (in /usr/libexec/valgrind/vgpreload_memcheck-amd64-linux.so)
==47==    by 0x9433890: CRYPTO_malloc (in /usr/lib64/libcrypto.so.3.5.0)
==47==    by 0x942C995: OPENSSL_LH_insert (in /usr/lib64/libcrypto.so.3.5.0)
==47==    by 0x95094A0: OBJ_NAME_add (in /usr/lib64/libcrypto.so.3.5.0)
==47==    by 0x940E63F: EVP_add_cipher (in /usr/lib64/libcrypto.so.3.5.0)
==47==    by 0x93E0159: ??? (in /usr/lib64/libcrypto.so.3.5.0)
==47==    by 0x9432788: ??? (in /usr/lib64/libcrypto.so.3.5.0)
==47==    by 0x8E341AE: __pthread_once_slow (in /usr/lib64/libc.so.6)
==47==    by 0x9447E78: CRYPTO_THREAD_run_once (in /usr/lib64/libcrypto.so.3.5.0)
==47==    by 0x9432DC6: OPENSSL_init_crypto (in /usr/lib64/libcrypto.so.3.5.0)
==47==    by 0x940E759: ??? (in /usr/lib64/libcrypto.so.3.5.0)
==47==    by 0x51AF5F0: ncrypto::Cipher::FromNid(int) (ncrypto.cc:3173)
==47== 
==47== 24 bytes in 1 blocks are still reachable in loss record 320 of 361
==47==    at 0x4844784: malloc (in /usr/libexec/valgrind/vgpreload_memcheck-amd64-linux.so)
==47==    by 0x9433890: CRYPTO_malloc (in /usr/lib64/libcrypto.so.3.5.0)
==47==    by 0x9509458: OBJ_NAME_add (in /usr/lib64/libcrypto.so.3.5.0)
==47==    by 0x93E0159: ??? (in /usr/lib64/libcrypto.so.3.5.0)
==47==    by 0x9432788: ??? (in /usr/lib64/libcrypto.so.3.5.0)
==47==    by 0x8E341AE: __pthread_once_slow (in /usr/lib64/libc.so.6)
==47==    by 0x9447E78: CRYPTO_THREAD_run_once (in /usr/lib64/libcrypto.so.3.5.0)
==47==    by 0x9432DC6: OPENSSL_init_crypto (in /usr/lib64/libcrypto.so.3.5.0)
==47==    by 0x940E759: ??? (in /usr/lib64/libcrypto.so.3.5.0)
==47==    by 0x51AF5F0: ncrypto::Cipher::FromNid(int) (ncrypto.cc:3173)
==47==    by 0x4CCAF6D: __static_initialization_and_destruction_0 (ncrypto.cc:3181)
==47==    by 0x4CCAF6D: _GLOBAL__sub_I_ncrypto.cc (ncrypto.cc:5046)
==47==    by 0x400459D: call_init (in /usr/lib64/ld-linux-x86-64.so.2)
==47== 
==47== 24 bytes in 1 blocks are still reachable in loss record 321 of 361
==47==    at 0x4844784: malloc (in /usr/libexec/valgrind/vgpreload_memcheck-amd64-linux.so)
==47==    by 0x9433890: CRYPTO_malloc (in /usr/lib64/libcrypto.so.3.5.0)
==47==    by 0x942C995: OPENSSL_LH_insert (in /usr/lib64/libcrypto.so.3.5.0)
==47==    by 0x95094A0: OBJ_NAME_add (in /usr/lib64/libcrypto.so.3.5.0)
==47==    by 0x940E63F: EVP_add_cipher (in /usr/lib64/libcrypto.so.3.5.0)
==47==    by 0x93E0166: ??? (in /usr/lib64/libcrypto.so.3.5.0)
==47==    by 0x9432788: ??? (in /usr/lib64/libcrypto.so.3.5.0)
==47==    by 0x8E341AE: __pthread_once_slow (in /usr/lib64/libc.so.6)
==47==    by 0x9447E78: CRYPTO_THREAD_run_once (in /usr/lib64/libcrypto.so.3.5.0)
==47==    by 0x9432DC6: OPENSSL_init_crypto (in /usr/lib64/libcrypto.so.3.5.0)
==47==    by 0x940E759: ??? (in /usr/lib64/libcrypto.so.3.5.0)
==47==    by 0x51AF5F0: ncrypto::Cipher::FromNid(int) (ncrypto.cc:3173)
==47== 
==47== 24 bytes in 1 blocks are still reachable in loss record 322 of 361
==47==    at 0x4844784: malloc (in /usr/libexec/valgrind/vgpreload_memcheck-amd64-linux.so)
==47==    by 0x9433890: CRYPTO_malloc (in /usr/lib64/libcrypto.so.3.5.0)
==47==    by 0x9509458: OBJ_NAME_add (in /usr/lib64/libcrypto.so.3.5.0)
==47==    by 0x93E0166: ??? (in /usr/lib64/libcrypto.so.3.5.0)
==47==    by 0x9432788: ??? (in /usr/lib64/libcrypto.so.3.5.0)
==47==    by 0x8E341AE: __pthread_once_slow (in /usr/lib64/libc.so.6)
==47==    by 0x9447E78: CRYPTO_THREAD_run_once (in /usr/lib64/libcrypto.so.3.5.0)
==47==    by 0x9432DC6: OPENSSL_init_crypto (in /usr/lib64/libcrypto.so.3.5.0)
==47==    by 0x940E759: ??? (in /usr/lib64/libcrypto.so.3.5.0)
==47==    by 0x51AF5F0: ncrypto::Cipher::FromNid(int) (ncrypto.cc:3173)
==47==    by 0x4CCAF6D: __static_initialization_and_destruction_0 (ncrypto.cc:3181)
==47==    by 0x4CCAF6D: _GLOBAL__sub_I_ncrypto.cc (ncrypto.cc:5046)
==47==    by 0x400459D: call_init (in /usr/lib64/ld-linux-x86-64.so.2)
==47== 
==47== 24 bytes in 1 blocks are still reachable in loss record 323 of 361
==47==    at 0x4844784: malloc (in /usr/libexec/valgrind/vgpreload_memcheck-amd64-linux.so)
==47==    by 0x9433890: CRYPTO_malloc (in /usr/lib64/libcrypto.so.3.5.0)
==47==    by 0x942C995: OPENSSL_LH_insert (in /usr/lib64/libcrypto.so.3.5.0)
==47==    by 0x95094A0: OBJ_NAME_add (in /usr/lib64/libcrypto.so.3.5.0)
==47==    by 0x940E63F: EVP_add_cipher (in /usr/lib64/libcrypto.so.3.5.0)
==47==    by 0x93E0173: ??? (in /usr/lib64/libcrypto.so.3.5.0)
==47==    by 0x9432788: ??? (in /usr/lib64/libcrypto.so.3.5.0)
==47==    by 0x8E341AE: __pthread_once_slow (in /usr/lib64/libc.so.6)
==47==    by 0x9447E78: CRYPTO_THREAD_run_once (in /usr/lib64/libcrypto.so.3.5.0)
==47==    by 0x9432DC6: OPENSSL_init_crypto (in /usr/lib64/libcrypto.so.3.5.0)
==47==    by 0x940E759: ??? (in /usr/lib64/libcrypto.so.3.5.0)
==47==    by 0x51AF5F0: ncrypto::Cipher::FromNid(int) (ncrypto.cc:3173)
==47== 
==47== 24 bytes in 1 blocks are still reachable in loss record 324 of 361
==47==    at 0x4844784: malloc (in /usr/libexec/valgrind/vgpreload_memcheck-amd64-linux.so)
==47==    by 0x9433890: CRYPTO_malloc (in /usr/lib64/libcrypto.so.3.5.0)
==47==    by 0x9509458: OBJ_NAME_add (in /usr/lib64/libcrypto.so.3.5.0)
==47==    by 0x93E0173: ??? (in /usr/lib64/libcrypto.so.3.5.0)
==47==    by 0x9432788: ??? (in /usr/lib64/libcrypto.so.3.5.0)
==47==    by 0x8E341AE: __pthread_once_slow (in /usr/lib64/libc.so.6)
==47==    by 0x9447E78: CRYPTO_THREAD_run_once (in /usr/lib64/libcrypto.so.3.5.0)
==47==    by 0x9432DC6: OPENSSL_init_crypto (in /usr/lib64/libcrypto.so.3.5.0)
==47==    by 0x940E759: ??? (in /usr/lib64/libcrypto.so.3.5.0)
==47==    by 0x51AF5F0: ncrypto::Cipher::FromNid(int) (ncrypto.cc:3173)
==47==    by 0x4CCAF6D: __static_initialization_and_destruction_0 (ncrypto.cc:3181)
==47==    by 0x4CCAF6D: _GLOBAL__sub_I_ncrypto.cc (ncrypto.cc:5046)
==47==    by 0x400459D: call_init (in /usr/lib64/ld-linux-x86-64.so.2)
==47== 
==47== 24 bytes in 1 blocks are still reachable in loss record 325 of 361
==47==    at 0x4844784: malloc (in /usr/libexec/valgrind/vgpreload_memcheck-amd64-linux.so)
==47==    by 0x9433890: CRYPTO_malloc (in /usr/lib64/libcrypto.so.3.5.0)
==47==    by 0x942C995: OPENSSL_LH_insert (in /usr/lib64/libcrypto.so.3.5.0)
==47==    by 0x95094A0: OBJ_NAME_add (in /usr/lib64/libcrypto.so.3.5.0)
==47==    by 0x940E63F: EVP_add_cipher (in /usr/lib64/libcrypto.so.3.5.0)
==47==    by 0x93E0180: ??? (in /usr/lib64/libcrypto.so.3.5.0)
==47==    by 0x9432788: ??? (in /usr/lib64/libcrypto.so.3.5.0)
==47==    by 0x8E341AE: __pthread_once_slow (in /usr/lib64/libc.so.6)
==47==    by 0x9447E78: CRYPTO_THREAD_run_once (in /usr/lib64/libcrypto.so.3.5.0)
==47==    by 0x9432DC6: OPENSSL_init_crypto (in /usr/lib64/libcrypto.so.3.5.0)
==47==    by 0x940E759: ??? (in /usr/lib64/libcrypto.so.3.5.0)
==47==    by 0x51AF5F0: ncrypto::Cipher::FromNid(int) (ncrypto.cc:3173)
==47== 
==47== 24 bytes in 1 blocks are still reachable in loss record 326 of 361
==47==    at 0x4844784: malloc (in /usr/libexec/valgrind/vgpreload_memcheck-amd64-linux.so)
==47==    by 0x9433890: CRYPTO_malloc (in /usr/lib64/libcrypto.so.3.5.0)
==47==    by 0x9509458: OBJ_NAME_add (in /usr/lib64/libcrypto.so.3.5.0)
==47==    by 0x93E0180: ??? (in /usr/lib64/libcrypto.so.3.5.0)
==47==    by 0x9432788: ??? (in /usr/lib64/libcrypto.so.3.5.0)
==47==    by 0x8E341AE: __pthread_once_slow (in /usr/lib64/libc.so.6)
==47==    by 0x9447E78: CRYPTO_THREAD_run_once (in /usr/lib64/libcrypto.so.3.5.0)
==47==    by 0x9432DC6: OPENSSL_init_crypto (in /usr/lib64/libcrypto.so.3.5.0)
==47==    by 0x940E759: ??? (in /usr/lib64/libcrypto.so.3.5.0)
==47==    by 0x51AF5F0: ncrypto::Cipher::FromNid(int) (ncrypto.cc:3173)
==47==    by 0x4CCAF6D: __static_initialization_and_destruction_0 (ncrypto.cc:3181)
==47==    by 0x4CCAF6D: _GLOBAL__sub_I_ncrypto.cc (ncrypto.cc:5046)
==47==    by 0x400459D: call_init (in /usr/lib64/ld-linux-x86-64.so.2)
==47== 
==47== 24 bytes in 1 blocks are still reachable in loss record 327 of 361
==47==    at 0x4844784: malloc (in /usr/libexec/valgrind/vgpreload_memcheck-amd64-linux.so)
==47==    by 0x9433890: CRYPTO_malloc (in /usr/lib64/libcrypto.so.3.5.0)
==47==    by 0x942C995: OPENSSL_LH_insert (in /usr/lib64/libcrypto.so.3.5.0)
==47==    by 0x95094A0: OBJ_NAME_add (in /usr/lib64/libcrypto.so.3.5.0)
==47==    by 0x940E63F: EVP_add_cipher (in /usr/lib64/libcrypto.so.3.5.0)
==47==    by 0x93E018D: ??? (in /usr/lib64/libcrypto.so.3.5.0)
==47==    by 0x9432788: ??? (in /usr/lib64/libcrypto.so.3.5.0)
==47==    by 0x8E341AE: __pthread_once_slow (in /usr/lib64/libc.so.6)
==47==    by 0x9447E78: CRYPTO_THREAD_run_once (in /usr/lib64/libcrypto.so.3.5.0)
==47==    by 0x9432DC6: OPENSSL_init_crypto (in /usr/lib64/libcrypto.so.3.5.0)
==47==    by 0x940E759: ??? (in /usr/lib64/libcrypto.so.3.5.0)
==47==    by 0x51AF5F0: ncrypto::Cipher::FromNid(int) (ncrypto.cc:3173)
==47== 
==47== 24 bytes in 1 blocks are still reachable in loss record 328 of 361
==47==    at 0x4844784: malloc (in /usr/libexec/valgrind/vgpreload_memcheck-amd64-linux.so)
==47==    by 0x9433890: CRYPTO_malloc (in /usr/lib64/libcrypto.so.3.5.0)
==47==    by 0x9509458: OBJ_NAME_add (in /usr/lib64/libcrypto.so.3.5.0)
==47==    by 0x93E018D: ??? (in /usr/lib64/libcrypto.so.3.5.0)
==47==    by 0x9432788: ??? (in /usr/lib64/libcrypto.so.3.5.0)
==47==    by 0x8E341AE: __pthread_once_slow (in /usr/lib64/libc.so.6)
==47==    by 0x9447E78: CRYPTO_THREAD_run_once (in /usr/lib64/libcrypto.so.3.5.0)
==47==    by 0x9432DC6: OPENSSL_init_crypto (in /usr/lib64/libcrypto.so.3.5.0)
==47==    by 0x940E759: ??? (in /usr/lib64/libcrypto.so.3.5.0)
==47==    by 0x51AF5F0: ncrypto::Cipher::FromNid(int) (ncrypto.cc:3173)
==47==    by 0x4CCAF6D: __static_initialization_and_destruction_0 (ncrypto.cc:3181)
==47==    by 0x4CCAF6D: _GLOBAL__sub_I_ncrypto.cc (ncrypto.cc:5046)
==47==    by 0x400459D: call_init (in /usr/lib64/ld-linux-x86-64.so.2)
==47== 
==47== 24 bytes in 1 blocks are still reachable in loss record 329 of 361
==47==    at 0x4844784: malloc (in /usr/libexec/valgrind/vgpreload_memcheck-amd64-linux.so)
==47==    by 0x9433890: CRYPTO_malloc (in /usr/lib64/libcrypto.so.3.5.0)
==47==    by 0x942C995: OPENSSL_LH_insert (in /usr/lib64/libcrypto.so.3.5.0)
==47==    by 0x95094A0: OBJ_NAME_add (in /usr/lib64/libcrypto.so.3.5.0)
==47==    by 0x940E63F: EVP_add_cipher (in /usr/lib64/libcrypto.so.3.5.0)
==47==    by 0x93E019A: ??? (in /usr/lib64/libcrypto.so.3.5.0)
==47==    by 0x9432788: ??? (in /usr/lib64/libcrypto.so.3.5.0)
==47==    by 0x8E341AE: __pthread_once_slow (in /usr/lib64/libc.so.6)
==47==    by 0x9447E78: CRYPTO_THREAD_run_once (in /usr/lib64/libcrypto.so.3.5.0)
==47==    by 0x9432DC6: OPENSSL_init_crypto (in /usr/lib64/libcrypto.so.3.5.0)
==47==    by 0x940E759: ??? (in /usr/lib64/libcrypto.so.3.5.0)
==47==    by 0x51AF5F0: ncrypto::Cipher::FromNid(int) (ncrypto.cc:3173)
==47== 
==47== 24 bytes in 1 blocks are still reachable in loss record 330 of 361
==47==    at 0x4844784: malloc (in /usr/libexec/valgrind/vgpreload_memcheck-amd64-linux.so)
==47==    by 0x9433890: CRYPTO_malloc (in /usr/lib64/libcrypto.so.3.5.0)
==47==    by 0x9509458: OBJ_NAME_add (in /usr/lib64/libcrypto.so.3.5.0)
==47==    by 0x93E019A: ??? (in /usr/lib64/libcrypto.so.3.5.0)
==47==    by 0x9432788: ??? (in /usr/lib64/libcrypto.so.3.5.0)
==47==    by 0x8E341AE: __pthread_once_slow (in /usr/lib64/libc.so.6)
==47==    by 0x9447E78: CRYPTO_THREAD_run_once (in /usr/lib64/libcrypto.so.3.5.0)
==47==    by 0x9432DC6: OPENSSL_init_crypto (in /usr/lib64/libcrypto.so.3.5.0)
==47==    by 0x940E759: ??? (in /usr/lib64/libcrypto.so.3.5.0)
==47==    by 0x51AF5F0: ncrypto::Cipher::FromNid(int) (ncrypto.cc:3173)
==47==    by 0x4CCAF6D: __static_initialization_and_destruction_0 (ncrypto.cc:3181)
==47==    by 0x4CCAF6D: _GLOBAL__sub_I_ncrypto.cc (ncrypto.cc:5046)
==47==    by 0x400459D: call_init (in /usr/lib64/ld-linux-x86-64.so.2)
==47== 
==47== 24 bytes in 1 blocks are still reachable in loss record 331 of 361
==47==    at 0x4844784: malloc (in /usr/libexec/valgrind/vgpreload_memcheck-amd64-linux.so)
==47==    by 0x9433890: CRYPTO_malloc (in /usr/lib64/libcrypto.so.3.5.0)
==47==    by 0x942C995: OPENSSL_LH_insert (in /usr/lib64/libcrypto.so.3.5.0)
==47==    by 0x95094A0: OBJ_NAME_add (in /usr/lib64/libcrypto.so.3.5.0)
==47==    by 0x93E01AE: ??? (in /usr/lib64/libcrypto.so.3.5.0)
==47==    by 0x9432788: ??? (in /usr/lib64/libcrypto.so.3.5.0)
==47==    by 0x8E341AE: __pthread_once_slow (in /usr/lib64/libc.so.6)
==47==    by 0x9447E78: CRYPTO_THREAD_run_once (in /usr/lib64/libcrypto.so.3.5.0)
==47==    by 0x9432DC6: OPENSSL_init_crypto (in /usr/lib64/libcrypto.so.3.5.0)
==47==    by 0x940E759: ??? (in /usr/lib64/libcrypto.so.3.5.0)
==47==    by 0x51AF5F0: ncrypto::Cipher::FromNid(int) (ncrypto.cc:3173)
==47==    by 0x4CCAF6D: __static_initialization_and_destruction_0 (ncrypto.cc:3181)
==47==    by 0x4CCAF6D: _GLOBAL__sub_I_ncrypto.cc (ncrypto.cc:5046)
==47== 
==47== 24 bytes in 1 blocks are still reachable in loss record 332 of 361
==47==    at 0x4844784: malloc (in /usr/libexec/valgrind/vgpreload_memcheck-amd64-linux.so)
==47==    by 0x9433890: CRYPTO_malloc (in /usr/lib64/libcrypto.so.3.5.0)
==47==    by 0x9509458: OBJ_NAME_add (in /usr/lib64/libcrypto.so.3.5.0)
==47==    by 0x93E01C2: ??? (in /usr/lib64/libcrypto.so.3.5.0)
==47==    by 0x9432788: ??? (in /usr/lib64/libcrypto.so.3.5.0)
==47==    by 0x8E341AE: __pthread_once_slow (in /usr/lib64/libc.so.6)
==47==    by 0x9447E78: CRYPTO_THREAD_run_once (in /usr/lib64/libcrypto.so.3.5.0)
==47==    by 0x9432DC6: OPENSSL_init_crypto (in /usr/lib64/libcrypto.so.3.5.0)
==47==    by 0x940E759: ??? (in /usr/lib64/libcrypto.so.3.5.0)
==47==    by 0x51AF5F0: ncrypto::Cipher::FromNid(int) (ncrypto.cc:3173)
==47==    by 0x4CCAF6D: __static_initialization_and_destruction_0 (ncrypto.cc:3181)
==47==    by 0x4CCAF6D: _GLOBAL__sub_I_ncrypto.cc (ncrypto.cc:5046)
==47==    by 0x400459D: call_init (in /usr/lib64/ld-linux-x86-64.so.2)
==47== 
==47== 24 bytes in 1 blocks are still reachable in loss record 333 of 361
==47==    at 0x4844784: malloc (in /usr/libexec/valgrind/vgpreload_memcheck-amd64-linux.so)
==47==    by 0x9433890: CRYPTO_malloc (in /usr/lib64/libcrypto.so.3.5.0)
==47==    by 0x942C995: OPENSSL_LH_insert (in /usr/lib64/libcrypto.so.3.5.0)
==47==    by 0x95094A0: OBJ_NAME_add (in /usr/lib64/libcrypto.so.3.5.0)
==47==    by 0x940E63F: EVP_add_cipher (in /usr/lib64/libcrypto.so.3.5.0)
==47==    by 0x93E01D6: ??? (in /usr/lib64/libcrypto.so.3.5.0)
==47==    by 0x9432788: ??? (in /usr/lib64/libcrypto.so.3.5.0)
==47==    by 0x8E341AE: __pthread_once_slow (in /usr/lib64/libc.so.6)
==47==    by 0x9447E78: CRYPTO_THREAD_run_once (in /usr/lib64/libcrypto.so.3.5.0)
==47==    by 0x9432DC6: OPENSSL_init_crypto (in /usr/lib64/libcrypto.so.3.5.0)
==47==    by 0x940E759: ??? (in /usr/lib64/libcrypto.so.3.5.0)
==47==    by 0x51AF5F0: ncrypto::Cipher::FromNid(int) (ncrypto.cc:3173)
==47== 
==47== 24 bytes in 1 blocks are still reachable in loss record 334 of 361
==47==    at 0x4844784: malloc (in /usr/libexec/valgrind/vgpreload_memcheck-amd64-linux.so)
==47==    by 0x9433890: CRYPTO_malloc (in /usr/lib64/libcrypto.so.3.5.0)
==47==    by 0x9509458: OBJ_NAME_add (in /usr/lib64/libcrypto.so.3.5.0)
==47==    by 0x93E01D6: ??? (in /usr/lib64/libcrypto.so.3.5.0)
==47==    by 0x9432788: ??? (in /usr/lib64/libcrypto.so.3.5.0)
==47==    by 0x8E341AE: __pthread_once_slow (in /usr/lib64/libc.so.6)
==47==    by 0x9447E78: CRYPTO_THREAD_run_once (in /usr/lib64/libcrypto.so.3.5.0)
==47==    by 0x9432DC6: OPENSSL_init_crypto (in /usr/lib64/libcrypto.so.3.5.0)
==47==    by 0x940E759: ??? (in /usr/lib64/libcrypto.so.3.5.0)
==47==    by 0x51AF5F0: ncrypto::Cipher::FromNid(int) (ncrypto.cc:3173)
==47==    by 0x4CCAF6D: __static_initialization_and_destruction_0 (ncrypto.cc:3181)
==47==    by 0x4CCAF6D: _GLOBAL__sub_I_ncrypto.cc (ncrypto.cc:5046)
==47==    by 0x400459D: call_init (in /usr/lib64/ld-linux-x86-64.so.2)
==47== 
==47== 24 bytes in 1 blocks are still reachable in loss record 335 of 361
==47==    at 0x4844784: malloc (in /usr/libexec/valgrind/vgpreload_memcheck-amd64-linux.so)
==47==    by 0x9433890: CRYPTO_malloc (in /usr/lib64/libcrypto.so.3.5.0)
==47==    by 0x942C995: OPENSSL_LH_insert (in /usr/lib64/libcrypto.so.3.5.0)
==47==    by 0x95094A0: OBJ_NAME_add (in /usr/lib64/libcrypto.so.3.5.0)
==47==    by 0x940E63F: EVP_add_cipher (in /usr/lib64/libcrypto.so.3.5.0)
==47==    by 0x93E01E3: ??? (in /usr/lib64/libcrypto.so.3.5.0)
==47==    by 0x9432788: ??? (in /usr/lib64/libcrypto.so.3.5.0)
==47==    by 0x8E341AE: __pthread_once_slow (in /usr/lib64/libc.so.6)
==47==    by 0x9447E78: CRYPTO_THREAD_run_once (in /usr/lib64/libcrypto.so.3.5.0)
==47==    by 0x9432DC6: OPENSSL_init_crypto (in /usr/lib64/libcrypto.so.3.5.0)
==47==    by 0x940E759: ??? (in /usr/lib64/libcrypto.so.3.5.0)
==47==    by 0x51AF5F0: ncrypto::Cipher::FromNid(int) (ncrypto.cc:3173)
==47== 
==47== 24 bytes in 1 blocks are still reachable in loss record 336 of 361
==47==    at 0x4844784: malloc (in /usr/libexec/valgrind/vgpreload_memcheck-amd64-linux.so)
==47==    by 0x9433890: CRYPTO_malloc (in /usr/lib64/libcrypto.so.3.5.0)
==47==    by 0x9509458: OBJ_NAME_add (in /usr/lib64/libcrypto.so.3.5.0)
==47==    by 0x93E01E3: ??? (in /usr/lib64/libcrypto.so.3.5.0)
==47==    by 0x9432788: ??? (in /usr/lib64/libcrypto.so.3.5.0)
==47==    by 0x8E341AE: __pthread_once_slow (in /usr/lib64/libc.so.6)
==47==    by 0x9447E78: CRYPTO_THREAD_run_once (in /usr/lib64/libcrypto.so.3.5.0)
==47==    by 0x9432DC6: OPENSSL_init_crypto (in /usr/lib64/libcrypto.so.3.5.0)
==47==    by 0x940E759: ??? (in /usr/lib64/libcrypto.so.3.5.0)
==47==    by 0x51AF5F0: ncrypto::Cipher::FromNid(int) (ncrypto.cc:3173)
==47==    by 0x4CCAF6D: __static_initialization_and_destruction_0 (ncrypto.cc:3181)
==47==    by 0x4CCAF6D: _GLOBAL__sub_I_ncrypto.cc (ncrypto.cc:5046)
==47==    by 0x400459D: call_init (in /usr/lib64/ld-linux-x86-64.so.2)
==47== 
==47== 24 bytes in 1 blocks are still reachable in loss record 337 of 361
==47==    at 0x4844784: malloc (in /usr/libexec/valgrind/vgpreload_memcheck-amd64-linux.so)
==47==    by 0x9433890: CRYPTO_malloc (in /usr/lib64/libcrypto.so.3.5.0)
==47==    by 0x942C995: OPENSSL_LH_insert (in /usr/lib64/libcrypto.so.3.5.0)
==47==    by 0x95094A0: OBJ_NAME_add (in /usr/lib64/libcrypto.so.3.5.0)
==47==    by 0x940E63F: EVP_add_cipher (in /usr/lib64/libcrypto.so.3.5.0)
==47==    by 0x93E01F0: ??? (in /usr/lib64/libcrypto.so.3.5.0)
==47==    by 0x9432788: ??? (in /usr/lib64/libcrypto.so.3.5.0)
==47==    by 0x8E341AE: __pthread_once_slow (in /usr/lib64/libc.so.6)
==47==    by 0x9447E78: CRYPTO_THREAD_run_once (in /usr/lib64/libcrypto.so.3.5.0)
==47==    by 0x9432DC6: OPENSSL_init_crypto (in /usr/lib64/libcrypto.so.3.5.0)
==47==    by 0x940E759: ??? (in /usr/lib64/libcrypto.so.3.5.0)
==47==    by 0x51AF5F0: ncrypto::Cipher::FromNid(int) (ncrypto.cc:3173)
==47== 
==47== 24 bytes in 1 blocks are still reachable in loss record 338 of 361
==47==    at 0x4844784: malloc (in /usr/libexec/valgrind/vgpreload_memcheck-amd64-linux.so)
==47==    by 0x9433890: CRYPTO_malloc (in /usr/lib64/libcrypto.so.3.5.0)
==47==    by 0x9509458: OBJ_NAME_add (in /usr/lib64/libcrypto.so.3.5.0)
==47==    by 0x93E01F0: ??? (in /usr/lib64/libcrypto.so.3.5.0)
==47==    by 0x9432788: ??? (in /usr/lib64/libcrypto.so.3.5.0)
==47==    by 0x8E341AE: __pthread_once_slow (in /usr/lib64/libc.so.6)
==47==    by 0x9447E78: CRYPTO_THREAD_run_once (in /usr/lib64/libcrypto.so.3.5.0)
==47==    by 0x9432DC6: OPENSSL_init_crypto (in /usr/lib64/libcrypto.so.3.5.0)
==47==    by 0x940E759: ??? (in /usr/lib64/libcrypto.so.3.5.0)
==47==    by 0x51AF5F0: ncrypto::Cipher::FromNid(int) (ncrypto.cc:3173)
==47==    by 0x4CCAF6D: __static_initialization_and_destruction_0 (ncrypto.cc:3181)
==47==    by 0x4CCAF6D: _GLOBAL__sub_I_ncrypto.cc (ncrypto.cc:5046)
==47==    by 0x400459D: call_init (in /usr/lib64/ld-linux-x86-64.so.2)
==47== 
==47== 24 bytes in 1 blocks are still reachable in loss record 339 of 361
==47==    at 0x4844784: malloc (in /usr/libexec/valgrind/vgpreload_memcheck-amd64-linux.so)
==47==    by 0x9433890: CRYPTO_malloc (in /usr/lib64/libcrypto.so.3.5.0)
==47==    by 0x942C995: OPENSSL_LH_insert (in /usr/lib64/libcrypto.so.3.5.0)
==47==    by 0x95094A0: OBJ_NAME_add (in /usr/lib64/libcrypto.so.3.5.0)
==47==    by 0x940E63F: EVP_add_cipher (in /usr/lib64/libcrypto.so.3.5.0)
==47==    by 0x93E01FD: ??? (in /usr/lib64/libcrypto.so.3.5.0)
==47==    by 0x9432788: ??? (in /usr/lib64/libcrypto.so.3.5.0)
==47==    by 0x8E341AE: __pthread_once_slow (in /usr/lib64/libc.so.6)
==47==    by 0x9447E78: CRYPTO_THREAD_run_once (in /usr/lib64/libcrypto.so.3.5.0)
==47==    by 0x9432DC6: OPENSSL_init_crypto (in /usr/lib64/libcrypto.so.3.5.0)
==47==    by 0x940E759: ??? (in /usr/lib64/libcrypto.so.3.5.0)
==47==    by 0x51AF5F0: ncrypto::Cipher::FromNid(int) (ncrypto.cc:3173)
==47== 
==47== 24 bytes in 1 blocks are still reachable in loss record 340 of 361
==47==    at 0x4844784: malloc (in /usr/libexec/valgrind/vgpreload_memcheck-amd64-linux.so)
==47==    by 0x9433890: CRYPTO_malloc (in /usr/lib64/libcrypto.so.3.5.0)
==47==    by 0x9509458: OBJ_NAME_add (in /usr/lib64/libcrypto.so.3.5.0)
==47==    by 0x93E01FD: ??? (in /usr/lib64/libcrypto.so.3.5.0)
==47==    by 0x9432788: ??? (in /usr/lib64/libcrypto.so.3.5.0)
==47==    by 0x8E341AE: __pthread_once_slow (in /usr/lib64/libc.so.6)
==47==    by 0x9447E78: CRYPTO_THREAD_run_once (in /usr/lib64/libcrypto.so.3.5.0)
==47==    by 0x9432DC6: OPENSSL_init_crypto (in /usr/lib64/libcrypto.so.3.5.0)
==47==    by 0x940E759: ??? (in /usr/lib64/libcrypto.so.3.5.0)
==47==    by 0x51AF5F0: ncrypto::Cipher::FromNid(int) (ncrypto.cc:3173)
==47==    by 0x4CCAF6D: __static_initialization_and_destruction_0 (ncrypto.cc:3181)
==47==    by 0x4CCAF6D: _GLOBAL__sub_I_ncrypto.cc (ncrypto.cc:5046)
==47==    by 0x400459D: call_init (in /usr/lib64/ld-linux-x86-64.so.2)
==47== 
==47== 24 bytes in 1 blocks are still reachable in loss record 341 of 361
==47==    at 0x4844784: malloc (in /usr/libexec/valgrind/vgpreload_memcheck-amd64-linux.so)
==47==    by 0x9433890: CRYPTO_malloc (in /usr/lib64/libcrypto.so.3.5.0)
==47==    by 0x942C995: OPENSSL_LH_insert (in /usr/lib64/libcrypto.so.3.5.0)
==47==    by 0x95094A0: OBJ_NAME_add (in /usr/lib64/libcrypto.so.3.5.0)
==47==    by 0x940E63F: EVP_add_cipher (in /usr/lib64/libcrypto.so.3.5.0)
==47==    by 0x93E020A: ??? (in /usr/lib64/libcrypto.so.3.5.0)
==47==    by 0x9432788: ??? (in /usr/lib64/libcrypto.so.3.5.0)
==47==    by 0x8E341AE: __pthread_once_slow (in /usr/lib64/libc.so.6)
==47==    by 0x9447E78: CRYPTO_THREAD_run_once (in /usr/lib64/libcrypto.so.3.5.0)
==47==    by 0x9432DC6: OPENSSL_init_crypto (in /usr/lib64/libcrypto.so.3.5.0)
==47==    by 0x940E759: ??? (in /usr/lib64/libcrypto.so.3.5.0)
==47==    by 0x51AF5F0: ncrypto::Cipher::FromNid(int) (ncrypto.cc:3173)
==47== 
==47== 24 bytes in 1 blocks are still reachable in loss record 342 of 361
==47==    at 0x4844784: malloc (in /usr/libexec/valgrind/vgpreload_memcheck-amd64-linux.so)
==47==    by 0x9433890: CRYPTO_malloc (in /usr/lib64/libcrypto.so.3.5.0)
==47==    by 0x9509458: OBJ_NAME_add (in /usr/lib64/libcrypto.so.3.5.0)
==47==    by 0x93E020A: ??? (in /usr/lib64/libcrypto.so.3.5.0)
==47==    by 0x9432788: ??? (in /usr/lib64/libcrypto.so.3.5.0)
==47==    by 0x8E341AE: __pthread_once_slow (in /usr/lib64/libc.so.6)
==47==    by 0x9447E78: CRYPTO_THREAD_run_once (in /usr/lib64/libcrypto.so.3.5.0)
==47==    by 0x9432DC6: OPENSSL_init_crypto (in /usr/lib64/libcrypto.so.3.5.0)
==47==    by 0x940E759: ??? (in /usr/lib64/libcrypto.so.3.5.0)
==47==    by 0x51AF5F0: ncrypto::Cipher::FromNid(int) (ncrypto.cc:3173)
==47==    by 0x4CCAF6D: __static_initialization_and_destruction_0 (ncrypto.cc:3181)
==47==    by 0x4CCAF6D: _GLOBAL__sub_I_ncrypto.cc (ncrypto.cc:5046)
==47==    by 0x400459D: call_init (in /usr/lib64/ld-linux-x86-64.so.2)
==47== 
==47== 24 bytes in 1 blocks are still reachable in loss record 343 of 361
==47==    at 0x4844784: malloc (in /usr/libexec/valgrind/vgpreload_memcheck-amd64-linux.so)
==47==    by 0x9433890: CRYPTO_malloc (in /usr/lib64/libcrypto.so.3.5.0)
==47==    by 0x942C995: OPENSSL_LH_insert (in /usr/lib64/libcrypto.so.3.5.0)
==47==    by 0x95094A0: OBJ_NAME_add (in /usr/lib64/libcrypto.so.3.5.0)
==47==    by 0x940E63F: EVP_add_cipher (in /usr/lib64/libcrypto.so.3.5.0)
==47==    by 0x93E0217: ??? (in /usr/lib64/libcrypto.so.3.5.0)
==47==    by 0x9432788: ??? (in /usr/lib64/libcrypto.so.3.5.0)
==47==    by 0x8E341AE: __pthread_once_slow (in /usr/lib64/libc.so.6)
==47==    by 0x9447E78: CRYPTO_THREAD_run_once (in /usr/lib64/libcrypto.so.3.5.0)
==47==    by 0x9432DC6: OPENSSL_init_crypto (in /usr/lib64/libcrypto.so.3.5.0)
==47==    by 0x940E759: ??? (in /usr/lib64/libcrypto.so.3.5.0)
==47==    by 0x51AF5F0: ncrypto::Cipher::FromNid(int) (ncrypto.cc:3173)
==47== 
==47== 24 bytes in 1 blocks are still reachable in loss record 344 of 361
==47==    at 0x4844784: malloc (in /usr/libexec/valgrind/vgpreload_memcheck-amd64-linux.so)
==47==    by 0x9433890: CRYPTO_malloc (in /usr/lib64/libcrypto.so.3.5.0)
==47==    by 0x9509458: OBJ_NAME_add (in /usr/lib64/libcrypto.so.3.5.0)
==47==    by 0x93E0217: ??? (in /usr/lib64/libcrypto.so.3.5.0)
==47==    by 0x9432788: ??? (in /usr/lib64/libcrypto.so.3.5.0)
==47==    by 0x8E341AE: __pthread_once_slow (in /usr/lib64/libc.so.6)
==47==    by 0x9447E78: CRYPTO_THREAD_run_once (in /usr/lib64/libcrypto.so.3.5.0)
==47==    by 0x9432DC6: OPENSSL_init_crypto (in /usr/lib64/libcrypto.so.3.5.0)
==47==    by 0x940E759: ??? (in /usr/lib64/libcrypto.so.3.5.0)
==47==    by 0x51AF5F0: ncrypto::Cipher::FromNid(int) (ncrypto.cc:3173)
==47==    by 0x4CCAF6D: __static_initialization_and_destruction_0 (ncrypto.cc:3181)
==47==    by 0x4CCAF6D: _GLOBAL__sub_I_ncrypto.cc (ncrypto.cc:5046)
==47==    by 0x400459D: call_init (in /usr/lib64/ld-linux-x86-64.so.2)
==47== 
==47== 24 bytes in 1 blocks are still reachable in loss record 345 of 361
==47==    at 0x4844784: malloc (in /usr/libexec/valgrind/vgpreload_memcheck-amd64-linux.so)
==47==    by 0x9433890: CRYPTO_malloc (in /usr/lib64/libcrypto.so.3.5.0)
==47==    by 0x942C995: OPENSSL_LH_insert (in /usr/lib64/libcrypto.so.3.5.0)
==47==    by 0x95094A0: OBJ_NAME_add (in /usr/lib64/libcrypto.so.3.5.0)
==47==    by 0x93E022B: ??? (in /usr/lib64/libcrypto.so.3.5.0)
==47==    by 0x9432788: ??? (in /usr/lib64/libcrypto.so.3.5.0)
==47==    by 0x8E341AE: __pthread_once_slow (in /usr/lib64/libc.so.6)
==47==    by 0x9447E78: CRYPTO_THREAD_run_once (in /usr/lib64/libcrypto.so.3.5.0)
==47==    by 0x9432DC6: OPENSSL_init_crypto (in /usr/lib64/libcrypto.so.3.5.0)
==47==    by 0x940E759: ??? (in /usr/lib64/libcrypto.so.3.5.0)
==47==    by 0x51AF5F0: ncrypto::Cipher::FromNid(int) (ncrypto.cc:3173)
==47==    by 0x4CCAF6D: __static_initialization_and_destruction_0 (ncrypto.cc:3181)
==47==    by 0x4CCAF6D: _GLOBAL__sub_I_ncrypto.cc (ncrypto.cc:5046)
==47== 
==47== 24 bytes in 1 blocks are still reachable in loss record 346 of 361
==47==    at 0x4844784: malloc (in /usr/libexec/valgrind/vgpreload_memcheck-amd64-linux.so)
==47==    by 0x9433890: CRYPTO_malloc (in /usr/lib64/libcrypto.so.3.5.0)
==47==    by 0x9509458: OBJ_NAME_add (in /usr/lib64/libcrypto.so.3.5.0)
==47==    by 0x93E023F: ??? (in /usr/lib64/libcrypto.so.3.5.0)
==47==    by 0x9432788: ??? (in /usr/lib64/libcrypto.so.3.5.0)
==47==    by 0x8E341AE: __pthread_once_slow (in /usr/lib64/libc.so.6)
==47==    by 0x9447E78: CRYPTO_THREAD_run_once (in /usr/lib64/libcrypto.so.3.5.0)
==47==    by 0x9432DC6: OPENSSL_init_crypto (in /usr/lib64/libcrypto.so.3.5.0)
==47==    by 0x940E759: ??? (in /usr/lib64/libcrypto.so.3.5.0)
==47==    by 0x51AF5F0: ncrypto::Cipher::FromNid(int) (ncrypto.cc:3173)
==47==    by 0x4CCAF6D: __static_initialization_and_destruction_0 (ncrypto.cc:3181)
==47==    by 0x4CCAF6D: _GLOBAL__sub_I_ncrypto.cc (ncrypto.cc:5046)
==47==    by 0x400459D: call_init (in /usr/lib64/ld-linux-x86-64.so.2)
==47== 
==47== 24 bytes in 1 blocks are still reachable in loss record 347 of 361
==47==    at 0x4844784: malloc (in /usr/libexec/valgrind/vgpreload_memcheck-amd64-linux.so)
==47==    by 0x9433890: CRYPTO_malloc (in /usr/lib64/libcrypto.so.3.5.0)
==47==    by 0x942C995: OPENSSL_LH_insert (in /usr/lib64/libcrypto.so.3.5.0)
==47==    by 0x95094A0: OBJ_NAME_add (in /usr/lib64/libcrypto.so.3.5.0)
==47==    by 0x940E63F: EVP_add_cipher (in /usr/lib64/libcrypto.so.3.5.0)
==47==    by 0x93E024C: ??? (in /usr/lib64/libcrypto.so.3.5.0)
==47==    by 0x9432788: ??? (in /usr/lib64/libcrypto.so.3.5.0)
==47==    by 0x8E341AE: __pthread_once_slow (in /usr/lib64/libc.so.6)
==47==    by 0x9447E78: CRYPTO_THREAD_run_once (in /usr/lib64/libcrypto.so.3.5.0)
==47==    by 0x9432DC6: OPENSSL_init_crypto (in /usr/lib64/libcrypto.so.3.5.0)
==47==    by 0x940E759: ??? (in /usr/lib64/libcrypto.so.3.5.0)
==47==    by 0x51AF5F0: ncrypto::Cipher::FromNid(int) (ncrypto.cc:3173)
==47== 
==47== 24 bytes in 1 blocks are still reachable in loss record 348 of 361
==47==    at 0x4844784: malloc (in /usr/libexec/valgrind/vgpreload_memcheck-amd64-linux.so)
==47==    by 0x9433890: CRYPTO_malloc (in /usr/lib64/libcrypto.so.3.5.0)
==47==    by 0x9509458: OBJ_NAME_add (in /usr/lib64/libcrypto.so.3.5.0)
==47==    by 0x93E024C: ??? (in /usr/lib64/libcrypto.so.3.5.0)
==47==    by 0x9432788: ??? (in /usr/lib64/libcrypto.so.3.5.0)
==47==    by 0x8E341AE: __pthread_once_slow (in /usr/lib64/libc.so.6)
==47==    by 0x9447E78: CRYPTO_THREAD_run_once (in /usr/lib64/libcrypto.so.3.5.0)
==47==    by 0x9432DC6: OPENSSL_init_crypto (in /usr/lib64/libcrypto.so.3.5.0)
==47==    by 0x940E759: ??? (in /usr/lib64/libcrypto.so.3.5.0)
==47==    by 0x51AF5F0: ncrypto::Cipher::FromNid(int) (ncrypto.cc:3173)
==47==    by 0x4CCAF6D: __static_initialization_and_destruction_0 (ncrypto.cc:3181)
==47==    by 0x4CCAF6D: _GLOBAL__sub_I_ncrypto.cc (ncrypto.cc:5046)
==47==    by 0x400459D: call_init (in /usr/lib64/ld-linux-x86-64.so.2)
==47== 
==47== 24 bytes in 1 blocks are still reachable in loss record 349 of 361
==47==    at 0x4844784: malloc (in /usr/libexec/valgrind/vgpreload_memcheck-amd64-linux.so)
==47==    by 0x9433890: CRYPTO_malloc (in /usr/lib64/libcrypto.so.3.5.0)
==47==    by 0x942C995: OPENSSL_LH_insert (in /usr/lib64/libcrypto.so.3.5.0)
==47==    by 0x95094A0: OBJ_NAME_add (in /usr/lib64/libcrypto.so.3.5.0)
==47==    by 0x940E63F: EVP_add_cipher (in /usr/lib64/libcrypto.so.3.5.0)
==47==    by 0x93E0259: ??? (in /usr/lib64/libcrypto.so.3.5.0)
==47==    by 0x9432788: ??? (in /usr/lib64/libcrypto.so.3.5.0)
==47==    by 0x8E341AE: __pthread_once_slow (in /usr/lib64/libc.so.6)
==47==    by 0x9447E78: CRYPTO_THREAD_run_once (in /usr/lib64/libcrypto.so.3.5.0)
==47==    by 0x9432DC6: OPENSSL_init_crypto (in /usr/lib64/libcrypto.so.3.5.0)
==47==    by 0x940E759: ??? (in /usr/lib64/libcrypto.so.3.5.0)
==47==    by 0x51AF5F0: ncrypto::Cipher::FromNid(int) (ncrypto.cc:3173)
==47== 
==47== 24 bytes in 1 blocks are still reachable in loss record 350 of 361
==47==    at 0x4844784: malloc (in /usr/libexec/valgrind/vgpreload_memcheck-amd64-linux.so)
==47==    by 0x9433890: CRYPTO_malloc (in /usr/lib64/libcrypto.so.3.5.0)
==47==    by 0x9509458: OBJ_NAME_add (in /usr/lib64/libcrypto.so.3.5.0)
==47==    by 0x93E0259: ??? (in /usr/lib64/libcrypto.so.3.5.0)
==47==    by 0x9432788: ??? (in /usr/lib64/libcrypto.so.3.5.0)
==47==    by 0x8E341AE: __pthread_once_slow (in /usr/lib64/libc.so.6)
==47==    by 0x9447E78: CRYPTO_THREAD_run_once (in /usr/lib64/libcrypto.so.3.5.0)
==47==    by 0x9432DC6: OPENSSL_init_crypto (in /usr/lib64/libcrypto.so.3.5.0)
==47==    by 0x940E759: ??? (in /usr/lib64/libcrypto.so.3.5.0)
==47==    by 0x51AF5F0: ncrypto::Cipher::FromNid(int) (ncrypto.cc:3173)
==47==    by 0x4CCAF6D: __static_initialization_and_destruction_0 (ncrypto.cc:3181)
==47==    by 0x4CCAF6D: _GLOBAL__sub_I_ncrypto.cc (ncrypto.cc:5046)
==47==    by 0x400459D: call_init (in /usr/lib64/ld-linux-x86-64.so.2)
==47== 
==47== 24 bytes in 1 blocks are still reachable in loss record 351 of 361
==47==    at 0x4844784: malloc (in /usr/libexec/valgrind/vgpreload_memcheck-amd64-linux.so)
==47==    by 0x9433890: CRYPTO_malloc (in /usr/lib64/libcrypto.so.3.5.0)
==47==    by 0x942C995: OPENSSL_LH_insert (in /usr/lib64/libcrypto.so.3.5.0)
==47==    by 0x95094A0: OBJ_NAME_add (in /usr/lib64/libcrypto.so.3.5.0)
==47==    by 0x940E63F: EVP_add_cipher (in /usr/lib64/libcrypto.so.3.5.0)
==47==    by 0x93E0266: ??? (in /usr/lib64/libcrypto.so.3.5.0)
==47==    by 0x9432788: ??? (in /usr/lib64/libcrypto.so.3.5.0)
==47==    by 0x8E341AE: __pthread_once_slow (in /usr/lib64/libc.so.6)
==47==    by 0x9447E78: CRYPTO_THREAD_run_once (in /usr/lib64/libcrypto.so.3.5.0)
==47==    by 0x9432DC6: OPENSSL_init_crypto (in /usr/lib64/libcrypto.so.3.5.0)
==47==    by 0x940E759: ??? (in /usr/lib64/libcrypto.so.3.5.0)
==47==    by 0x51AF5F0: ncrypto::Cipher::FromNid(int) (ncrypto.cc:3173)
==47== 
==47== 24 bytes in 1 blocks are still reachable in loss record 352 of 361
==47==    at 0x4844784: malloc (in /usr/libexec/valgrind/vgpreload_memcheck-amd64-linux.so)
==47==    by 0x9433890: CRYPTO_malloc (in /usr/lib64/libcrypto.so.3.5.0)
==47==    by 0x9509458: OBJ_NAME_add (in /usr/lib64/libcrypto.so.3.5.0)
==47==    by 0x93E0266: ??? (in /usr/lib64/libcrypto.so.3.5.0)
==47==    by 0x9432788: ??? (in /usr/lib64/libcrypto.so.3.5.0)
==47==    by 0x8E341AE: __pthread_once_slow (in /usr/lib64/libc.so.6)
==47==    by 0x9447E78: CRYPTO_THREAD_run_once (in /usr/lib64/libcrypto.so.3.5.0)
==47==    by 0x9432DC6: OPENSSL_init_crypto (in /usr/lib64/libcrypto.so.3.5.0)
==47==    by 0x940E759: ??? (in /usr/lib64/libcrypto.so.3.5.0)
==47==    by 0x51AF5F0: ncrypto::Cipher::FromNid(int) (ncrypto.cc:3173)
==47==    by 0x4CCAF6D: __static_initialization_and_destruction_0 (ncrypto.cc:3181)
==47==    by 0x4CCAF6D: _GLOBAL__sub_I_ncrypto.cc (ncrypto.cc:5046)
==47==    by 0x400459D: call_init (in /usr/lib64/ld-linux-x86-64.so.2)
==47== 
==47== 24 bytes in 1 blocks are still reachable in loss record 353 of 361
==47==    at 0x4844784: malloc (in /usr/libexec/valgrind/vgpreload_memcheck-amd64-linux.so)
==47==    by 0x9433890: CRYPTO_malloc (in /usr/lib64/libcrypto.so.3.5.0)
==47==    by 0x942C995: OPENSSL_LH_insert (in /usr/lib64/libcrypto.so.3.5.0)
==47==    by 0x95094A0: OBJ_NAME_add (in /usr/lib64/libcrypto.so.3.5.0)
==47==    by 0x940E63F: EVP_add_cipher (in /usr/lib64/libcrypto.so.3.5.0)
==47==    by 0x93E0273: ??? (in /usr/lib64/libcrypto.so.3.5.0)
==47==    by 0x9432788: ??? (in /usr/lib64/libcrypto.so.3.5.0)
==47==    by 0x8E341AE: __pthread_once_slow (in /usr/lib64/libc.so.6)
==47==    by 0x9447E78: CRYPTO_THREAD_run_once (in /usr/lib64/libcrypto.so.3.5.0)
==47==    by 0x9432DC6: OPENSSL_init_crypto (in /usr/lib64/libcrypto.so.3.5.0)
==47==    by 0x940E759: ??? (in /usr/lib64/libcrypto.so.3.5.0)
==47==    by 0x51AF5F0: ncrypto::Cipher::FromNid(int) (ncrypto.cc:3173)
==47== 
==47== 24 bytes in 1 blocks are still reachable in loss record 354 of 361
==47==    at 0x4844784: malloc (in /usr/libexec/valgrind/vgpreload_memcheck-amd64-linux.so)
==47==    by 0x9433890: CRYPTO_malloc (in /usr/lib64/libcrypto.so.3.5.0)
==47==    by 0x9509458: OBJ_NAME_add (in /usr/lib64/libcrypto.so.3.5.0)
==47==    by 0x93E0273: ??? (in /usr/lib64/libcrypto.so.3.5.0)
==47==    by 0x9432788: ??? (in /usr/lib64/libcrypto.so.3.5.0)
==47==    by 0x8E341AE: __pthread_once_slow (in /usr/lib64/libc.so.6)
==47==    by 0x9447E78: CRYPTO_THREAD_run_once (in /usr/lib64/libcrypto.so.3.5.0)
==47==    by 0x9432DC6: OPENSSL_init_crypto (in /usr/lib64/libcrypto.so.3.5.0)
==47==    by 0x940E759: ??? (in /usr/lib64/libcrypto.so.3.5.0)
==47==    by 0x51AF5F0: ncrypto::Cipher::FromNid(int) (ncrypto.cc:3173)
==47==    by 0x4CCAF6D: __static_initialization_and_destruction_0 (ncrypto.cc:3181)
==47==    by 0x4CCAF6D: _GLOBAL__sub_I_ncrypto.cc (ncrypto.cc:5046)
==47==    by 0x400459D: call_init (in /usr/lib64/ld-linux-x86-64.so.2)
==47== 
==47== 24 bytes in 1 blocks are still reachable in loss record 355 of 361
==47==    at 0x4844784: malloc (in /usr/libexec/valgrind/vgpreload_memcheck-amd64-linux.so)
==47==    by 0x9433890: CRYPTO_malloc (in /usr/lib64/libcrypto.so.3.5.0)
==47==    by 0x942C995: OPENSSL_LH_insert (in /usr/lib64/libcrypto.so.3.5.0)
==47==    by 0x95094A0: OBJ_NAME_add (in /usr/lib64/libcrypto.so.3.5.0)
==47==    by 0x940E63F: EVP_add_cipher (in /usr/lib64/libcrypto.so.3.5.0)
==47==    by 0x9432788: ??? (in /usr/lib64/libcrypto.so.3.5.0)
==47==    by 0x8E341AE: __pthread_once_slow (in /usr/lib64/libc.so.6)
==47==    by 0x9447E78: CRYPTO_THREAD_run_once (in /usr/lib64/libcrypto.so.3.5.0)
==47==    by 0x9432DC6: OPENSSL_init_crypto (in /usr/lib64/libcrypto.so.3.5.0)
==47==    by 0x940E759: ??? (in /usr/lib64/libcrypto.so.3.5.0)
==47==    by 0x51AF5F0: ncrypto::Cipher::FromNid(int) (ncrypto.cc:3173)
==47==    by 0x4CCAF6D: __static_initialization_and_destruction_0 (ncrypto.cc:3181)
==47==    by 0x4CCAF6D: _GLOBAL__sub_I_ncrypto.cc (ncrypto.cc:5046)
==47== 
==47== 24 bytes in 1 blocks are still reachable in loss record 356 of 361
==47==    at 0x4844784: malloc (in /usr/libexec/valgrind/vgpreload_memcheck-amd64-linux.so)
==47==    by 0x9433890: CRYPTO_malloc (in /usr/lib64/libcrypto.so.3.5.0)
==47==    by 0x9509458: OBJ_NAME_add (in /usr/lib64/libcrypto.so.3.5.0)
==47==    by 0x9432788: ??? (in /usr/lib64/libcrypto.so.3.5.0)
==47==    by 0x8E341AE: __pthread_once_slow (in /usr/lib64/libc.so.6)
==47==    by 0x9447E78: CRYPTO_THREAD_run_once (in /usr/lib64/libcrypto.so.3.5.0)
==47==    by 0x9432DC6: OPENSSL_init_crypto (in /usr/lib64/libcrypto.so.3.5.0)
==47==    by 0x940E759: ??? (in /usr/lib64/libcrypto.so.3.5.0)
==47==    by 0x51AF5F0: ncrypto::Cipher::FromNid(int) (ncrypto.cc:3173)
==47==    by 0x4CCAF6D: __static_initialization_and_destruction_0 (ncrypto.cc:3181)
==47==    by 0x4CCAF6D: _GLOBAL__sub_I_ncrypto.cc (ncrypto.cc:5046)
==47==    by 0x400459D: call_init (in /usr/lib64/ld-linux-x86-64.so.2)
==47==    by 0x400469B: _dl_init (in /usr/lib64/ld-linux-x86-64.so.2)
==47== 
==47== 56 bytes in 1 blocks are still reachable in loss record 357 of 361
==47==    at 0x4844784: malloc (in /usr/libexec/valgrind/vgpreload_memcheck-amd64-linux.so)
==47==    by 0x9433890: CRYPTO_malloc (in /usr/lib64/libcrypto.so.3.5.0)
==47==    by 0x94339E8: CRYPTO_zalloc (in /usr/lib64/libcrypto.so.3.5.0)
==47==    by 0x9447D4C: CRYPTO_THREAD_lock_new (in /usr/lib64/libcrypto.so.3.5.0)
==47==    by 0x9432858: ??? (in /usr/lib64/libcrypto.so.3.5.0)
==47==    by 0x8E341AE: __pthread_once_slow (in /usr/lib64/libc.so.6)
==47==    by 0x9447E78: CRYPTO_THREAD_run_once (in /usr/lib64/libcrypto.so.3.5.0)
==47==    by 0x9432AE7: OPENSSL_init_crypto (in /usr/lib64/libcrypto.so.3.5.0)
==47==    by 0x940E759: ??? (in /usr/lib64/libcrypto.so.3.5.0)
==47==    by 0x51AF5F0: ncrypto::Cipher::FromNid(int) (ncrypto.cc:3173)
==47==    by 0x4CCAF6D: __static_initialization_and_destruction_0 (ncrypto.cc:3181)
==47==    by 0x4CCAF6D: _GLOBAL__sub_I_ncrypto.cc (ncrypto.cc:5046)
==47==    by 0x400459D: call_init (in /usr/lib64/ld-linux-x86-64.so.2)
==47== 
==47== 56 bytes in 1 blocks are still reachable in loss record 358 of 361
==47==    at 0x4844784: malloc (in /usr/libexec/valgrind/vgpreload_memcheck-amd64-linux.so)
==47==    by 0x9433890: CRYPTO_malloc (in /usr/lib64/libcrypto.so.3.5.0)
==47==    by 0x94339E8: CRYPTO_zalloc (in /usr/lib64/libcrypto.so.3.5.0)
==47==    by 0x9447D4C: CRYPTO_THREAD_lock_new (in /usr/lib64/libcrypto.so.3.5.0)
==47==    by 0x943286C: ??? (in /usr/lib64/libcrypto.so.3.5.0)
==47==    by 0x8E341AE: __pthread_once_slow (in /usr/lib64/libc.so.6)
==47==    by 0x9447E78: CRYPTO_THREAD_run_once (in /usr/lib64/libcrypto.so.3.5.0)
==47==    by 0x9432AE7: OPENSSL_init_crypto (in /usr/lib64/libcrypto.so.3.5.0)
==47==    by 0x940E759: ??? (in /usr/lib64/libcrypto.so.3.5.0)
==47==    by 0x51AF5F0: ncrypto::Cipher::FromNid(int) (ncrypto.cc:3173)
==47==    by 0x4CCAF6D: __static_initialization_and_destruction_0 (ncrypto.cc:3181)
==47==    by 0x4CCAF6D: _GLOBAL__sub_I_ncrypto.cc (ncrypto.cc:5046)
==47==    by 0x400459D: call_init (in /usr/lib64/ld-linux-x86-64.so.2)
==47== 
==47== 56 bytes in 1 blocks are still reachable in loss record 359 of 361
==47==    at 0x4844784: malloc (in /usr/libexec/valgrind/vgpreload_memcheck-amd64-linux.so)
==47==    by 0x9433890: CRYPTO_malloc (in /usr/lib64/libcrypto.so.3.5.0)
==47==    by 0x94339E8: CRYPTO_zalloc (in /usr/lib64/libcrypto.so.3.5.0)
==47==    by 0x9447D4C: CRYPTO_THREAD_lock_new (in /usr/lib64/libcrypto.so.3.5.0)
==47==    by 0x9509053: ??? (in /usr/lib64/libcrypto.so.3.5.0)
==47==    by 0x8E341AE: __pthread_once_slow (in /usr/lib64/libc.so.6)
==47==    by 0x9447E78: CRYPTO_THREAD_run_once (in /usr/lib64/libcrypto.so.3.5.0)
==47==    by 0x9509156: OBJ_NAME_init (in /usr/lib64/libcrypto.so.3.5.0)
==47==    by 0x9509424: OBJ_NAME_add (in /usr/lib64/libcrypto.so.3.5.0)
==47==    by 0x940E63F: EVP_add_cipher (in /usr/lib64/libcrypto.so.3.5.0)
==47==    by 0x93DF6A4: ??? (in /usr/lib64/libcrypto.so.3.5.0)
==47==    by 0x9432788: ??? (in /usr/lib64/libcrypto.so.3.5.0)
==47== 
==47== 104 bytes in 1 blocks are still reachable in loss record 360 of 361
==47==    at 0x4844784: malloc (in /usr/libexec/valgrind/vgpreload_memcheck-amd64-linux.so)
==47==    by 0x9433890: CRYPTO_malloc (in /usr/lib64/libcrypto.so.3.5.0)
==47==    by 0x94339E8: CRYPTO_zalloc (in /usr/lib64/libcrypto.so.3.5.0)
==47==    by 0x942C658: OPENSSL_LH_new (in /usr/lib64/libcrypto.so.3.5.0)
==47==    by 0x9509072: ??? (in /usr/lib64/libcrypto.so.3.5.0)
==47==    by 0x8E341AE: __pthread_once_slow (in /usr/lib64/libc.so.6)
==47==    by 0x9447E78: CRYPTO_THREAD_run_once (in /usr/lib64/libcrypto.so.3.5.0)
==47==    by 0x9509156: OBJ_NAME_init (in /usr/lib64/libcrypto.so.3.5.0)
==47==    by 0x9509424: OBJ_NAME_add (in /usr/lib64/libcrypto.so.3.5.0)
==47==    by 0x940E63F: EVP_add_cipher (in /usr/lib64/libcrypto.so.3.5.0)
==47==    by 0x93DF6A4: ??? (in /usr/lib64/libcrypto.so.3.5.0)
==47==    by 0x9432788: ??? (in /usr/lib64/libcrypto.so.3.5.0)
==47== 
==47== 1,024 bytes in 1 blocks are still reachable in loss record 361 of 361
==47==    at 0x484BE9C: realloc (in /usr/libexec/valgrind/vgpreload_memcheck-amd64-linux.so)
==47==    by 0x942C946: OPENSSL_LH_insert (in /usr/lib64/libcrypto.so.3.5.0)
==47==    by 0x95094A0: OBJ_NAME_add (in /usr/lib64/libcrypto.so.3.5.0)
==47==    by 0x93DFF17: ??? (in /usr/lib64/libcrypto.so.3.5.0)
==47==    by 0x9432788: ??? (in /usr/lib64/libcrypto.so.3.5.0)
==47==    by 0x8E341AE: __pthread_once_slow (in /usr/lib64/libc.so.6)
==47==    by 0x9447E78: CRYPTO_THREAD_run_once (in /usr/lib64/libcrypto.so.3.5.0)
==47==    by 0x9432DC6: OPENSSL_init_crypto (in /usr/lib64/libcrypto.so.3.5.0)
==47==    by 0x940E759: ??? (in /usr/lib64/libcrypto.so.3.5.0)
==47==    by 0x51AF5F0: ncrypto::Cipher::FromNid(int) (ncrypto.cc:3173)
==47==    by 0x4CCAF6D: __static_initialization_and_destruction_0 (ncrypto.cc:3181)
==47==    by 0x4CCAF6D: _GLOBAL__sub_I_ncrypto.cc (ncrypto.cc:5046)
==47==    by 0x400459D: call_init (in /usr/lib64/ld-linux-x86-64.so.2)
==47== 
==47== LEAK SUMMARY:
==47==    definitely lost: 0 bytes in 0 blocks
==47==    indirectly lost: 0 bytes in 0 blocks
==47==      possibly lost: 0 bytes in 0 blocks
==47==    still reachable: 9,840 bytes in 361 blocks
==47==         suppressed: 0 bytes in 0 blocks
==47== 
==47== For lists of detected and suppressed errors, rerun with: -s
==47== ERROR SUMMARY: 361 errors from 361 contexts (suppressed: 0 from 0)
